vehicle_id,frame_number,timestamp,vehicle_type,x_position,y_position,speed,direction
1,0,0.0,Car,399.0,139.75,19.5123,0.0
1,2,0.08,Car,419.83,213.83,23.6316,273.36
1,59,2.36,Car,445.5,304.5,36.3421,292.73
1,61,2.44,Car,435.83,369.5,30.0982,196.29
1,1304,52.16,Car,403.5,383.67,27.5885,172.66
1,1376,55.04,Car,359.5,378.0,22.3169,280.68
2,0,0.0,Person,394.25,204.25,2.0877,0.0
2,12,0.48,Person,383.0,190.83,1.7815,141.24
2,65,2.6,Person,377.33,177.5,3.2395,100.15
2,77,3.08,Person,388.83,155.5,5.1258,16.7
2,89,3.56,Person,416.5,120.5,5.3666,62.53
2,129,5.16,Person,436.33,82.67,4.3931,67.11
2,137,5.48,Person,448.67,69.0,2.6819,297.34
2,149,5.96,Person,459.33,108.83,3.3135,280.2
2,170,6.8,Person,473.33,153.5,3.9015,288.43
2,181,7.24,Person,489.0,185.5,3.5459,332.59
2,185,7.4,Person,492.83,187.17,3.517,77.77
2,191,7.64,Person,491.67,192.0,2.9681,212.56
2,215,8.6,Person,490.67,182.5,3.5686,15.24
2,230,9.2,Person,492.17,182.17,4.4741,81.06
2,243,9.72,Person,499.33,174.33,6.5876,280.14
2,247,9.88,Person,498.67,195.0,6.0902,299.84
2,265,10.6,Person,496.17,222.17,4.9541,251.0
2,287,11.48,Person,502.5,233.67,4.8704,301.28
2,302,12.08,Person,509.5,221.83,5.4537,58.84
2,329,13.16,Person,531.67,207.0,6.0162,74.3
2,348,13.92,Person,538.33,219.67,4.0158,303.36
2,380,15.2,Person,545.17,231.0,3.9141,245.13
2,392,15.68,Person,543.17,234.83,3.3661,106.51
2,420,16.8,Person,538.5,211.0,3.311,72.65
2,476,19.04,Person,536.0,194.83,2.8537,103.22
2,482,19.28,Person,534.5,189.33,4.4287,265.48
2,492,19.68,Person,544.0,228.83,5.2211,284.88
2,501,20.04,Person,552.33,276.0,6.6376,281.34
2,504,20.16,Person,554.33,303.33,4.438,191.29
2,529,21.16,Person,541.83,309.17,4.0348,166.37
2,556,22.24,Person,506.5,284.83,1.6285,163.54
2,683,27.32,Person,469.83,251.67,1.9067,129.84
2,720,28.8,Person,448.0,189.83,1.4123,89.42
2,757,30.28,Person,446.5,152.67,2.2352,76.67
2,766,30.64,Person,445.17,122.17,2.0387,143.53
2,814,32.56,Person,441.33,107.67,3.8314,94.81
2,820,32.8,Person,439.83,97.17,4.9575,46.77
2,823,32.92,Person,445.5,95.33,6.7194,236.71
2,870,34.8,Person,445.17,112.67,5.2464,291.81
2,875,35.0,Person,447.0,126.83,3.9585,265.74
2,878,35.12,Person,447.67,148.17,2.1088,266.94
2,917,36.68,Person,443.67,159.33,2.1659,269.09
2,931,37.24,Person,436.33,165.5,2.6253,185.84
2,940,37.6,Person,413.5,185.17,5.0328,203.26
2,956,38.24,Person,399.83,211.17,5.6053,247.74
2,970,38.8,Person,397.5,236.33,5.7889,318.37
2,980,39.2,Person,404.33,242.17,3.8171,50.53
2,990,39.6,Person,406.17,226.33,5.2917,145.06
2,997,39.88,Person,393.33,227.83,6.4321,127.35
2,1005,40.2,Person,369.5,208.83,6.6934,185.22
2,1039,41.56,Person,342.67,196.83,4.0605,130.1
2,1094,43.76,Person,317.67,183.33,3.314,179.3
2,1103,44.12,Person,317.67,183.17,4.5746,259.97
2,1111,44.44,Person,319.0,194.5,4.7133,6.52
2,1236,49.44,Person,330.67,192.83,2.9718,265.17
2,1269,50.76,Person,337.17,182.0,1.2324,59.09
2,1310,52.4,Person,340.17,182.33,1.9422,68.19
2,1316,52.64,Person,335.0,172.67,2.5507,234.18
2,1323,52.92,Person,321.33,184.33,2.269,119.45
2,1368,54.72,Person,315.5,166.5,2.1291,216.03
2,1390,55.6,Person,320.0,165.17,2.8641,63.81
2,1397,55.88,Person,335.17,136.67,2.8574,37.01
2,1413,56.52,Person,345.0,129.25,2.9476,70.25
3,0,0.0,Person,497.5,287.25,3.6514,0.0
3,13,0.52,Person,503.17,272.67,4.879,198.05
3,32,1.28,Person,496.67,261.33,6.6877,67.0
3,38,1.52,Person,505.83,251.5,7.3575,222.7
3,46,1.84,Person,511.0,288.33,6.688,283.46
3,57,2.28,Person,502.83,285.67,5.4769,255.95
3,89,3.56,Person,493.17,272.5,2.82,114.32
3,104,4.16,Person,485.83,218.5,2.3299,31.31
3,132,5.28,Person,488.5,197.0,4.2912,72.85
3,141,5.64,Person,494.33,170.67,5.4645,122.66
3,156,6.24,Person,492.33,156.33,5.0877,25.52
3,164,6.56,Person,500.83,150.83,3.4412,46.3
3,168,6.72,Person,501.5,144.5,2.8587,96.34
3,175,7.0,Person,501.17,134.5,4.3701,119.04
3,180,7.2,Person,503.83,136.33,3.9747,20.83
3,218,8.72,Person,519.67,142.67,5.3079,308.27
3,225,9.0,Person,532.33,143.0,3.5569,23.4
3,258,10.32,Person,536.17,130.17,3.5685,103.55
3,274,10.96,Person,537.5,115.17,1.7552,107.25
3,295,11.8,Person,534.83,119.83,1.4667,316.77
3,334,13.36,Person,537.17,124.33,3.4631,227.77
3,336,13.44,Person,536.17,121.5,6.1873,67.53
3,340,13.6,Person,540.83,124.33,8.4801,9.07
3,348,13.92,Person,545.67,118.5,8.4224,277.05
3,356,14.24,Person,549.83,126.83,7.3107,72.87
3,358,14.32,Person,554.67,136.83,5.7943,283.03
3,379,15.16,Person,550.67,141.33,4.956,242.77
3,394,15.76,Person,538.33,139.67,5.2105,122.82
3,409,16.36,Person,534.67,114.83,4.3078,101.28
3,430,17.2,Person,538.17,134.83,3.464,332.23
3,462,18.48,Person,544.67,142.67,3.1823,265.1
3,471,18.84,Person,534.5,144.5,3.4378,107.97
3,494,19.76,Person,521.67,124.83,4.1823,126.21
3,502,20.08,Person,505.0,115.33,4.7699,222.3
3,506,20.24,Person,492.17,119.5,4.587,169.27
3,524,20.96,Person,485.5,121.17,4.0761,198.48
3,532,21.28,Person,489.5,122.0,2.4795,329.04
3,539,21.56,Person,501.33,114.5,3.1191,44.28
3,558,22.32,Person,509.17,97.17,3.8423,72.12
3,564,22.56,Person,512.67,85.33,4.8931,105.92
3,567,22.68,Person,513.83,89.5,4.8149,279.45
3,580,23.2,Person,514.5,97.0,3.3112,286.7
3,753,30.12,Person,503.17,94.0,1.9268,141.95
3,830,33.2,Person,489.83,84.0,2.7516,149.4
3,844,33.76,Person,470.0,66.5,3.739,123.11
3,851,34.04,Person,464.83,74.5,3.4951,173.74
3,879,35.16,Person,462.0,79.5,2.2385,283.24
3,896,35.84,Person,466.83,87.33,1.8506,71.78
3,911,36.44,Person,467.17,66.83,3.7876,96.68
3,916,36.64,Person,457.5,63.17,3.7346,152.08
3,924,36.96,Person,452.17,64.67,5.5483,245.86
3,934,37.36,Person,444.33,83.0,4.2812,317.98
3,969,38.76,Person,447.67,90.83,4.8763,254.43
3,977,39.08,Person,444.33,105.17,2.9624,296.54
3,989,39.56,Person,447.67,105.0,3.8839,204.25
3,995,39.8,Person,456.5,102.33,3.4339,45.35
3,1096,43.84,Person,471.83,99.83,3.3165,347.79
3,1112,44.48,Person,482.33,120.17,1.5607,281.08
3,1151,46.04,Person,486.5,144.0,1.7491,266.73
3,1162,46.48,Person,480.33,158.5,2.1345,255.0
3,1176,47.04,Person,480.0,150.33,2.8471,120.96
3,1188,47.52,Person,475.5,156.33,2.9148,325.15
3,1226,49.04,Person,477.5,164.83,2.5757,265.71
3,1232,49.28,Person,476.83,185.83,2.8243,291.68
3,1239,49.56,Person,483.67,186.83,2.4289,310.98
3,1267,50.68,Person,488.17,210.33,2.394,302.72
3,1322,52.88,Person,494.33,207.67,1.2686,262.27
3,1331,53.24,Person,500.33,207.33,1.7389,75.26
3,1343,53.72,Person,505.0,184.5,4.265,13.24
3,1349,53.96,Person,516.5,186.17,6.8687,28.96
3,1355,54.2,Person,509.83,184.17,9.1625,326.62
3,1365,54.6,Person,496.83,173.17,6.3227,151.79
3,1399,55.96,Person,480.17,159.0,4.3523,123.98
3,1410,56.4,Person,472.75,148.0,1.7692,353.09
4,0,0.0,Person,160.75,410.0,1.4453,0.0
4,38,1.52,Person,156.83,415.67,1.238,315.82
4,119,4.76,Person,186.0,437.0,3.2589,258.69
4,141,5.64,Person,199.67,426.33,4.6709,0.76
4,156,6.24,Person,212.5,430.33,5.4411,107.68
4,189,7.56,Person,216.0,416.83,3.817,239.23
4,260,10.4,Person,216.33,428.5,1.6452,20.01
4,298,11.92,Person,209.67,426.17,0.8287,203.89
4,503,20.12,Person,175.67,429.0,0.6322,178.95
4,613,24.52,Person,131.83,420.0,1.703,161.41
4,630,25.2,Person,126.33,420.5,2.1811,125.16
4,679,27.16,Person,107.5,422.67,2.3668,294.59
4,836,33.44,Person,127.0,425.0,1.466,160.5
4,885,35.4,Person,133.5,399.17,1.1046,28.12
4,977,39.08,Person,182.0,385.0,1.5092,45.0
4,1019,40.76,Person,201.0,395.67,4.2462,307.55
4,1030,41.2,Person,199.67,422.0,5.6118,240.29
4,1046,41.84,Person,194.5,438.33,5.7701,169.34
4,1068,42.72,Person,183.5,420.17,5.7991,41.1
4,1078,43.12,Person,185.67,422.83,6.7522,138.8
4,1090,43.6,Person,184.17,408.5,6.038,278.58
4,1222,48.88,Person,179.83,421.17,4.1922,72.63
4,1241,49.64,Person,177.5,412.33,2.3948,219.53
4,1312,52.48,Person,163.0,421.67,3.2697,142.55
4,1332,53.28,Person,173.67,416.83,2.3444,357.54
4,1404,56.16,Person,177.5,417.0,2.2175,14.93
5,0,0.0,Car,349.0,50.75,17.398,0.0
5,48,1.92,Car,334.83,57.83,31.0774,304.86
5,50,2.0,Car,353.5,73.0,45.7487,215.94
5,57,2.28,Car,359.5,72.5,53.1683,359.46
5,58,2.32,Car,379.83,73.0,50.2906,92.48
5,59,2.36,Car,365.5,59.67,52.7597,185.86
5,61,2.44,Car,341.33,54.67,45.4923,144.26
5,63,2.52,Car,322.33,47.67,36.5915,176.87
5,64,2.56,Car,311.83,71.67,34.7989,256.41
5,91,3.64,Car,316.17,74.5,39.6888,284.45
5,112,4.48,Car,306.5,99.17,42.4988,88.66
5,169,6.76,Car,294.0,131.67,36.5485,244.91
5,298,11.92,Car,266.33,163.0,29.4881,247.43
5,317,12.68,Car,261.83,163.5,26.1156,96.98
5,349,13.96,Car,255.67,147.83,30.0036,333.47
5,351,14.04,Car,258.0,182.33,27.5228,259.57
5,399,15.96,Car,249.5,247.83,30.7557,269.63
5,477,19.08,Car,243.67,299.17,30.0854,256.45
5,490,19.6,Car,239.67,317.67,29.9347,112.51
5,492,19.68,Car,240.0,360.0,37.1442,282.09
5,915,36.6,Car,286.67,360.17,38.3229,306.98
5,1248,49.92,Car,327.67,331.67,44.9863,54.92
5,1305,52.2,Car,369.75,271.75,41.1092,92.93
6,0,0.0,Car,472.0,50.5,10.1143,0.0
6,52,2.08,Car,471.67,69.67,18.2581,277.04
6,58,2.32,Car,468.0,94.5,30.566,258.69
6,66,2.64,Car,455.33,102.17,36.1878,159.59
6,68,2.72,Car,424.17,80.0,37.3559,130.88
6,77,3.08,Car,406.5,54.83,32.7549,140.93
6,79,3.16,Car,404.83,48.5,36.9717,345.63
6,86,3.44,Car,414.33,57.33,39.9115,304.45
6,87,3.48,Car,415.83,55.5,40.939,161.74
6,89,3.56,Car,403.83,51.33,33.8485,97.42
6,90,3.6,Car,396.83,48.83,27.6992,222.95
6,91,3.64,Car,402.0,125.67,29.3802,274.08
6,380,15.2,Car,444.83,156.17,30.5462,302.02
6,918,36.72,Car,471.0,154.0,37.3972,67.81
6,1249,49.96,Car,495.5,81.67,35.2517,116.83
6,1371,54.84,Car,480.75,52.5,36.892,4.97
7,0,0.0,Car,311.5,125.25,24.3712,0.0
7,13,0.52,Car,315.67,135.33,36.1995,342.75
7,14,0.56,Car,336.17,130.83,51.326,318.49
7,16,0.64,Car,384.67,133.0,48.5969,20.35
7,34,1.36,Car,418.33,146.5,36.8222,332.78
7,64,2.56,Car,425.0,183.5,35.6374,231.46
7,76,3.04,Car,383.67,234.67,32.5449,223.1
7,88,3.52,Car,354.17,282.83,33.0241,244.98
7,92,3.68,Car,335.5,313.33,31.568,252.26
7,246,9.84,Car,344.33,298.67,28.4516,79.4
7,403,16.12,Car,373.17,254.17,30.0595,52.82
7,491,19.64,Car,399.17,221.5,31.96,29.35
7,492,19.68,Car,399.83,213.83,42.4082,196.42
7,526,21.04,Car,396.83,209.0,40.6435,113.31
7,529,21.16,Car,399.83,199.67,41.5786,28.63
7,561,22.44,Car,416.67,190.17,40.1215,41.11
7,785,31.4,Car,397.67,191.0,42.4855,171.47
7,793,31.72,Car,379.83,192.17,35.9138,189.02
7,821,32.84,Car,380.5,191.17,34.0838,9.26
7,890,35.6,Car,402.67,187.5,30.894,11.27
7,938,37.52,Car,402.5,186.33,31.1093,190.02
7,1016,40.64,Car,372.0,201.17,27.2217,198.44
7,1023,40.92,Car,346.25,209.75,29.3218,237.31
8,1,0.04,Car,289.0,215.5,16.8375,0.0
8,5,0.2,Car,304.33,215.33,20.7117,345.71
8,6,0.24,Car,298.33,224.17,31.635,170.1
8,65,2.6,Car,277.17,203.83,33.1166,169.07
8,68,2.72,Car,261.0,216.67,31.9575,23.66
8,171,6.84,Car,286.67,215.83,33.6524,296.81
8,394,15.76,Car,283.5,232.17,33.3196,98.01
8,476,19.04,Car,272.17,222.83,32.5162,175.33
8,486,19.44,Car,250.33,235.33,34.7303,261.71
8,545,21.8,Car,253.0,206.67,29.9619,88.48
8,681,27.24,Car,251.5,189.5,33.7948,85.36
8,876,35.04,Car,255.17,154.0,29.8691,255.78
8,922,36.88,Car,247.5,195.67,30.1026,268.68
8,934,37.36,Car,255.17,215.0,26.164,268.69
8,1053,42.12,Car,255.0,243.5,26.4307,36.33
8,1260,50.4,Car,257.33,243.67,33.3899,220.49
8,1337,53.48,Car,252.67,239.67,36.3357,139.64
8,1359,54.36,Car,249.67,228.67,33.4274,80.47
8,1360,54.4,Car,246.83,211.17,28.8258,139.03
8,1366,54.64,Car,241.75,206.75,27.6922,152.35
9,1,0.04,Car,469.5,263.75,20.2691,0.0
9,237,9.48,Car,469.33,261.33,22.8232,61.06
9,296,11.84,Car,478.17,215.17,30.4119,193.95
9,300,12.0,Car,479.33,204.5,29.5625,78.76
9,350,14.0,Car,463.33,143.5,28.1115,91.86
9,1020,40.8,Car,478.83,124.67,28.2467,115.92
9,1238,49.52,Car,466.0,98.25,23.3752,331.19
10,1,0.04,Car,175.5,406.0,13.4796,0.0
10,4,0.16,Car,187.83,375.17,27.9341,71.67
10,231,9.24,Car,204.33,334.67,35.366,64.23
10,400,16.0,Car,208.83,305.0,39.329,113.35
10,533,21.32,Car,220.83,308.83,30.4576,315.0
10,554,22.16,Car,235.5,305.83,40.3827,343.91
10,555,22.2,Car,243.17,319.0,34.3478,131.62
10,563,22.52,Car,242.67,319.67,33.8477,225.46
10,569,22.76,Car,236.33,280.33,28.9169,70.5
10,715,28.6,Car,257.83,228.67,29.1374,83.71
10,718,28.72,Car,284.17,144.17,36.5708,42.48
10,1059,42.36,Car,290.33,128.0,35.8348,80.63
10,1369,54.76,Car,292.0,102.5,35.9951,220.46
10,1394,55.76,Car,275.0,117.0,28.4784,51.34
11,1,0.04,Person,482.25,61.5,4.6674,0.0
11,20,0.8,Person,489.67,64.0,6.3237,339.45
11,31,1.24,Person,512.33,84.67,8.0257,295.73
11,48,1.92,Person,512.17,92.0,7.0825,288.44
11,62,2.48,Person,494.5,86.67,6.3517,139.43
11,70,2.8,Person,464.0,78.0,7.4242,160.52
11,78,3.12,Person,443.5,79.67,5.7838,253.3
11,91,3.64,Person,425.0,74.67,4.6405,127.21
11,109,4.36,Person,411.67,59.17,3.015,129.71
11,111,4.44,Person,398.67,43.83,2.7739,294.61
11,137,5.48,Person,403.0,57.0,2.5927,296.57
11,150,6.0,Person,399.17,57.33,3.7636,227.57
11,162,6.48,Person,396.83,56.17,6.2119,119.71
11,165,6.6,Person,373.0,54.67,6.6659,226.69
11,188,7.52,Person,350.33,82.67,5.5293,216.32
11,216,8.64,Person,346.0,80.17,4.4662,319.85
11,237,9.48,Person,346.83,79.83,3.7402,56.83
11,254,10.16,Person,345.67,52.33,3.2312,196.94
11,297,11.88,Person,315.17,51.0,1.7613,139.78
11,335,13.4,Person,309.83,42.0,3.0458,136.88
11,346,13.84,Person,332.33,47.17,5.7028,344.82
11,388,15.52,Person,356.33,53.83,5.8518,344.72
11,413,16.52,Person,362.5,63.33,4.0319,190.77
11,459,18.36,Person,353.83,60.33,3.1011,198.93
11,465,18.6,Person,352.0,71.5,3.5616,11.89
11,472,18.88,Person,351.5,64.0,4.0494,259.11
11,501,20.04,Person,341.17,82.0,2.465,156.42
11,523,20.92,Person,342.0,88.17,2.489,271.54
11,555,22.2,Person,345.33,104.0,2.5933,2.56
11,564,22.56,Person,335.0,93.0,2.5472,150.14
11,617,24.68,Person,321.5,72.0,2.3028,138.07
11,670,26.8,Person,311.33,56.0,4.2677,39.62
11,671,26.84,Person,320.67,50.33,3.7845,260.25
11,680,27.2,Person,325.67,71.67,4.1768,283.72
11,713,28.52,Person,326.0,106.17,1.8643,276.69
11,751,30.04,Person,330.67,166.33,4.8928,264.14
11,765,30.6,Person,337.5,218.0,4.1545,284.04
11,851,34.04,Person,348.0,257.33,3.8156,302.67
11,870,34.8,Person,356.17,283.17,0.8746,267.45
11,933,37.32,Person,359.0,296.83,3.2201,283.58
11,942,37.68,Person,365.5,291.17,3.9022,72.22
11,1018,40.72,Person,366.83,280.83,4.3094,86.91
11,1039,41.56,Person,379.0,300.17,4.2925,278.19
11,1202,48.08,Person,388.5,325.83,3.722,300.68
11,1251,50.04,Person,405.17,341.33,3.3687,81.86
11,1267,50.68,Person,397.0,319.5,1.9977,107.74
11,1289,51.56,Person,404.67,294.5,3.4659,102.97
11,1307,52.28,Person,409.67,275.5,3.7462,34.97
11,1319,52.76,Person,420.0,283.67,3.0307,261.47
11,1347,53.88,Person,418.67,310.83,3.4421,257.35
11,1352,54.08,Person,413.67,342.67,4.9514,284.38
11,1366,54.64,Person,419.17,352.17,4.8632,266.53
11,1395,55.8,Person,414.33,348.83,4.7383,84.25
11,1403,56.12,Person,415.25,339.75,3.7807,130.91
12,2,0.08,Person,478.75,388.75,2.6783,0.0
12,22,0.88,Person,482.5,406.5,3.8502,290.34
12,58,2.32,Person,494.33,420.83,5.4513,104.87
12,69,2.76,Person,505.17,417.0,4.4609,58.75
12,88,3.52,Person,503.17,380.5,3.0164,58.77
12,111,4.44,Person,511.33,370.17,4.354,110.47
12,120,4.8,Person,506.33,372.33,6.1599,299.28
12,134,5.36,Person,517.17,403.0,5.8304,264.85
12,139,5.56,Person,519.17,415.33,3.809,59.19
12,157,6.28,Person,524.17,402.5,1.7859,70.78
12,169,6.76,Person,538.33,385.83,3.169,45.85
12,188,7.52,Person,544.17,384.83,2.6221,2.53
12,226,9.04,Person,531.5,378.0,4.478,187.25
12,244,9.76,Person,519.33,368.5,5.475,134.07
12,259,10.36,Person,516.0,344.0,6.1321,40.03
12,268,10.72,Person,529.67,362.5,4.9129,293.49
12,289,11.56,Person,528.0,391.5,3.3207,264.73
12,300,12.0,Person,530.67,416.33,3.3636,107.69
12,324,12.96,Person,543.83,389.5,5.3938,58.81
12,335,13.4,Person,561.33,356.33,5.2726,64.33
12,349,13.96,Person,572.67,337.67,5.3619,63.34
12,376,15.04,Person,570.33,338.33,3.1152,273.91
12,383,15.32,Person,570.83,359.17,2.6696,253.92
12,472,18.88,Person,582.17,388.5,1.8267,290.81
12,490,19.6,Person,590.33,419.33,1.0916,308.91
12,539,21.56,Person,589.5,413.83,1.3739,146.94
12,581,23.24,Person,562.33,409.5,1.484,136.85
12,652,26.08,Person,524.33,393.17,2.8846,197.02
12,673,26.92,Person,513.67,392.67,2.7366,125.08
12,715,28.6,Person,516.67,370.0,2.7705,20.4
12,754,30.16,Person,548.33,337.67,2.0671,74.31
12,783,31.32,Person,559.33,289.33,3.0858,69.54
12,802,32.08,Person,562.0,254.17,3.3119,103.12
12,823,32.92,Person,545.33,219.17,3.0027,150.73
12,846,33.84,Person,522.5,201.0,2.5514,120.43
12,855,34.2,Person,505.67,184.83,4.7587,185.3
12,858,34.32,Person,504.33,193.67,5.8148,280.57
12,867,34.68,Person,504.0,206.0,6.9447,302.2
12,871,34.84,Person,494.0,222.83,6.1317,210.25
12,885,35.4,Person,471.5,222.5,5.1718,193.57
12,914,36.56,Person,459.33,223.5,3.1624,107.56
12,945,37.8,Person,459.33,203.67,1.9134,26.2
12,969,38.76,Person,460.17,203.0,2.7128,103.88
12,973,38.92,Person,456.67,229.0,4.0235,259.02
12,991,39.64,Person,450.67,263.33,4.521,269.66
12,996,39.84,Person,448.0,279.17,4.1257,107.61
12,1012,40.48,Person,436.83,277.5,2.973,139.85
12,1068,42.72,Person,426.17,266.33,2.4054,215.1
12,1097,43.88,Person,414.0,274.33,2.2817,109.26
12,1112,44.48,Person,406.17,250.33,2.7927,164.03
12,1146,45.84,Person,409.67,228.33,3.8364,86.38
12,1168,46.72,Person,412.83,178.0,4.5284,68.52
12,1188,47.52,Person,417.67,146.17,3.7737,101.53
12,1202,48.08,Person,416.5,129.83,2.3652,282.11
12,1228,49.12,Person,410.33,132.5,2.689,265.49
12,1241,49.64,Person,404.17,130.33,3.2011,157.29
12,1255,50.2,Person,389.67,126.5,3.5153,131.02
12,1268,50.72,Person,388.33,116.5,2.3277,166.51
12,1285,51.4,Person,384.33,107.17,2.5463,74.58
12,1297,51.88,Person,389.5,101.33,2.9236,133.81
12,1318,52.72,Person,387.33,105.67,4.3676,292.9
12,1321,52.84,Person,391.17,106.17,3.9194,139.64
12,1351,54.04,Person,393.33,94.83,3.2857,75.03
12,1374,54.96,Person,400.5,84.33,1.3893,38.12
12,1394,55.76,Person,404.75,81.0,1.2873,302.01
13,3,0.12,Car,398.5,402.0,17.0157,0.0
13,83,3.32,Car,378.67,402.67,24.0271,173.29
13,171,6.84,Car,360.33,408.83,36.8821,253.22
13,173,6.92,Car,356.67,399.83,40.8543,13.28
13,294,11.76,Car,376.83,415.0,42.3209,93.07
13,939,37.56,Car,346.5,406.5,43.2883,259.7
13,1334,53.36,Car,330.67,404.33,40.7831,146.72
13,1336,53.44,Car,310.5,393.67,35.6181,19.14
13,1402,56.08,Car,322.5,389.5,32.6934,300.51
14,4,0.16,Car,353.5,83.25,16.6725,0.0
14,5,0.2,Car,335.33,92.17,20.239,190.77
14,23,0.92,Car,316.0,91.83,32.2124,203.39
14,58,2.32,Car,313.5,106.67,33.3494,12.93
14,64,2.56,Car,311.67,104.0,38.1183,291.72
14,66,2.64,Car,307.83,113.33,32.9908,159.91
14,67,2.68,Car,306.83,123.33,37.0636,302.0
14,69,2.76,Car,293.17,177.33,33.7157,270.15
14,99,3.96,Car,288.33,226.17,34.3466,237.67
14,101,4.04,Car,272.33,247.5,30.3215,39.76
14,103,4.12,Car,280.33,201.67,33.7226,88.22
14,113,4.52,Car,296.33,164.5,43.0807,79.07
14,159,6.36,Car,302.0,160.17,40.9075,307.14
14,166,6.64,Car,325.17,202.33,44.1018,268.57
14,170,6.8,Car,332.83,223.83,34.8013,327.74
14,173,6.92,Car,352.33,234.67,39.9694,70.95
14,174,6.96,Car,344.0,169.17,37.5529,97.07
14,302,12.08,Car,330.17,136.33,46.7972,107.21
14,330,13.2,Car,314.33,93.5,39.4876,259.78
14,382,15.28,Car,304.17,113.33,38.7405,156.44
14,383,15.32,Car,302.17,102.17,38.6117,150.0
14,474,18.96,Car,298.17,96.17,38.8473,68.85
14,483,19.32,Car,297.67,85.67,33.1553,223.92
14,484,19.36,Car,299.33,79.5,24.4967,103.07
14,486,19.44,Car,306.17,73.0,26.3523,33.81
14,487,19.48,Car,315.5,63.0,25.768,0.0
14,500,20.0,Car,316.17,57.0,37.4271,113.58
14,536,21.44,Car,324.83,52.0,35.457,17.71
14,560,22.4,Car,326.0,52.83,35.738,335.27
14,562,22.48,Car,336.83,51.67,26.2361,157.52
14,568,22.72,Car,324.17,49.33,36.2357,64.43
14,675,27.0,Car,329.33,52.0,45.264,220.79
14,676,27.04,Car,306.0,55.0,52.5377,230.71
14,681,27.24,Car,295.17,59.83,42.9723,172.78
14,682,27.28,Car,276.17,52.5,37.9464,336.82
14,683,27.32,Car,288.33,45.17,39.0052,61.25
14,684,27.36,Car,294.0,33.67,37.8966,31.88
14,685,27.4,Car,300.17,30.0,33.0024,190.84
14,689,27.56,Car,296.67,30.17,21.8265,338.14
14,716,28.64,Car,294.33,37.17,21.0936,238.49
14,718,28.72,Car,288.0,34.83,29.515,211.54
14,719,28.76,Car,277.33,40.17,36.5536,135.93
14,721,28.84,Car,284.67,62.5,45.8375,279.34
14,755,30.2,Car,302.17,77.33,45.2586,318.6
14,757,30.28,Car,324.33,78.33,38.8181,69.91
14,778,31.12,Car,355.67,49.17,40.1254,39.49
14,792,31.68,Car,383.17,39.0,31.8924,9.98
14,1015,40.6,Car,407.0,40.5,33.5653,285.95
14,1016,40.64,Car,407.67,85.33,34.2849,262.83
14,1120,44.8,Car,407.5,120.33,36.5568,273.37
14,1155,46.2,Car,422.67,145.67,39.586,48.48
14,1336,53.44,Car,446.33,122.83,33.8022,32.42
14,1338,53.52,Car,464.5,95.67,35.5492,64.73
14,1413,56.52,Car,472.25,79.25,34.4158,105.83
15,5,0.2,Car,334.5,372.0,26.8109,0.0
15,60,2.4,Car,348.67,358.0,30.5372,55.32
15,69,2.76,Car,322.33,320.0,43.401,147.12
15,135,5.4,Car,280.0,286.0,36.4559,155.6
15,243,9.72,Car,235.67,263.83,32.7288,93.93
15,541,21.64,Car,233.83,238.33,29.4136,354.31
15,819,32.76,Car,242.33,223.67,34.4167,92.4
15,820,32.8,Car,268.17,225.17,32.1653,342.84
15,923,36.92,Car,303.67,224.33,36.4414,329.66
15,928,37.12,Car,347.83,235.17,30.1424,51.27
15,979,39.16,Car,360.0,199.5,30.2951,29.17
15,999,39.96,Car,346.33,161.33,31.7146,119.89
15,1052,42.08,Car,314.5,140.0,40.3082,154.23
15,1114,44.56,Car,288.5,130.83,41.4293,255.1
15,1254,50.16,Car,276.33,173.5,33.1253,224.58
15,1299,51.96,Car,263.5,203.33,28.6851,256.71
15,1376,55.04,Car,255.25,238.25,31.09,246.54
16,5,0.2,Person,385.75,88.25,2.6248,0.0
16,19,0.76,Person,387.83,86.83,3.4315,87.33
16,34,1.36,Person,395.5,77.83,4.6063,290.1
16,45,1.8,Person,396.67,105.5,3.2876,282.25
16,60,2.4,Person,426.83,121.0,4.1332,309.02
16,69,2.76,Person,452.67,148.33,5.8459,346.89
16,79,3.16,Person,483.5,167.83,6.5625,271.53
16,85,3.4,Person,476.5,177.67,6.6162,161.58
16,91,3.64,Person,460.5,177.17,4.5881,144.77
16,111,4.44,Person,436.0,181.67,4.6425,220.36
16,130,5.2,Person,419.83,173.83,4.6547,163.11
16,141,5.64,Person,422.5,177.5,6.1216,62.62
16,150,6.0,Person,436.67,160.67,6.4571,314.4
16,171,6.84,Person,445.67,159.0,4.2606,91.51
16,208,8.32,Person,450.0,155.67,3.2018,233.27
16,216,8.64,Person,451.33,172.0,2.2865,285.63
16,238,9.52,Person,460.83,181.5,3.0863,323.06
16,260,10.4,Person,470.5,181.17,2.6568,54.98
16,279,11.16,Person,475.83,177.5,5.2406,292.73
16,283,11.32,Person,473.33,183.83,4.6872,195.93
16,298,11.92,Person,458.83,173.0,4.9489,120.26
16,323,12.92,Person,458.67,160.83,4.2834,97.31
16,329,13.16,Person,446.33,138.67,4.426,80.93
16,352,14.08,Person,439.0,135.17,5.0378,145.47
16,360,14.4,Person,421.0,116.83,4.1925,235.28
16,372,14.88,Person,415.17,123.83,6.5781,121.72
16,378,15.12,Person,416.17,114.5,5.8706,270.75
16,396,15.84,Person,413.17,113.67,5.04,71.41
16,410,16.4,Person,414.5,117.67,2.8533,218.57
16,437,17.48,Person,414.17,125.33,3.3261,285.23
16,481,19.24,Person,421.33,131.17,2.8271,52.92
16,505,20.2,Person,425.33,118.5,2.3169,88.55
16,518,20.72,Person,427.5,109.0,1.2813,97.59
16,531,21.24,Person,429.33,110.67,1.8828,335.1
16,542,21.68,Person,433.17,115.67,1.5985,277.51
16,545,21.8,Person,430.67,114.83,3.0533,116.53
16,564,22.56,Person,426.83,90.33,2.7707,102.56
16,587,23.48,Person,426.17,63.0,3.606,86.69
16,612,24.48,Person,429.67,47.83,3.2868,1.36
16,625,25.0,Person,441.0,46.0,3.5636,328.57
16,640,25.6,Person,450.0,48.67,4.3169,22.21
16,650,26.0,Person,449.17,43.67,5.045,189.07
16,657,26.28,Person,443.5,41.33,4.3951,155.18
16,673,26.92,Person,438.5,40.17,4.2784,358.5
16,726,29.04,Person,447.83,41.33,3.5001,325.01
16,732,29.28,Person,455.83,50.0,3.8033,337.09
16,749,29.96,Person,461.5,62.33,2.6533,274.55
16,772,30.88,Person,461.67,69.33,3.1224,256.85
16,777,31.08,Person,457.0,64.17,3.6229,102.64
16,788,31.52,Person,450.67,45.5,3.6405,117.36
16,811,32.44,Person,438.33,39.0,4.6678,147.93
16,816,32.64,Person,431.5,40.0,4.1131,233.13
16,870,34.8,Person,432.17,42.83,5.5657,14.05
16,876,35.04,Person,440.33,41.0,2.9987,35.23
16,884,35.36,Person,449.67,44.0,3.6109,300.83
16,894,35.76,Person,446.67,45.67,2.9943,257.84
16,906,36.24,Person,442.5,47.67,2.802,144.53
16,919,36.76,Person,438.5,42.33,1.8602,321.04
16,944,37.76,Person,445.17,51.33,1.015,328.91
16,973,38.92,Person,450.33,53.17,0.9911,295.51
16,1011,40.44,Person,443.83,56.17,1.0722,137.24
16,1056,42.24,Person,437.5,48.0,1.0776,167.47
16,1071,42.84,Person,428.83,51.83,1.414,346.0
16,1094,43.76,Person,440.33,74.0,1.7731,277.71
16,1111,44.44,Person,443.67,86.83,1.7392,307.5
16,1133,45.32,Person,452.17,98.83,3.8066,112.75
16,1137,45.48,Person,453.0,87.33,4.1513,315.7
16,1148,45.92,Person,456.0,93.17,4.395,44.1
16,1161,46.44,Person,461.67,90.17,2.1614,263.4
16,1182,47.28,Person,469.0,88.17,1.3317,35.07
16,1217,48.68,Person,476.83,80.17,1.8709,45.0
16,1220,48.8,Person,480.67,78.33,2.8661,199.15
16,1232,49.28,Person,473.5,84.17,4.2384,243.82
16,1239,49.56,Person,468.17,87.67,3.4395,198.72
16,1251,50.04,Person,465.67,90.0,2.205,59.32
16,1288,51.52,Person,462.33,89.67,3.5732,268.12
16,1316,52.64,Person,455.83,84.5,4.983,157.47
16,1324,52.96,Person,447.83,67.83,6.2652,101.39
16,1329,53.16,Person,442.67,50.33,3.7458,91.01
16,1343,53.72,Person,439.17,44.33,2.4306,201.79
16,1361,54.44,Person,424.17,42.83,4.1428,187.82
16,1367,54.68,Person,413.83,46.67,4.163,166.94
16,1389,55.56,Person,404.5,44.5,5.3891,284.04
17,5,0.2,Bus,446.25,146.0,7.9318,0.0
17,1084,43.36,Bus,446.25,146.0,7.9318,231.53
18,6,0.24,Person,218.5,228.25,0.9263,0.0
18,36,1.44,Person,212.5,233.67,1.6628,264.6
18,48,1.92,Person,211.0,251.17,2.0017,211.94
18,86,3.44,Person,206.67,269.67,1.7175,283.77
18,145,5.8,Person,206.83,303.17,2.0608,265.25
18,164,6.56,Person,201.67,324.33,4.249,252.5
18,168,6.72,Person,187.83,338.83,4.7356,154.9
18,189,7.56,Person,176.67,349.17,4.6012,229.22
18,204,8.16,Person,158.5,374.5,2.6458,253.22
18,218,8.72,Person,141.0,397.17,4.3928,218.62
18,242,9.68,Person,112.33,400.17,3.3323,171.11
18,368,14.72,Person,100.17,414.83,3.2163,194.03
18,449,17.96,Person,92.5,416.75,0.9739,289.11
19,6,0.24,Person,183.75,317.5,0.749,0.0
19,41,1.64,Person,177.83,320.5,1.3214,271.11
19,58,2.32,Person,160.0,343.67,3.8507,202.08
19,178,7.12,Person,127.67,349.67,5.5687,211.15
19,188,7.52,Person,118.5,347.5,5.8438,102.17
19,215,8.6,Person,128.67,350.33,3.7974,358.67
19,290,11.6,Person,159.17,364.67,2.2071,294.83
19,317,12.68,Person,183.83,377.83,2.4837,7.13
19,499,19.96,Person,199.5,366.17,3.1339,60.33
19,525,21.0,Person,202.17,334.5,3.0701,112.45
19,705,28.2,Person,202.0,321.33,2.5897,88.86
19,724,28.96,Person,229.5,314.0,2.3504,335.97
19,770,30.8,Person,245.33,314.83,4.6577,8.82
19,780,31.2,Person,278.0,316.0,4.6413,125.22
19,828,33.12,Person,298.83,333.67,4.4145,330.22
19,918,36.72,Person,300.0,342.5,2.5287,242.24
19,1094,43.76,Person,278.67,354.0,1.9917,160.89
19,1147,45.88,Person,286.0,339.0,2.7262,343.61
19,1339,53.56,Person,323.67,329.33,2.9819,20.26
19,1356,54.24,Person,348.5,315.33,3.3013,139.35
19,1391,55.64,Person,333.83,304.33,2.3396,196.77
19,1413,56.52,Person,322.5,307.75,1.6486,76.37
20,6,0.24,Bus,448.0,263.25,7.604,0.0
20,22,0.88,Bus,430.0,281.0,13.7691,144.46
20,29,1.16,Bus,400.67,253.17,19.9496,243.73
20,37,1.48,Bus,387.67,290.67,21.6366,103.77
20,1056,42.24,Bus,384.5,277.75,19.4053,266.4
21,7,0.28,Person,278.75,400.0,4.9314,0.0
21,19,0.76,Person,275.67,413.17,5.6473,244.78
21,22,0.88,Person,280.83,437.67,7.4972,338.36
21,35,1.4,Person,300.0,439.5,4.6003,0.0
21,51,2.04,Person,306.83,435.67,3.6634,120.81
21,63,2.52,Person,296.83,411.17,2.8577,132.34
21,95,3.8,Person,293.17,407.17,3.0747,81.35
21,151,6.04,Person,299.0,374.83,2.5032,344.57
21,193,7.72,Person,306.67,348.17,2.5241,91.01
21,215,8.6,Person,271.0,312.67,3.3275,153.33
21,258,10.32,Person,232.67,290.33,3.3031,180.26
21,295,11.8,Person,181.33,299.83,2.4863,138.88
21,334,13.36,Person,167.33,295.5,1.6075,231.37
21,352,14.08,Person,144.83,304.33,2.2699,111.81
21,366,14.64,Person,142.0,297.25,3.0325,158.34
22,7,0.28,Person,416.5,431.0,0.6255,0.0
22,56,2.24,Person,419.67,435.67,2.2195,6.76
22,63,2.52,Person,426.33,420.33,5.1002,151.18
22,79,3.16,Person,423.0,408.17,5.0257,94.66
22,88,3.52,Person,420.67,390.83,3.6539,60.2
22,97,3.88,Person,415.83,408.0,3.4819,250.72
22,108,4.32,Person,408.67,416.0,3.8747,245.81
22,133,5.32,Person,409.33,431.0,6.5696,72.96
22,139,5.56,Person,436.67,422.33,4.7423,342.88
22,184,7.36,Person,473.67,422.0,4.599,16.9
22,209,8.36,Person,482.0,392.67,2.7043,102.49
22,221,8.84,Person,453.33,368.67,4.1405,144.74
22,232,9.28,Person,395.67,324.33,6.7396,152.98
22,243,9.72,Person,343.67,294.5,7.0003,138.59
22,263,10.52,Person,306.83,279.5,5.7193,183.5
22,285,11.4,Person,296.0,272.5,4.8777,296.57
22,294,11.76,Person,299.33,252.33,4.2181,80.19
22,333,13.32,Person,293.67,209.67,5.3386,105.89
22,343,13.72,Person,265.67,176.0,5.451,145.04
22,362,14.48,Person,205.5,190.5,6.296,194.72
22,613,24.52,Person,169.67,212.17,5.3664,226.74
22,635,25.4,Person,149.83,226.5,3.4034,29.27
22,677,27.08,Person,158.17,200.67,1.9522,102.74
22,772,30.88,Person,154.0,182.25,1.0869,120.31
23,9,0.36,Bus,389.25,117.25,14.1965,0.0
23,28,1.12,Bus,389.25,117.25,14.1965,11.52
24,9,0.36,Person,375.5,294.75,3.2939,0.0
24,17,0.68,Person,391.83,289.67,4.6624,8.54
24,44,1.76,Person,437.33,263.17,6.5164,45.0
24,61,2.44,Person,452.67,233.17,6.2205,58.7
24,68,2.72,Person,464.83,189.67,6.4056,117.8
24,75,3.0,Person,452.67,173.17,6.1425,92.6
24,95,3.8,Person,459.5,148.83,5.0116,173.53
24,117,4.68,Person,474.83,136.67,3.9067,44.55
24,133,5.32,Person,501.0,116.83,4.4593,25.55
24,137,5.48,Person,520.83,108.67,3.9143,15.48
24,170,6.8,Person,518.17,103.0,2.8369,121.19
24,186,7.44,Person,510.67,88.67,1.6993,145.01
24,203,8.12,Person,496.33,80.67,4.7893,100.21
24,206,8.24,Person,496.17,77.0,5.8925,256.17
24,209,8.36,Person,493.33,75.17,5.6599,68.22
24,228,9.12,Person,491.83,76.17,5.0253,128.68
24,259,10.36,Person,489.33,68.83,6.5829,262.45
24,263,10.52,Person,489.83,63.83,9.1402,80.63
24,266,10.64,Person,493.17,61.17,7.3533,31.5
24,286,11.44,Person,499.83,71.83,5.898,286.27
24,294,11.76,Person,503.0,77.67,5.474,345.59
24,305,12.2,Person,503.33,82.5,7.5567,122.59
24,309,12.36,Person,505.33,75.5,6.7251,286.42
24,319,12.76,Person,511.33,75.67,5.0492,47.0
24,324,12.96,Person,526.17,68.83,3.2947,26.99
24,335,13.4,Person,532.33,59.83,3.6097,13.88
24,347,13.88,Person,537.83,53.0,3.2989,103.78
24,398,15.92,Person,526.5,43.33,2.6926,160.6
24,424,16.96,Person,517.33,41.5,1.5344,176.93
24,458,18.32,Person,512.5,43.83,3.6458,327.83
24,461,18.44,Person,507.33,44.0,4.2042,257.41
24,470,18.8,Person,496.5,46.33,5.3569,172.77
24,479,19.16,Person,480.67,48.33,3.7791,210.0
24,482,19.28,Person,471.0,47.5,4.4639,173.66
24,488,19.52,Person,480.83,46.17,5.9585,53.79
24,497,19.88,Person,485.67,45.33,5.3294,344.06
24,510,20.4,Person,486.83,56.5,5.3097,214.53
24,519,20.76,Person,472.17,55.5,4.1856,188.7
24,531,21.24,Person,462.83,58.0,3.5734,106.04
24,604,24.16,Person,463.5,56.33,2.6317,279.26
24,611,24.44,Person,465.5,75.17,1.7677,288.82
24,637,25.48,Person,474.33,80.5,2.4382,292.29
24,651,26.04,Person,484.0,88.67,2.0126,27.45
24,674,26.96,Person,491.17,86.0,1.7842,293.7
24,687,27.48,Person,495.0,87.0,1.4392,120.96
24,702,28.08,Person,492.33,91.83,2.5816,328.69
24,712,28.48,Person,494.5,88.83,2.3811,246.79
24,784,31.36,Person,493.0,76.33,2.1005,84.32
24,815,32.6,Person,497.5,60.67,1.7792,82.81
24,823,32.92,Person,499.0,61.0,3.6476,284.74
24,835,33.4,Person,503.33,69.5,5.2014,269.03
24,840,33.6,Person,506.5,72.33,5.6252,52.64
24,842,33.68,Person,511.83,67.0,5.6014,5.91
24,878,35.12,Person,510.83,61.0,4.4147,107.22
24,896,35.84,Person,514.0,58.33,3.1318,101.82
24,924,36.96,Person,513.83,53.17,3.432,339.53
24,927,37.08,Person,518.33,54.33,3.2532,126.33
24,932,37.28,Person,519.67,54.67,4.1929,315.0
24,937,37.48,Person,523.33,57.5,2.9492,322.34
24,946,37.84,Person,525.67,56.33,3.2121,100.08
24,980,39.2,Person,531.5,53.83,4.1086,40.33
24,985,39.4,Person,534.17,49.33,3.1974,1.01
24,1019,40.76,Person,537.5,54.83,4.884,191.56
24,1024,40.96,Person,531.67,65.83,3.1848,263.62
24,1046,41.84,Person,531.5,77.17,3.6145,254.97
24,1055,42.2,Person,527.83,82.0,3.1411,73.53
24,1058,42.32,Person,532.0,73.0,3.1661,104.04
24,1083,43.32,Person,530.0,73.67,3.0714,46.42
24,1111,44.44,Person,524.33,66.33,1.5251,204.97
24,1148,45.92,Person,512.83,70.5,2.0413,144.41
24,1155,46.2,Person,511.17,71.33,1.9714,290.0
24,1187,47.48,Person,515.5,65.33,4.3264,31.23
24,1196,47.84,Person,516.5,58.17,4.9959,103.33
24,1201,48.04,Person,513.5,43.5,5.0208,206.57
24,1215,48.6,Person,507.83,43.33,4.383,87.36
24,1218,48.72,Person,511.5,41.17,3.6043,219.86
24,1237,49.48,Person,511.83,42.67,5.4539,344.03
24,1241,49.64,Person,518.67,42.67,3.576,82.72
24,1266,50.64,Person,518.0,42.0,2.897,29.74
24,1278,51.12,Person,516.67,45.0,1.1324,218.3
24,1290,51.6,Person,509.0,44.83,1.3613,200.67
24,1312,52.48,Person,515.67,53.5,1.9751,354.48
24,1324,52.96,Person,522.83,65.17,1.8977,311.65
24,1370,54.8,Person,522.67,73.0,4.1117,199.88
24,1378,55.12,Person,517.17,74.67,3.8591,138.05
24,1397,55.88,Person,515.67,66.17,3.9433,348.91
24,1413,56.52,Person,526.67,64.33,2.2939,52.43
24,1417,56.68,Person,530.0,60.0,2.4144,45.0
25,9,0.36,Person,285.5,178.25,2.2259,0.0
25,23,0.92,Person,300.67,175.83,3.2371,309.73
25,43,1.72,Person,313.0,193.33,4.5553,85.99
25,58,2.32,Person,321.0,192.17,4.945,244.72
25,64,2.56,Person,323.67,211.17,3.4175,310.02
25,77,3.08,Person,339.67,233.17,2.43,303.98
25,110,4.4,Person,339.83,239.0,1.5937,274.32
25,116,4.64,Person,340.17,232.17,1.7937,111.08
25,164,6.56,Person,335.67,215.0,2.0432,88.63
25,179,7.16,Person,331.33,199.0,1.6018,135.57
25,204,8.16,Person,334.0,194.5,2.6592,0.0
25,214,8.56,Person,349.5,210.83,3.1978,330.07
25,226,9.04,Person,355.83,217.17,3.7904,288.67
25,237,9.48,Person,346.17,202.17,4.0877,128.03
25,260,10.4,Person,331.67,168.5,4.6097,101.59
25,266,10.64,Person,334.0,149.33,4.0616,358.74
25,283,11.32,Person,339.67,121.5,3.464,77.46
25,316,12.64,Person,342.33,87.5,4.783,94.7
25,321,12.84,Person,348.0,49.67,5.9454,52.84
25,328,13.12,Person,363.5,43.33,6.458,352.14
25,334,13.36,Person,372.5,44.0,3.8998,352.41
25,371,14.84,Person,381.33,45.0,4.5801,127.95
25,376,15.04,Person,387.83,57.17,5.625,320.55
25,384,15.36,Person,396.17,63.67,6.8008,284.8
25,392,15.68,Person,396.17,61.0,6.6217,104.84
25,398,15.92,Person,395.0,53.67,4.5042,90.0
25,420,16.8,Person,397.33,47.67,5.4003,301.09
25,424,16.96,Person,402.17,57.67,3.9657,42.22
25,495,19.8,Person,402.17,62.5,6.3657,270.53
25,497,19.88,Person,410.33,77.17,4.4209,295.28
25,517,20.68,Person,424.67,85.0,5.7601,340.05
25,552,22.08,Person,444.5,86.17,4.2131,5.81
25,563,22.52,Person,456.83,76.67,4.7661,62.17
25,669,26.76,Person,458.33,66.17,4.8145,88.53
25,682,27.28,Person,460.5,58.83,3.9295,167.41
25,693,27.72,Person,458.67,52.17,3.513,56.56
25,709,28.36,Person,463.83,43.17,2.7125,92.77
25,714,28.56,Person,472.17,35.67,3.4234,15.13
25,723,28.92,Person,486.17,39.33,3.0451,339.76
25,743,29.72,Person,494.33,43.67,1.889,297.78
25,758,30.32,Person,501.67,49.0,1.4685,41.93
25,770,30.8,Person,501.17,49.67,1.5566,334.43
25,790,31.6,Person,512.33,46.67,2.9373,77.77
25,801,32.04,Person,518.0,45.17,2.5234,20.6
25,879,35.16,Person,526.83,48.33,2.3819,269.14
25,919,36.76,Person,527.0,48.67,2.2979,240.67
25,925,37.0,Person,521.83,54.5,2.0659,112.91
25,996,39.84,Person,519.17,47.0,3.5661,227.21
25,1004,40.16,Person,512.0,51.83,2.9398,94.9
25,1014,40.56,Person,512.83,45.83,3.0583,236.62
25,1033,41.32,Person,506.67,51.0,3.1747,65.93
25,1039,41.56,Person,507.5,56.0,2.8558,232.7
25,1053,42.12,Person,503.0,55.17,3.6132,357.84
25,1066,42.64,Person,505.17,50.83,2.0684,101.3
25,1095,43.8,Person,500.67,43.5,2.2794,200.6
25,1102,44.08,Person,501.33,43.0,2.3371,195.24
25,1120,44.8,Person,503.67,47.17,2.3664,349.1
25,1146,45.84,Person,508.33,64.67,3.2892,280.59
25,1151,46.04,Person,510.5,74.83,2.5568,265.78
25,1185,47.4,Person,523.67,93.0,3.2881,18.82
25,1224,48.96,Person,540.5,98.0,2.5222,319.09
25,1229,49.16,Person,557.0,108.17,4.0829,8.58
25,1232,49.28,Person,557.17,92.33,3.7982,96.43
25,1246,49.84,Person,550.0,81.17,3.4753,115.12
25,1266,50.64,Person,541.0,84.17,2.5037,244.12
25,1284,51.36,Person,541.67,116.83,2.6857,275.61
25,1315,52.6,Person,541.67,119.33,2.8029,317.91
25,1329,53.16,Person,544.33,122.17,2.5328,104.52
25,1354,54.16,Person,534.83,130.33,2.2397,265.82
25,1410,56.4,Person,533.25,152.0,2.1387,256.39
26,11,0.44,Car,226.5,297.25,16.5914,0.0
26,61,2.44,Car,242.83,316.33,24.8305,351.23
26,325,13.0,Car,213.33,311.33,35.8099,233.54
26,601,24.04,Car,198.67,293.5,35.2943,141.55
26,720,28.8,Car,172.83,259.67,41.3728,41.12
26,722,28.88,Car,196.0,267.17,38.4469,277.37
26,941,37.64,Car,215.5,288.17,41.4457,296.45
26,1328,53.12,Car,227.5,314.17,29.7214,11.56
26,1354,54.16,Car,235.0,315.83,29.5713,239.21
26,1355,54.2,Car,227.75,328.0,24.0406,154.36
27,12,0.48,Person,333.5,326.0,2.751,0.0
27,31,1.24,Person,343.0,323.5,2.3131,309.44
27,82,3.28,Person,350.17,319.5,3.0577,89.04
27,116,4.64,Person,353.5,289.83,1.908,106.51
27,135,5.4,Person,355.33,279.0,3.086,5.25
27,141,5.64,Person,369.83,284.67,4.4961,306.09
27,146,5.84,Person,369.17,291.67,5.144,286.41
27,157,6.28,Person,357.33,294.83,4.1461,173.94
27,183,7.32,Person,337.33,309.33,2.7943,221.48
27,216,8.64,Person,331.67,350.5,2.7775,269.66
27,249,9.96,Person,319.33,396.33,2.7247,266.72
27,295,11.8,Person,329.5,433.0,2.6037,238.57
27,318,12.72,Person,335.33,422.33,3.3338,14.82
27,337,13.48,Person,340.33,420.83,3.8045,112.78
27,372,14.88,Person,334.17,409.17,3.9477,227.68
27,391,15.64,Person,307.5,424.5,2.2117,122.01
27,473,18.92,Person,298.33,431.67,2.009,203.42
27,487,19.48,Person,282.67,439.0,1.7539,295.03
27,500,20.0,Person,272.83,439.0,2.357,131.32
27,525,21.0,Person,265.33,438.0,1.7869,180.0
27,565,22.6,Person,247.5,432.0,1.4166,251.57
27,672,26.88,Person,244.5,413.0,0.81,114.51
27,762,30.48,Person,252.17,388.33,1.3938,60.16
27,817,32.68,Person,245.0,370.83,1.8609,12.01
27,840,33.6,Person,240.17,391.33,2.0276,203.17
27,921,36.84,Person,239.67,412.17,1.5142,301.31
27,1007,40.28,Person,253.83,439.17,1.159,348.87
27,1061,42.44,Person,267.17,425.17,1.436,144.21
27,1105,44.2,Person,262.5,428.83,2.9073,69.13
27,1122,44.88,Person,265.5,426.67,3.4081,270.81
27,1126,45.04,Person,262.0,442.83,3.1276,146.29
27,1314,52.56,Person,258.17,429.0,3.7776,114.15
27,1322,52.88,Person,239.5,416.67,3.2267,122.74
27,1390,55.6,Person,234.5,400.33,4.2077,167.75
27,1414,56.56,Person,223.75,398.0,2.5675,23.96
28,14,0.56,Person,451.0,124.0,2.4285,0.0
28,45,1.8,Person,470.67,108.33,4.845,67.89
28,56,2.24,Person,501.67,68.5,7.2038,322.84
28,60,2.4,Person,524.67,87.5,6.4736,324.41
28,92,3.68,Person,543.0,99.5,3.8594,319.27
28,111,4.44,Person,551.17,102.5,1.8612,355.3
28,151,6.04,Person,550.67,99.17,1.1813,136.02
28,184,7.36,Person,538.0,90.67,1.7565,168.55
28,192,7.68,Person,530.67,89.83,1.9738,166.26
28,195,7.8,Person,528.5,86.17,2.7714,41.56
28,201,8.04,Person,525.5,85.33,4.1982,111.15
28,204,8.16,Person,521.17,95.17,4.5316,236.17
28,226,9.04,Person,513.83,98.67,4.9272,253.04
28,238,9.52,Person,509.67,114.33,2.8836,130.43
28,285,11.4,Person,495.67,118.33,3.7836,244.0
28,297,11.88,Person,492.17,121.0,3.0786,140.47
28,323,12.92,Person,489.83,104.5,3.2318,57.78
28,336,13.44,Person,501.67,90.83,2.3847,68.79
28,348,13.92,Person,498.67,92.83,2.1285,270.94
28,378,15.12,Person,492.83,110.67,4.5303,232.36
28,383,15.32,Person,482.5,107.83,6.8563,202.01
28,395,15.8,Person,485.83,112.33,9.4403,78.47
28,403,16.12,Person,492.17,107.5,8.0486,301.25
28,404,16.16,Person,478.0,123.33,5.9623,192.66
28,425,17.0,Person,460.83,119.5,4.6266,177.08
28,434,17.36,Person,455.33,135.17,3.5477,346.06
28,469,18.76,Person,470.5,152.5,3.9336,296.31
28,474,18.96,Person,483.0,165.17,3.8693,98.54
28,483,19.32,Person,485.0,157.0,3.3954,78.69
28,496,19.84,Person,495.17,119.67,2.2457,69.11
28,520,20.8,Person,506.17,91.17,1.6959,72.49
28,527,21.08,Person,517.83,75.33,4.538,323.98
28,530,21.2,Person,516.33,73.17,7.2842,260.98
28,532,21.28,Person,508.33,72.17,6.5429,123.61
28,555,22.2,Person,501.17,57.67,4.175,129.64
28,563,22.52,Person,503.5,59.17,1.4779,343.48
28,584,23.36,Person,498.0,61.33,3.7535,239.03
28,680,27.2,Person,492.83,59.33,4.9372,156.74
28,686,27.44,Person,481.33,57.5,4.8263,58.81
28,713,28.52,Person,482.83,52.5,2.8767,229.67
28,726,29.04,Person,480.83,53.67,1.8053,75.22
28,728,29.12,Person,479.67,58.0,3.6259,254.2
28,762,30.48,Person,477.17,72.67,3.6898,258.95
28,775,31.0,Person,472.83,96.17,3.3459,264.01
28,815,32.6,Person,467.83,117.83,4.1782,254.49
28,819,32.76,Person,461.33,138.83,3.7753,248.09
28,846,33.84,Person,460.0,141.67,4.3151,270.0
28,862,34.48,Person,464.67,134.5,2.8981,65.9
28,867,34.68,Person,473.67,127.5,2.8666,12.3
28,901,36.04,Person,485.67,144.67,2.6657,294.45
28,927,37.08,Person,492.17,152.17,2.9273,298.02
28,940,37.6,Person,497.0,146.83,3.2271,95.85
28,963,38.52,Person,501.5,121.5,3.6845,68.2
28,973,38.92,Person,500.17,118.83,2.3185,345.33
28,982,39.28,Person,498.33,143.5,5.0479,247.85
28,989,39.56,Person,490.67,169.67,4.7987,271.85
28,994,39.76,Person,490.33,185.33,5.5434,99.95
28,1010,40.4,Person,506.0,196.17,3.0666,319.81
28,1034,41.36,Person,518.17,200.17,4.0603,326.46
28,1043,41.72,Person,532.33,190.5,4.9024,100.29
28,1055,42.2,Person,528.5,184.83,6.7277,84.65
28,1067,42.68,Person,519.83,188.17,5.4847,253.06
28,1096,43.84,Person,511.5,193.17,4.2492,137.25
28,1111,44.44,Person,506.17,178.83,2.6056,80.07
28,1114,44.56,Person,495.67,196.33,3.9231,250.9
28,1144,45.76,Person,485.83,209.33,3.7633,240.69
28,1187,47.48,Person,477.17,222.33,3.9844,78.63
28,1191,47.64,Person,491.5,201.0,4.7545,16.7
28,1197,47.88,Person,503.67,194.83,4.8513,24.91
28,1202,48.08,Person,505.83,199.0,4.0263,214.89
28,1235,49.4,Person,497.33,211.17,2.0748,237.04
28,1245,49.8,Person,482.5,225.0,1.8213,225.0
28,1265,50.6,Person,479.33,225.17,2.2598,146.88
28,1277,51.08,Person,468.67,217.33,1.8036,89.13
28,1317,52.68,Person,464.5,201.83,3.2953,140.03
28,1324,52.96,Person,456.33,196.0,3.1856,85.68
28,1337,53.48,Person,458.67,177.5,5.2594,59.32
28,1348,53.92,Person,453.17,173.83,3.4783,99.76
28,1368,54.72,Person,449.0,161.17,3.8142,215.61
28,1374,54.96,Person,448.0,157.5,3.7247,57.8
28,1380,55.2,Person,448.33,141.17,5.1492,80.47
28,1389,55.56,Person,450.0,131.25,6.0975,135.76
29,16,0.64,Person,528.5,145.75,4.4238,0.0
29,26,1.04,Person,526.17,147.0,4.2049,73.7
29,46,1.84,Person,527.83,111.17,6.9786,98.09
29,62,2.48,Person,524.5,80.83,6.8795,87.5
29,64,2.56,Person,519.17,46.67,7.5262,196.32
29,69,2.76,Person,514.0,47.5,7.3342,165.96
29,74,2.96,Person,511.5,48.33,5.1682,347.5
29,79,3.16,Person,515.83,54.33,4.3733,279.07
29,86,3.44,Person,529.17,55.33,3.6628,347.21
29,98,3.92,Person,533.83,53.67,4.4652,36.47
29,108,4.32,Person,533.0,46.0,3.9669,172.06
29,135,5.4,Person,526.17,54.83,4.1539,253.43
29,145,5.8,Person,524.83,61.67,2.9117,294.18
29,174,6.96,Person,529.17,61.67,4.4109,109.25
29,181,7.24,Person,530.67,52.83,3.6978,67.19
29,186,7.44,Person,539.0,57.17,4.4547,303.39
29,205,8.2,Person,541.33,59.83,5.0622,284.64
29,212,8.48,Person,527.83,57.5,4.5719,133.29
29,220,8.8,Person,510.83,42.17,4.047,162.72
29,229,9.16,Person,505.17,42.67,2.3431,354.66
29,244,9.76,Person,508.0,50.0,3.1674,301.5
29,250,10.0,Person,514.33,60.67,3.3344,243.01
29,260,10.4,Person,514.83,65.5,2.8577,349.79
29,284,11.36,Person,524.5,67.17,2.9222,354.53
29,289,11.56,Person,532.5,64.67,3.3871,6.32
29,295,11.8,Person,528.17,54.5,4.4967,116.82
29,308,12.32,Person,518.67,47.5,3.1093,153.26
29,328,13.12,Person,502.17,44.0,4.1402,237.91
29,332,13.28,Person,491.0,54.5,3.5059,202.11
29,348,13.92,Person,480.5,69.0,3.709,240.71
29,373,14.92,Person,465.5,73.67,4.719,218.12
29,380,15.2,Person,457.67,66.17,6.3213,125.14
29,384,15.36,Person,453.0,50.0,6.0493,64.36
29,406,16.24,Person,460.5,45.67,4.6107,353.33
29,412,16.48,Person,472.33,61.33,2.7822,300.58
29,430,17.2,Person,473.33,60.67,4.8264,288.93
29,440,17.6,Person,467.83,62.33,3.4534,121.92
29,470,18.8,Person,453.67,45.33,4.5976,201.79
29,475,19.0,Person,445.0,58.83,2.6688,208.42
29,483,19.32,Person,440.67,60.33,5.5452,261.88
29,487,19.48,Person,442.5,65.67,4.1489,75.82
29,497,19.88,Person,449.67,56.67,5.8701,13.55
29,500,20.0,Person,456.5,55.83,2.9505,5.1
29,504,20.16,Person,449.0,52.83,3.9601,171.37
29,517,20.68,Person,436.0,49.33,2.5791,163.69
29,522,20.88,Person,417.17,51.0,2.5428,200.56
29,531,21.24,Person,409.33,69.5,2.8208,245.41
29,544,21.76,Person,397.83,83.17,2.3058,254.11
29,605,24.2,Person,394.67,82.5,3.7409,112.11
29,614,24.56,Person,385.67,61.0,4.1997,91.98
29,621,24.84,Person,386.67,52.67,5.5737,138.9
29,651,26.04,Person,388.0,44.0,6.16,335.38
29,658,26.32,Person,393.0,42.67,4.2405,78.58
29,670,26.8,Person,393.83,35.17,2.8677,199.68
29,712,28.48,Person,385.83,42.0,1.8068,235.42
29,783,31.32,Person,377.33,43.33,1.6332,201.67
29,838,33.52,Person,375.17,46.0,2.4103,85.21
29,850,34.0,Person,379.17,43.83,1.5109,338.7
29,854,34.16,Person,388.33,42.17,1.9117,49.64
29,869,34.76,Person,392.67,41.67,1.1867,43.38
29,893,35.72,Person,400.5,45.17,1.317,302.73
29,916,36.64,Person,411.5,53.17,0.9155,324.8
29,964,38.56,Person,416.5,53.0,2.7736,37.57
29,969,38.76,Person,414.5,59.0,3.1637,187.43
29,992,39.68,Person,403.33,60.0,4.8123,238.35
29,998,39.92,Person,392.83,78.5,2.9798,192.62
29,1172,46.88,Person,389.33,80.67,5.0067,261.07
29,1176,47.04,Person,390.33,78.67,5.1732,67.72
29,1184,47.36,Person,397.0,66.5,6.3349,77.66
29,1188,47.52,Person,394.33,55.0,4.4321,203.14
29,1201,48.04,Person,383.83,51.33,3.0282,148.42
29,1222,48.88,Person,374.83,44.83,3.3941,163.45
29,1238,49.52,Person,373.67,41.0,2.7335,14.5
29,1256,50.24,Person,380.67,53.83,2.5933,297.63
29,1313,52.52,Person,379.67,54.17,1.154,262.49
29,1330,53.2,Person,374.33,70.17,3.7686,132.05
29,1338,53.52,Person,369.67,65.5,3.8907,263.81
29,1355,54.2,Person,373.17,74.67,4.0662,53.89
29,1367,54.68,Person,374.67,60.33,4.2186,64.43
29,1373,54.92,Person,376.5,56.5,5.4608,111.8
30,17,0.68,Auto,469.0,71.75,10.3879,0.0
30,58,2.32,Auto,468.5,70.17,14.1074,272.48
30,76,3.04,Auto,473.33,89.83,24.8234,82.69
30,95,3.8,Auto,456.5,66.0,25.188,174.81
30,723,28.92,Auto,443.83,83.67,28.5663,163.96
30,755,30.2,Auto,425.0,78.25,26.7753,276.15
31,18,0.72,Person,329.0,80.5,1.6618,0.0
31,21,0.84,Person,332.5,76.83,1.6859,13.17
31,37,1.48,Person,340.17,72.17,3.0879,48.24
31,42,1.68,Person,349.33,79.83,3.0861,313.58
31,50,2.0,Person,347.5,93.83,3.9752,264.26
31,62,2.48,Person,354.33,122.83,3.8072,257.7
31,87,3.48,Person,355.83,149.5,3.6787,299.88
31,108,4.32,Person,369.33,164.33,4.5595,262.86
31,129,5.16,Person,370.67,163.83,5.1835,69.77
31,131,5.24,Person,373.33,162.0,5.8291,258.97
31,142,5.68,Person,379.5,185.33,4.2426,277.16
31,180,7.2,Person,386.0,197.33,3.389,312.64
31,203,8.12,Person,398.0,212.33,4.1462,69.91
31,213,8.52,Person,399.67,198.83,6.7147,291.2
31,220,8.8,Person,400.83,182.83,6.3712,97.57
31,237,9.48,Person,396.33,153.33,6.8325,92.97
31,248,9.92,Person,388.33,136.0,6.2557,171.18
31,252,10.08,Person,381.67,138.0,8.8019,185.04
31,263,10.52,Person,373.33,126.67,7.1491,95.6
31,283,11.32,Person,370.17,121.5,5.8593,109.59
31,289,11.56,Person,364.0,111.83,3.1344,245.63
31,315,12.6,Person,368.83,116.17,5.2299,22.91
31,319,12.76,Person,366.5,115.67,5.5483,350.51
31,327,13.08,Person,356.5,94.0,7.044,139.76
31,408,16.32,Person,326.0,72.33,5.0135,125.49
31,419,16.76,Person,316.67,62.67,4.3119,225.75
31,447,17.88,Person,303.33,80.17,2.8518,292.91
31,471,18.84,Person,300.5,81.5,2.7263,168.31
31,495,19.8,Person,295.67,69.67,2.2878,79.2
31,524,20.96,Person,310.17,61.0,1.9786,347.77
31,606,24.24,Person,329.5,73.17,4.1217,304.41
31,609,24.36,Person,334.0,96.0,3.7783,272.86
31,669,26.76,Person,335.33,101.5,4.295,242.66
31,692,27.68,Person,338.83,89.5,2.9024,71.57
31,704,28.16,Person,343.5,66.33,3.3874,76.05
31,711,28.44,Person,347.5,53.83,3.5323,154.49
31,716,28.64,Person,335.0,50.67,4.7228,177.48
31,723,28.92,Person,327.83,56.17,4.2641,183.16
31,763,30.52,Person,309.67,65.0,4.9069,258.6
31,899,35.96,Person,303.83,61.67,2.6237,161.25
31,932,37.28,Person,296.33,52.17,3.0412,86.43
31,935,37.4,Person,306.33,40.0,1.7072,338.83
31,1020,40.8,Person,305.17,42.0,1.4761,335.78
31,1053,42.12,Person,297.5,49.83,1.457,190.14
31,1074,42.96,Person,285.5,59.17,4.4531,247.82
31,1077,43.08,Person,279.33,65.5,4.2134,321.93
31,1111,44.44,Person,280.33,75.5,3.7696,197.01
31,1176,47.04,Person,275.17,83.5,0.9321,272.98
31,1188,47.52,Person,274.67,90.33,0.9113,150.46
31,1218,48.72,Person,275.67,87.83,1.9458,73.77
31,1244,49.76,Person,289.83,69.17,2.2686,35.43
31,1292,51.68,Person,312.0,60.17,2.787,39.15
31,1311,52.44,Person,332.33,46.0,3.8484,343.45
31,1314,52.56,Person,346.5,51.5,5.2372,21.8
31,1320,52.8,Person,349.67,48.33,5.2377,320.89
31,1331,53.24,Person,353.25,51.25,4.2941,127.23
32,18,0.72,Auto,449.25,165.25,12.266,0.0
32,64,2.56,Auto,455.83,195.67,17.4878,253.89
32,296,11.84,Auto,452.83,210.67,25.0765,332.2
32,300,12.0,Auto,479.33,204.5,29.5625,78.76
32,350,14.0,Auto,484.5,178.5,30.378,2.86
35,20,0.8,Auto,333.25,67.25,13.3187,0.0
35,86,3.44,Auto,358.5,57.33,17.6136,18.69
35,89,3.56,Auto,381.83,49.67,28.0696,21.92
35,224,8.96,Auto,402.67,40.5,26.5912,205.36
35,259,10.36,Auto,399.5,42.0,26.7852,36.03
37,22,0.88,Person,568.25,346.0,4.9153,0.0
37,27,1.08,Person,580.17,374.83,4.1869,273.84
37,50,2.0,Person,576.17,401.33,5.9172,291.17
37,64,2.56,Person,581.67,422.83,4.1705,156.58
37,83,3.32,Person,570.17,428.83,4.7951,288.05
37,94,3.76,Person,541.83,421.83,3.6011,180.56
37,141,5.64,Person,510.67,414.5,3.246,148.54
37,144,5.76,Person,474.83,396.17,2.7684,205.22
37,155,6.2,Person,467.17,383.0,3.4217,131.95
37,175,7.0,Person,438.67,367.17,3.1839,129.47
37,202,8.08,Person,417.83,385.0,2.4142,218.01
37,239,9.56,Person,402.5,408.33,1.4488,276.08
37,316,12.64,Person,400.67,428.5,0.8736,86.73
37,353,14.12,Person,415.33,409.67,2.042,75.04
37,375,15.0,Person,408.67,397.33,4.7982,40.65
37,385,15.4,Person,408.0,397.17,5.6296,187.49
37,397,15.88,Person,378.33,404.83,7.4683,233.55
37,403,16.12,Person,376.5,405.5,7.4207,152.53
37,411,16.44,Person,372.83,375.67,6.8971,65.29
37,468,18.72,Person,416.17,335.33,5.1848,60.66
37,480,19.2,Person,465.67,316.83,3.3477,3.7
37,503,20.12,Person,518.5,303.33,3.853,345.44
37,528,21.12,Person,535.5,342.83,5.2677,276.12
37,552,22.08,Person,530.17,357.0,5.9572,265.18
37,565,22.6,Person,511.33,393.83,5.4675,141.58
37,632,25.28,Person,475.5,387.5,4.9523,194.97
37,645,25.8,Person,437.0,401.33,6.4514,191.6
37,652,26.08,Person,413.67,381.67,7.9963,139.29
37,673,26.92,Person,425.0,401.0,5.9418,36.87
37,710,28.4,Person,448.33,393.17,5.8477,302.72
37,717,28.68,Person,465.67,411.17,4.9941,84.86
37,750,30.0,Person,458.17,373.17,4.8423,125.45
37,791,31.64,Person,455.33,369.5,2.7387,110.33
37,818,32.72,Person,435.67,383.67,2.3838,265.21
37,842,33.68,Person,434.0,418.0,2.3323,228.93
37,927,37.08,Person,417.5,431.0,2.3541,356.05
37,941,37.64,Person,427.5,405.33,3.8726,101.1
37,957,38.28,Person,421.5,377.83,4.6403,81.63
37,967,38.68,Person,418.0,366.67,5.0683,222.34
37,981,39.24,Person,415.0,388.33,4.7675,267.12
37,990,39.6,Person,409.5,415.33,3.9617,280.56
37,1089,43.56,Person,405.67,389.83,4.6098,123.05
37,1115,44.6,Person,402.33,387.83,3.1363,87.42
37,1163,46.52,Person,399.33,375.33,5.8099,275.71
37,1168,46.72,Person,396.67,418.33,4.6963,200.07
37,1189,47.56,Person,388.83,426.17,5.353,264.87
37,1203,48.12,Person,401.17,434.33,3.1808,22.42
37,1235,49.4,Person,406.83,421.83,3.1512,39.93
37,1254,50.16,Person,402.5,403.0,2.9627,137.34
37,1270,50.8,Person,396.33,390.33,3.7393,113.29
37,1283,51.32,Person,390.0,388.17,3.5792,323.74
37,1301,52.04,Person,395.83,400.0,3.1512,220.07
37,1316,52.64,Person,391.0,409.17,2.1151,303.32
37,1318,52.72,Person,402.5,416.17,2.4043,347.45
37,1329,53.16,Person,397.0,416.33,2.1047,350.63
37,1373,54.92,Person,392.5,394.67,3.7061,136.98
37,1391,55.64,Person,371.5,372.83,3.7213,99.42
37,1404,56.16,Person,368.0,351.75,4.8219,183.18
38,23,0.92,Bus,385.5,402.75,19.5873,0.0
38,955,38.2,Bus,385.5,402.75,19.5873,110.27
39,24,0.96,Car,342.5,252.5,15.8508,0.0
39,59,2.36,Car,363.5,277.33,18.0249,310.6
39,74,2.96,Car,388.17,310.0,34.9074,307.84
39,137,5.48,Car,431.0,292.17,32.1893,53.79
39,922,36.88,Car,451.0,216.33,31.8535,71.25
39,1127,45.08,Car,472.25,153.75,22.4565,97.09
40,25,1.0,Person,288.5,313.5,2.6766,0.0
40,44,1.76,Person,287.0,306.83,2.136,114.33
40,62,2.48,Person,275.5,290.17,2.4273,278.96
40,95,3.8,Person,273.0,275.83,1.7829,121.9
40,118,4.72,Person,259.67,242.17,3.9134,99.3
40,131,5.24,Person,251.67,215.0,3.8986,118.63
40,164,6.56,Person,240.67,200.67,2.9255,247.82
40,204,8.16,Person,236.67,191.17,1.556,111.51
40,223,8.92,Person,227.33,180.0,1.9444,108.85
40,240,9.6,Person,224.5,170.17,2.6787,219.44
40,247,9.88,Person,222.17,190.17,2.3751,293.73
40,284,11.36,Person,220.33,195.0,3.8562,256.44
40,336,13.44,Person,219.33,236.67,3.7155,245.89
40,384,15.36,Person,213.5,266.17,4.6463,272.61
40,410,16.4,Person,212.5,270.67,2.9932,112.12
40,469,18.76,Person,203.5,247.0,2.7614,93.49
40,496,19.84,Person,196.83,188.5,2.1279,125.05
40,626,25.04,Person,190.17,176.17,1.9355,96.74
40,681,27.24,Person,209.5,124.83,1.8648,28.95
40,835,33.4,Person,232.33,95.67,0.9523,57.2
40,900,36.0,Person,260.5,70.17,1.0113,11.56
40,968,38.72,Person,268.0,74.17,1.1098,295.94
40,976,39.04,Person,273.83,100.33,2.3284,282.14
40,994,39.76,Person,267.67,105.17,2.2153,247.83
40,1067,42.68,Person,261.67,124.5,2.1732,163.52
40,1109,44.36,Person,256.0,125.17,1.1767,278.07
40,1125,45.0,Person,264.33,149.5,1.5664,306.08
40,1240,49.6,Person,269.5,138.5,1.7382,326.82
40,1297,51.88,Person,281.5,114.67,3.6627,86.79
40,1314,52.56,Person,285.83,83.83,3.8931,64.38
40,1354,54.16,Person,297.33,60.0,4.4615,342.75
40,1377,55.08,Person,299.75,60.75,3.1817,69.78
42,43,1.72,Auto,434.0,303.25,15.9352,0.0
42,59,2.36,Auto,453.17,333.83,23.3339,297.58
42,61,2.44,Auto,439.17,387.17,31.4477,228.42
42,1376,55.04,Auto,428.0,399.75,31.2364,184.28
43,44,1.76,Person,558.25,299.25,0.7179,0.0
43,93,3.72,Person,564.5,261.17,0.8608,59.65
43,152,6.08,Person,582.33,219.17,1.3656,96.31
43,167,6.68,Person,569.33,212.67,2.7749,254.51
43,187,7.48,Person,561.5,233.33,3.2852,240.83
43,193,7.72,Person,552.67,248.83,3.4176,64.58
43,196,7.84,Person,550.33,254.5,3.5007,247.09
43,205,8.2,Person,546.5,260.67,2.8082,242.98
43,225,9.0,Person,525.17,287.5,5.3462,220.88
43,239,9.56,Person,489.83,287.33,6.1169,202.71
43,254,10.16,Person,455.33,278.17,7.6423,127.59
43,266,10.64,Person,424.67,257.67,6.0345,129.54
43,283,11.32,Person,405.67,264.67,5.8422,219.09
43,291,11.64,Person,387.5,279.67,4.4457,235.4
43,310,12.4,Person,395.0,263.83,3.6995,62.02
43,331,13.24,Person,401.33,238.0,3.3352,68.94
43,337,13.48,Person,400.67,190.5,3.2819,129.8
43,371,14.84,Person,381.33,166.17,2.6912,109.19
43,417,16.68,Person,373.5,137.17,2.1521,158.61
43,434,17.36,Person,377.17,130.83,3.7013,40.49
43,471,18.84,Person,391.83,148.83,3.8725,309.62
43,503,20.12,Person,407.5,198.5,2.5791,280.66
43,518,20.72,Person,412.67,244.67,1.5966,276.13
43,562,22.48,Person,419.0,255.17,3.0973,97.65
43,573,22.92,Person,422.67,220.67,3.1329,70.19
43,677,27.08,Person,424.0,195.0,2.6177,94.33
43,716,28.64,Person,412.67,177.0,1.4097,188.39
43,734,29.36,Person,398.67,187.83,1.9978,199.25
43,753,30.12,Person,393.67,175.5,3.3065,307.95
43,769,30.76,Person,397.33,174.17,2.8998,78.92
43,818,32.72,Person,405.0,158.17,2.5578,301.64
43,832,33.28,Person,404.33,162.67,1.3442,83.54
43,857,34.28,Person,408.33,157.33,1.5705,168.34
43,880,35.2,Person,401.67,151.83,1.3058,51.19
43,918,36.72,Person,397.83,148.83,1.3821,163.69
43,933,37.32,Person,391.5,159.0,1.1678,261.63
43,1111,44.44,Person,398.33,165.17,1.3052,314.33
43,1135,45.4,Person,403.33,163.67,1.7371,71.85
43,1148,45.92,Person,409.17,154.83,1.8585,133.23
43,1174,46.96,Person,400.17,171.67,1.9634,272.61
43,1185,47.4,Person,400.67,199.83,1.3054,252.32
43,1234,49.36,Person,398.5,208.83,2.0039,11.16
43,1269,50.76,Person,415.33,188.5,3.0462,70.55
43,1285,51.4,Person,430.0,154.17,4.6806,53.88
43,1292,51.68,Person,435.5,127.5,4.0997,96.34
43,1315,52.6,Person,432.83,111.67,4.2983,126.4
43,1317,52.68,Person,419.33,109.83,3.4114,225.96
43,1328,53.12,Person,412.33,113.83,3.0664,212.67
43,1343,53.72,Person,398.0,122.33,1.5955,183.15
43,1372,54.88,Person,394.67,117.17,1.2914,181.17
43,1390,55.6,Person,390.5,117.25,1.6465,71.97
44,46,1.84,Person,478.0,104.0,1.24,0.0
44,84,3.36,Person,485.17,83.0,1.6286,81.53
44,98,3.92,Person,491.17,43.67,2.1078,34.62
44,107,4.28,Person,498.67,43.83,4.3829,253.65
44,110,4.4,Person,499.5,52.67,4.3343,300.62
44,123,4.92,Person,503.0,59.5,4.5218,260.54
44,129,5.16,Person,500.33,58.67,1.7494,100.71
44,153,6.12,Person,501.0,50.83,2.0805,98.82
44,178,7.12,Person,492.33,45.67,2.8397,150.81
44,189,7.56,Person,484.17,47.17,2.7272,189.08
44,212,8.48,Person,471.67,57.5,3.3532,248.87
44,220,8.8,Person,467.67,58.5,2.835,234.18
44,237,9.48,Person,458.83,59.0,2.9236,115.61
44,370,14.8,Person,458.33,52.83,2.814,218.05
44,377,15.08,Person,471.0,64.0,3.7805,338.59
44,386,15.44,Person,493.67,74.0,6.6207,328.6
44,395,15.8,Person,510.17,79.33,8.3097,15.8
44,397,15.88,Person,512.83,67.67,9.4342,92.35
44,402,16.08,Person,513.0,55.17,6.4882,94.95
44,412,16.48,Person,509.5,59.83,3.9561,265.71
44,427,17.08,Person,500.67,63.83,1.9379,232.43
44,447,17.88,Person,489.0,71.33,2.475,134.68
44,456,18.24,Person,484.83,66.33,3.5337,276.05
44,460,18.4,Person,486.33,65.5,4.0529,25.52
44,466,18.64,Person,494.83,71.33,4.3016,2.92
44,476,19.04,Person,501.67,87.17,3.2134,292.91
44,527,21.08,Person,515.67,105.0,2.7912,301.12
44,538,21.52,Person,524.67,123.5,2.8962,340.45
44,555,22.2,Person,525.83,130.67,2.7404,257.56
44,571,22.84,Person,517.17,142.17,1.9846,180.68
44,722,28.88,Person,500.5,149.17,2.1405,210.03
44,768,30.72,Person,493.33,148.33,2.5638,201.19
44,784,31.36,Person,488.33,145.17,2.8918,69.04
44,789,31.56,Person,492.17,130.33,3.2016,103.42
44,795,31.8,Person,487.67,138.83,3.3633,247.09
44,818,32.72,Person,487.33,136.5,2.8865,252.52
44,847,33.88,Person,484.67,145.5,2.2016,76.96
44,859,34.36,Person,483.0,142.5,1.79,249.86
44,869,34.76,Person,486.0,149.5,3.7832,284.04
44,875,35.0,Person,490.17,142.17,3.2515,40.05
44,917,36.68,Person,490.67,121.5,3.559,104.2
44,935,37.4,Person,481.5,103.0,2.1927,127.97
44,940,37.6,Person,469.33,100.33,4.616,225.59
44,945,37.8,Person,483.83,102.5,4.6327,325.51
44,992,39.68,Person,499.5,109.67,6.3933,8.61
44,1001,40.04,Person,508.67,99.83,3.8208,184.01
44,1055,42.2,Person,495.83,86.33,3.3702,126.93
44,1081,43.24,Person,478.5,64.17,1.6664,114.61
44,1143,45.72,Person,478.0,48.67,3.4812,112.14
44,1165,46.6,Person,482.67,49.5,5.0759,355.15
44,1171,46.84,Person,488.5,50.5,4.9558,277.77
44,1184,47.36,Person,493.0,59.33,3.2615,150.9
44,1227,49.08,Person,491.17,56.33,2.4482,328.42
44,1234,49.36,Person,490.67,53.17,2.3299,127.46
44,1262,50.48,Person,483.0,53.33,2.6994,190.06
44,1276,51.04,Person,477.67,64.67,1.5106,261.82
44,1329,53.16,Person,472.67,82.83,2.436,253.52
44,1343,53.72,Person,471.0,88.33,2.4463,213.65
44,1355,54.2,Person,470.83,90.17,5.5486,50.36
44,1390,55.6,Person,477.83,92.17,7.1799,300.17
44,1393,55.72,Person,480.5,93.83,8.2491,340.28
44,1398,55.92,Person,483.75,95.0,7.402,114.9
45,49,1.96,Person,253.75,118.0,3.2102,0.0
45,57,2.28,Person,252.33,121.0,4.1151,100.25
45,64,2.56,Person,256.83,127.17,4.4583,279.0
45,115,4.6,Person,258.5,143.67,2.6363,298.36
45,133,5.32,Person,273.5,157.5,3.9065,312.51
45,140,5.6,Person,274.5,158.17,5.1325,341.04
45,145,5.8,Person,301.17,141.67,5.2977,76.04
45,163,6.52,Person,317.83,123.33,3.4603,32.79
45,168,6.72,Person,337.33,95.67,5.136,95.22
45,176,7.04,Person,324.33,78.5,6.2071,119.95
45,215,8.6,Person,306.0,55.33,5.8223,147.16
45,239,9.56,Person,286.5,58.33,3.0338,208.65
45,289,11.56,Person,282.33,70.0,2.2765,254.58
45,315,12.6,Person,278.67,97.5,1.6477,293.08
45,374,14.96,Person,279.33,124.33,2.4814,259.27
45,389,15.56,Person,263.17,168.83,3.6638,250.09
45,409,16.36,Person,255.5,180.33,3.5903,229.28
45,431,17.24,Person,243.33,190.83,3.4382,79.65
45,449,17.96,Person,243.67,185.67,2.6511,244.38
45,467,18.68,Person,249.83,211.33,2.7411,303.91
45,502,20.08,Person,265.0,226.67,1.8108,319.55
45,524,20.96,Person,281.83,217.17,3.8286,69.4
45,535,21.4,Person,286.0,198.83,3.7798,84.09
45,547,21.88,Person,286.33,174.17,3.8476,150.0
45,588,23.52,Person,302.0,163.33,1.6062,51.76
45,780,31.2,Person,319.5,155.67,1.9239,12.11
45,794,31.76,Person,329.5,159.83,1.8317,246.8
45,889,35.56,Person,321.67,178.17,1.3559,226.36
45,915,36.6,Person,311.83,199.0,2.8411,267.09
45,938,37.52,Person,310.0,207.5,2.8937,251.57
45,989,39.56,Person,308.33,219.5,4.2817,111.31
45,999,39.96,Person,317.17,237.0,2.3756,285.24
45,1068,42.72,Person,329.0,257.0,2.3132,313.03
45,1118,44.72,Person,343.33,260.0,0.8998,63.96
45,1142,45.68,Person,353.5,229.5,0.8957,71.83
45,1187,47.48,Person,358.5,201.17,0.9069,79.95
45,1221,48.84,Person,363.0,195.5,2.3551,253.74
45,1236,49.44,Person,343.33,221.17,3.3577,251.82
45,1257,50.28,Person,316.17,246.83,4.6827,202.81
45,1269,50.76,Person,271.5,258.5,3.7172,176.82
45,1297,51.88,Person,244.33,250.67,2.9672,174.97
45,1325,53.0,Person,238.5,254.17,2.9766,42.5
45,1341,53.64,Person,249.67,243.0,2.7934,345.78
45,1368,54.72,Person,261.67,249.17,2.9696,79.79
45,1391,55.64,Person,271.0,245.0,2.3526,292.38
45,1407,56.28,Person,274.5,253.5,2.378,9.09
46,50,2.0,Person,519.25,168.25,3.4266,0.0
46,68,2.72,Person,505.5,151.67,5.3524,121.29
46,92,3.68,Person,490.67,125.17,7.5623,144.13
46,96,3.84,Person,490.67,113.67,5.839,20.87
46,116,4.64,Person,495.5,105.17,3.3526,80.95
46,134,5.36,Person,496.17,94.5,1.78,143.11
46,136,5.44,Person,488.17,87.5,3.7661,128.21
46,141,5.64,Person,486.83,79.5,4.5051,121.53
46,147,5.88,Person,479.67,77.5,6.0533,0.0
46,153,6.12,Person,476.5,87.83,3.7696,237.49
46,175,7.0,Person,472.5,101.17,3.0557,268.11
46,183,7.32,Person,466.83,109.17,1.3576,209.8
46,207,8.28,Person,459.83,113.67,1.3791,195.65
46,237,9.48,Person,452.33,115.83,2.6304,237.81
46,254,10.16,Person,445.5,117.33,3.023,107.81
46,266,10.64,Person,438.17,118.67,3.0355,191.32
46,277,11.08,Person,433.67,125.83,2.9832,260.82
46,283,11.32,Person,437.0,136.5,4.1429,318.81
46,286,11.44,Person,439.83,130.83,5.1655,96.2
46,303,12.12,Person,428.5,130.33,6.4405,136.43
46,310,12.4,Person,416.0,120.5,6.5167,213.31
46,315,12.6,Person,410.33,122.83,7.6357,73.18
46,317,12.68,Person,412.5,125.33,5.965,298.38
46,328,13.12,Person,420.67,161.33,6.9233,275.26
46,338,13.52,Person,422.0,189.83,5.8514,280.88
46,349,13.96,Person,430.17,218.5,5.2428,109.72
46,372,14.88,Person,436.67,201.83,3.2113,358.83
46,381,15.24,Person,444.67,203.0,2.6834,74.58
46,402,16.08,Person,447.33,188.17,2.0681,250.48
46,467,18.68,Person,452.0,166.83,1.4375,78.88
46,503,20.12,Person,457.5,138.5,0.7658,75.38
46,538,21.52,Person,461.33,111.83,0.8945,190.08
46,567,22.68,Person,459.67,104.0,0.9469,94.75
46,607,24.28,Person,455.83,96.17,1.126,98.0
46,631,25.24,Person,436.17,90.5,3.8529,186.89
46,641,25.64,Person,415.67,93.83,4.349,175.49
46,647,25.88,Person,400.33,81.0,4.9073,70.28
46,672,26.88,Person,403.83,66.33,4.0515,82.09
46,676,27.04,Person,410.67,49.17,3.555,50.92
46,684,27.36,Person,420.67,56.83,3.5051,312.4
46,709,28.36,Person,427.33,70.5,2.4791,286.66
46,712,28.48,Person,431.33,86.33,4.1033,247.85
46,722,28.88,Person,428.33,85.17,3.5953,255.76
46,751,30.04,Person,428.33,80.17,2.7914,105.39
46,790,31.6,Person,433.33,69.83,1.8118,40.98
46,802,32.08,Person,443.0,62.0,1.8711,27.35
46,817,32.68,Person,457.67,49.83,2.188,49.9
46,841,33.64,Person,471.33,37.5,1.4718,42.78
46,866,34.64,Person,487.0,33.67,1.2657,357.35
46,926,37.04,Person,495.83,39.5,1.6605,299.22
46,934,37.36,Person,495.17,49.17,2.56,231.37
46,940,37.6,Person,493.17,55.5,2.6584,220.62
46,961,38.44,Person,486.5,61.33,4.7845,274.19
46,964,38.56,Person,487.33,60.33,5.3011,170.73
46,970,38.8,Person,479.17,54.17,6.9363,89.3
46,976,39.04,Person,478.33,55.83,4.9926,203.06
46,990,39.6,Person,473.17,78.33,4.6089,275.13
46,996,39.84,Person,478.0,106.33,3.1445,272.58
46,1013,40.52,Person,481.5,116.17,3.9001,18.41
46,1020,40.8,Person,480.83,116.33,3.0536,108.98
46,1043,41.72,Person,483.33,115.33,4.4949,254.04
46,1054,42.16,Person,479.33,132.67,5.3329,302.31
46,1061,42.44,Person,485.33,136.83,5.5095,242.53
46,1081,43.24,Person,491.33,128.5,3.9945,57.87
46,1103,44.12,Person,499.33,109.33,1.9478,65.5
46,1111,44.44,Person,506.83,94.33,1.6488,124.17
46,1131,45.24,Person,504.83,95.33,3.6426,15.98
46,1135,45.4,Person,502.0,99.67,3.6592,233.14
46,1146,45.84,Person,492.0,103.17,3.602,185.57
46,1168,46.72,Person,480.67,102.33,1.8775,142.04
46,1178,47.12,Person,481.33,105.67,1.575,268.81
46,1193,47.72,Person,486.17,110.0,2.0003,327.0
46,1200,48.0,Person,500.33,107.0,2.8129,58.94
46,1210,48.4,Person,507.33,104.33,3.8358,28.57
46,1218,48.72,Person,508.33,113.83,5.9229,259.87
46,1224,48.96,Person,511.33,123.83,5.87,259.61
46,1253,50.12,Person,509.0,113.0,5.8918,68.96
46,1269,50.76,Person,513.67,94.33,3.2942,106.66
46,1301,52.04,Person,512.17,89.5,2.9781,299.55
46,1313,52.52,Person,507.67,90.5,3.5412,234.6
46,1323,52.92,Person,506.83,80.33,5.1298,111.61
46,1330,53.2,Person,506.17,69.33,5.1084,45.0
46,1341,53.64,Person,515.67,59.83,3.4361,305.2
46,1352,54.08,Person,518.33,59.17,4.1612,76.46
46,1353,54.12,Person,517.83,49.17,4.7863,127.23
46,1356,54.24,Person,509.0,52.0,4.6965,188.97
46,1399,55.96,Person,504.25,52.75,3.1034,226.51
48,55,2.2,Car,411.25,49.25,16.8375,0.0
48,64,2.56,Car,403.33,59.17,29.6467,256.28
48,65,2.6,Car,423.0,68.83,39.9597,317.21
48,76,3.04,Car,415.17,69.5,36.3567,18.95
48,145,5.8,Car,415.67,58.83,26.7216,171.04
48,149,5.96,Car,407.67,76.83,31.5592,320.15
48,169,6.76,Car,407.67,82.5,34.2328,297.74
48,219,8.76,Car,397.67,89.67,44.4645,145.64
48,220,8.8,Car,378.5,81.83,48.4237,190.99
48,300,12.0,Car,392.33,71.33,45.5217,355.15
48,387,15.48,Car,418.33,59.0,33.536,49.98
48,419,16.76,Car,431.33,51.17,23.4436,258.07
48,445,17.8,Car,427.83,52.0,30.4277,245.9
48,450,18.0,Car,423.25,62.25,35.0928,98.47
49,59,2.36,Person,391.75,41.75,0.7481,0.0
49,76,3.04,Person,394.17,45.33,1.9586,291.09
49,81,3.24,Person,396.33,60.0,3.3836,286.94
49,94,3.76,Person,390.67,79.83,4.5581,253.05
49,108,4.32,Person,390.83,90.5,4.8611,213.95
49,118,4.72,Person,390.0,99.67,4.5826,8.29
49,132,5.28,Person,398.67,104.83,5.378,267.66
49,139,5.56,Person,408.83,114.5,5.8372,350.79
49,166,6.64,Person,412.33,114.17,5.5679,15.11
49,181,7.24,Person,414.33,117.67,4.2771,194.9
49,189,7.56,Person,400.33,110.83,3.7807,174.26
49,202,8.08,Person,398.67,104.83,3.6026,107.56
49,237,9.48,Person,394.5,87.83,2.7259,38.5
49,295,11.8,Person,399.17,73.33,2.1721,97.99
49,309,12.36,Person,407.33,58.17,2.1725,53.7
49,329,13.16,Person,419.83,49.0,2.7727,1.61
49,332,13.28,Person,431.0,44.33,3.6963,39.2
49,336,13.44,Person,434.17,43.67,3.4961,61.47
49,348,13.92,Person,431.0,53.17,5.0057,255.71
49,402,16.08,Person,428.5,58.33,4.6691,238.69
49,411,16.44,Person,409.17,62.17,6.3046,127.92
49,513,20.52,Person,396.67,63.17,4.5221,201.23
49,535,21.4,Person,387.83,61.67,4.0603,337.01
49,552,22.08,Person,390.33,66.0,2.5831,67.12
49,577,23.08,Person,381.83,69.0,4.0641,228.84
49,586,23.44,Person,370.5,97.5,3.0585,240.95
49,670,26.8,Person,366.33,103.17,3.1133,300.73
49,674,26.96,Person,377.0,108.0,3.7853,68.4
49,679,27.16,Person,382.5,104.83,5.6755,298.73
49,684,27.36,Person,387.33,103.0,5.8212,154.68
49,711,28.44,Person,389.67,94.17,4.5747,78.68
49,715,28.6,Person,396.33,71.83,3.5161,49.03
49,728,29.12,Person,402.67,57.0,3.1512,76.17
49,749,29.96,Person,405.33,48.33,2.8,79.49
49,756,30.24,Person,404.33,46.0,2.0017,255.68
49,766,30.64,Person,406.0,58.5,3.5394,274.4
49,774,30.96,Person,407.33,73.67,3.7865,284.12
49,783,31.32,Person,410.67,78.5,4.4178,256.66
49,853,34.12,Person,410.5,70.33,2.6095,87.89
49,885,35.4,Person,409.17,69.67,3.763,254.66
49,895,35.8,Person,403.0,80.17,3.1446,254.91
49,917,36.68,Person,402.5,87.17,4.7188,109.81
49,932,37.28,Person,402.83,80.17,2.4034,54.21
49,941,37.64,Person,396.5,81.0,2.9058,216.16
49,989,39.56,Person,387.33,94.5,1.9278,226.21
49,1001,40.04,Person,377.17,88.83,2.2875,65.81
49,1064,42.56,Person,376.5,83.67,2.3193,100.99
49,1121,44.84,Person,372.83,101.17,4.8075,265.85
49,1135,45.4,Person,367.0,125.33,4.6655,264.14
49,1178,47.12,Person,362.33,148.83,5.8857,118.96
49,1184,47.36,Person,362.0,137.67,2.8366,294.53
49,1238,49.52,Person,360.33,136.0,2.7208,79.97
49,1265,50.6,Person,361.0,132.17,0.9034,187.41
49,1289,51.56,Person,369.5,167.83,1.9497,290.48
49,1316,52.64,Person,382.67,217.67,1.8732,286.71
49,1330,53.2,Person,395.17,248.33,3.3162,268.17
49,1344,53.76,Person,391.67,264.0,4.7082,97.22
49,1362,54.48,Person,396.33,273.33,4.8853,269.06
49,1396,55.84,Person,404.67,292.33,5.4304,339.56
49,1401,56.04,Person,422.67,308.33,6.0617,339.59
49,1409,56.36,Person,430.5,311.25,8.3857,291.35
50,60,2.4,Car,207.5,431.25,27.0712,0.0
50,83,3.32,Car,198.17,429.17,24.7442,176.99
50,117,4.68,Car,168.67,423.83,40.2551,118.11
50,118,4.72,Car,191.0,419.67,30.2313,24.87
50,214,8.56,Car,189.33,422.83,32.3143,348.28
50,222,8.88,Car,185.83,421.5,31.241,183.2
50,294,11.76,Car,169.5,416.33,32.2921,105.39
50,297,11.88,Car,184.0,405.5,32.5778,8.43
50,306,12.24,Car,212.83,405.0,26.7983,354.88
50,670,26.8,Car,215.33,411.83,25.8809,254.8
50,760,30.4,Car,196.67,406.33,23.5845,173.72
50,880,35.2,Car,155.5,408.0,26.8685,159.96
50,883,35.32,Car,142.5,402.0,27.2907,220.24
50,923,36.92,Car,166.17,413.5,32.0829,1.44
50,1055,42.2,Car,206.5,402.17,31.3658,4.01
50,1057,42.28,Car,235.5,402.5,31.7648,81.87
50,1059,42.36,Car,219.5,407.0,36.9242,252.9
50,1115,44.6,Car,206.67,395.33,35.4934,164.15
50,1305,52.2,Car,187.33,384.5,46.0305,87.28
50,1377,55.08,Car,188.5,360.0,43.965,267.95
51,61,2.44,Person,376.0,285.75,2.4886,0.0
51,64,2.56,Person,371.67,267.67,2.294,103.54
51,118,4.72,Person,373.33,247.17,4.8845,94.9
51,133,5.32,Person,386.17,240.67,4.7602,338.41
51,155,6.2,Person,406.0,239.33,6.1026,323.37
51,164,6.56,Person,421.33,254.17,5.866,70.35
51,173,6.92,Person,434.33,242.0,6.3098,309.21
51,187,7.48,Person,442.5,236.17,4.7948,59.78
51,218,8.72,Person,441.83,209.5,4.5815,117.35
51,237,9.48,Person,414.17,207.0,3.7259,174.78
51,255,10.2,Person,382.0,206.5,5.8911,207.65
51,261,10.44,Person,363.83,213.17,5.964,119.92
51,266,10.64,Person,361.5,221.5,5.0891,310.24
51,333,13.32,Person,364.5,245.33,2.8845,263.02
51,372,14.88,Person,356.17,265.83,3.0101,239.83
51,377,15.08,Person,354.17,263.83,3.6679,108.24
51,399,15.96,Person,350.33,264.5,4.6882,14.43
51,414,16.56,Person,344.17,250.0,2.897,197.43
51,480,19.2,Person,341.0,245.33,2.3605,100.81
51,508,20.32,Person,347.17,244.67,1.8552,313.68
51,532,21.28,Person,350.17,280.67,2.9228,271.36
51,553,22.12,Person,340.83,273.83,4.7347,166.48
51,640,25.6,Person,321.33,267.33,4.6548,102.21
51,674,26.96,Person,301.0,246.0,3.9765,240.26
51,695,27.8,Person,272.83,250.33,3.8143,163.87
51,711,28.44,Person,245.0,235.0,3.6833,132.63
51,723,28.92,Person,229.5,208.67,3.0903,114.54
51,768,30.72,Person,225.5,207.0,1.3971,82.41
51,813,32.52,Person,232.83,206.0,1.5315,286.07
51,834,33.36,Person,240.5,227.83,2.3449,331.11
51,853,34.12,Person,233.5,247.83,2.6993,250.31
51,898,35.92,Person,224.0,248.5,2.9304,170.36
51,933,37.32,Person,221.5,252.0,3.0633,56.31
51,1009,40.36,Person,251.83,232.5,2.5983,330.68
51,1052,42.08,Person,274.0,227.83,2.3896,49.01
51,1067,42.68,Person,263.83,223.17,1.3051,184.98
51,1189,47.56,Person,227.17,251.33,1.7984,222.12
51,1239,49.56,Person,198.5,277.25,1.3719,243.23
52,61,2.44,Person,532.5,248.75,3.2185,0.0
52,68,2.72,Person,530.83,262.67,2.583,262.84
52,87,3.48,Person,523.5,272.67,3.6541,148.81
52,95,3.8,Person,524.17,266.83,1.9489,98.01
52,110,4.4,Person,519.83,244.5,1.9101,50.21
52,155,6.2,Person,530.67,219.17,3.1877,90.48
52,169,6.76,Person,530.5,178.67,4.5754,70.36
52,182,7.28,Person,535.0,171.17,5.3177,159.37
52,214,8.56,Person,542.17,191.33,3.6256,282.12
52,268,10.72,Person,547.17,231.17,3.0369,302.43
52,282,11.28,Person,559.67,232.5,3.7421,157.21
52,288,11.52,Person,559.67,242.0,3.9624,45.66
52,336,13.44,Person,571.83,237.83,2.9046,280.91
52,414,16.56,Person,572.33,239.33,3.7003,80.24
52,480,19.2,Person,569.33,226.33,5.3724,125.64
52,484,19.36,Person,567.67,225.5,5.746,272.4
52,509,20.36,Person,567.83,214.33,4.3617,51.67
52,539,21.56,Person,565.67,206.33,2.8045,107.86
52,556,22.24,Person,555.67,185.0,3.5254,217.26
52,567,22.68,Person,546.83,188.0,2.6328,112.78
52,582,23.28,Person,531.33,177.83,3.4161,181.21
52,677,27.08,Person,518.5,178.83,2.7002,164.67
52,687,27.48,Person,505.0,182.5,2.5719,265.03
52,729,29.16,Person,505.33,194.17,1.0233,256.94
52,759,30.36,Person,503.5,208.67,0.7918,283.32
52,791,31.64,Person,502.83,215.83,0.8554,247.01
52,806,32.24,Person,502.0,224.0,0.9998,180.0
52,828,33.12,Person,505.5,224.17,2.7265,316.38
52,831,33.24,Person,503.33,233.17,3.9477,246.34
52,842,33.68,Person,503.83,250.5,5.2256,249.6
52,856,34.24,Person,508.33,266.17,3.7334,307.0
52,880,35.2,Person,517.5,285.5,3.6833,345.38
52,938,37.52,Person,516.0,268.0,2.8345,162.35
52,965,38.6,Person,514.0,241.83,2.6833,95.18
52,994,39.76,Person,512.17,210.83,1.5056,60.9
52,1005,40.2,Person,518.33,200.17,1.8176,249.58
52,1014,40.56,Person,527.5,175.83,2.1156,68.15
52,1044,41.76,Person,534.83,149.5,2.4532,73.0
52,1129,45.16,Person,540.83,130.33,1.8697,233.41
52,1140,45.6,Person,533.33,133.67,1.7822,229.89
52,1156,46.24,Person,536.67,130.0,1.764,97.22
52,1177,47.08,Person,539.33,104.17,3.9193,62.7
52,1189,47.56,Person,542.17,98.5,6.5462,100.34
52,1198,47.92,Person,537.17,101.5,8.9522,257.08
52,1201,48.04,Person,535.33,131.17,7.0289,272.62
52,1220,48.8,Person,541.33,173.0,6.6843,283.07
52,1239,49.56,Person,556.83,203.17,5.9242,287.7
52,1247,49.88,Person,562.5,225.33,5.7339,52.79
52,1267,50.68,Person,554.0,213.17,4.4764,166.07
52,1279,51.16,Person,535.33,206.5,2.5744,151.57
52,1289,51.56,Person,523.33,202.83,2.7229,192.74
52,1313,52.52,Person,520.0,182.67,1.7429,95.25
52,1328,53.12,Person,516.67,168.0,2.0329,96.97
52,1374,54.96,Person,514.17,159.67,2.2402,261.15
52,1391,55.64,Person,512.5,181.33,3.2889,272.18
52,1399,55.96,Person,511.33,219.0,5.1523,265.82
52,1409,56.36,Person,510.0,237.25,6.3396,266.28
53,62,2.48,Person,440.25,315.25,3.0908,0.0
53,71,2.84,Person,444.83,314.0,2.4125,77.66
53,102,4.08,Person,438.5,293.17,3.6255,99.73
53,127,5.08,Person,452.67,289.67,3.3105,93.49
53,147,5.88,Person,469.83,260.17,3.4556,10.46
53,194,7.76,Person,497.5,244.33,2.543,70.66
53,197,7.88,Person,510.33,221.83,2.0603,13.62
53,204,8.16,Person,503.0,248.67,2.4705,265.79
53,252,10.08,Person,504.83,276.0,5.2691,254.1
53,264,10.56,Person,496.5,323.5,6.5243,303.02
53,278,11.12,Person,504.67,354.5,6.8741,263.48
53,294,11.76,Person,488.83,385.67,4.8583,253.26
53,314,12.56,Person,474.17,403.33,2.9013,191.41
53,337,13.48,Person,472.17,409.17,2.4207,307.0
53,374,14.96,Person,467.5,423.67,1.5836,335.86
53,408,16.32,Person,455.17,425.83,2.6347,194.18
53,426,17.04,Person,432.0,415.0,4.7231,123.69
53,435,17.4,Person,446.5,380.83,6.1018,52.81
53,461,18.44,Person,486.17,352.17,6.8981,28.66
53,477,19.08,Person,534.33,353.33,5.2246,339.87
53,500,20.0,Person,559.5,347.5,3.7957,338.01
53,547,21.88,Person,564.83,331.5,2.3788,102.82
53,568,22.72,Person,551.5,289.67,3.9025,118.16
53,574,22.96,Person,539.67,283.67,5.947,151.53
53,585,23.4,Person,515.83,274.83,7.7073,215.91
53,605,24.2,Person,497.0,270.33,8.163,137.82
53,608,24.32,Person,480.33,254.67,7.3061,73.43
53,612,24.48,Person,477.17,254.5,4.8576,248.61
53,641,25.64,Person,475.0,261.67,2.1302,219.44
53,651,26.04,Person,479.83,268.67,1.9588,329.51
53,688,27.52,Person,486.17,270.67,2.8665,345.4
53,694,27.76,Person,487.83,284.5,3.9148,221.1
53,710,28.4,Person,472.17,287.0,3.0995,231.1
53,765,30.6,Person,465.83,303.5,2.7974,157.33
53,789,31.56,Person,467.17,306.17,1.5563,307.76
53,822,32.88,Person,470.17,323.5,1.7411,285.55
53,852,34.08,Person,463.0,314.67,1.4496,173.35
53,895,35.8,Person,460.5,317.33,2.6865,85.41
53,912,36.48,Person,455.67,303.5,2.6434,304.75
53,974,38.96,Person,469.33,330.83,2.9607,223.38
53,996,39.84,Person,470.0,319.5,2.5058,315.57
53,1039,41.56,Person,477.0,309.33,3.5544,99.8
53,1067,42.68,Person,470.5,272.33,4.0624,110.55
53,1080,43.2,Person,481.5,264.0,3.9204,0.0
53,1107,44.28,Person,490.17,268.5,3.74,343.3
53,1116,44.64,Person,505.5,274.17,3.1184,238.53
53,1132,45.28,Person,506.33,258.5,4.5084,52.03
53,1147,45.88,Person,513.0,236.17,3.891,92.01
53,1166,46.64,Person,518.0,228.17,4.2739,298.6
53,1185,47.4,Person,541.33,253.17,3.1491,304.96
53,1225,49.0,Person,568.33,279.83,3.0812,327.4
53,1233,49.32,Person,583.17,297.0,2.6518,273.24
53,1251,50.04,Person,572.83,254.33,4.4035,118.54
53,1330,53.2,Person,561.0,225.5,4.0182,99.12
53,1395,55.8,Person,559.5,187.0,5.8136,289.65
53,1399,55.96,Person,563.25,197.5,4.359,46.12
54,67,2.68,Car,405.25,44.25,11.379,0.0
54,69,2.76,Car,394.83,53.0,26.3203,197.58
54,70,2.8,Car,357.33,76.5,37.6703,224.02
54,82,3.28,Car,325.67,90.5,39.2841,202.48
54,84,3.36,Car,309.67,80.17,32.2148,84.15
54,92,3.68,Car,319.5,55.0,28.2212,53.13
54,97,3.88,Car,341.83,45.83,37.9369,338.2
54,98,3.92,Car,355.33,49.0,40.1903,336.8
54,132,5.28,Car,359.17,58.83,49.1687,195.4
54,133,5.32,Car,351.17,67.5,38.9211,230.35
54,134,5.36,Car,333.83,67.33,35.1031,168.54
54,143,5.72,Car,347.83,59.17,37.1503,72.16
54,168,6.72,Car,375.17,51.67,45.3239,357.01
54,170,6.8,Car,406.0,66.83,42.1108,308.55
54,173,6.92,Car,426.0,75.83,32.6531,285.09
54,176,7.04,Car,416.67,70.83,26.2676,67.35
54,224,8.96,Car,422.67,54.67,37.0525,145.9
54,225,9.0,Car,402.17,46.33,43.0412,357.69
54,248,9.92,Car,408.67,53.33,44.2841,205.62
54,262,10.48,Car,389.83,49.67,37.2774,317.04
54,324,12.96,Car,383.5,52.83,30.2331,154.72
54,382,15.28,Car,371.67,60.67,38.3821,276.91
54,383,15.32,Car,383.67,80.5,36.8903,302.84
54,394,15.76,Car,398.67,112.67,47.0467,312.99
54,415,16.6,Car,401.83,121.33,39.3839,264.42
54,493,19.72,Car,399.17,124.17,39.6969,116.04
54,494,19.76,Car,384.83,131.67,39.798,260.02
54,618,24.72,Car,368.67,150.83,36.6084,240.07
54,620,24.8,Car,347.83,184.67,35.9853,200.93
54,686,27.44,Car,334.0,194.33,27.5408,256.18
54,724,28.96,Car,344.67,230.33,29.1249,292.06
54,934,37.36,Car,360.17,269.5,28.0702,295.79
54,950,38.0,Car,376.83,310.83,34.6673,281.43
54,1009,40.36,Car,392.33,332.0,30.9724,318.41
54,1239,49.56,Car,398.25,337.25,34.7451,336.8
55,72,2.88,Car,494.75,65.75,16.0741,0.0
55,95,3.8,Car,497.5,66.17,18.4817,250.2
55,104,4.16,Car,445.83,74.33,25.4686,150.51
55,336,13.44,Car,409.17,56.17,21.5142,173.42
55,393,15.72,Car,353.5,46.33,23.8911,88.11
55,395,15.8,Car,339.0,39.67,28.5475,179.42
55,479,19.16,Car,329.33,53.17,31.1951,246.94
55,530,21.2,Car,345.17,68.5,34.5923,322.88
55,538,21.52,Car,360.67,84.67,39.056,347.07
55,539,21.56,Car,340.5,127.83,46.2159,225.87
55,732,29.28,Car,312.5,150.67,43.3589,234.36
55,842,33.68,Car,301.83,137.17,37.512,74.77
55,1259,50.36,Car,320.17,84.67,28.1358,72.93
55,1336,53.44,Car,328.33,49.17,32.9089,4.36
55,1380,55.2,Car,328.0,44.67,33.2093,138.98
55,1412,56.48,Car,323.5,40.75,39.0243,96.01
56,73,2.92,Bus,260.0,219.25,10.9049,0.0
56,79,3.16,Bus,260.0,219.25,10.9049,165.24
57,73,2.92,Car,499.75,171.25,19.7542,0.0
57,86,3.44,Car,503.17,155.33,28.8678,143.76
57,143,5.72,Car,473.67,126.17,36.0238,94.07
57,298,11.92,Car,441.33,82.0,42.2641,148.85
57,300,12.0,Car,381.33,57.0,34.348,154.61
57,381,15.24,Car,347.17,49.67,36.9406,195.61
57,412,16.48,Car,331.33,66.83,24.3051,274.15
57,435,17.4,Car,358.17,72.0,26.6072,335.77
57,492,19.68,Car,376.67,75.5,27.4393,20.48
57,655,26.2,Car,397.67,70.83,27.6782,208.03
57,681,27.24,Car,400.17,73.33,24.6552,347.87
57,689,27.56,Car,404.0,66.5,22.347,53.53
57,691,27.64,Car,390.83,62.5,24.5962,161.67
57,722,28.88,Car,358.5,67.33,29.0236,203.42
57,724,28.96,Car,349.67,65.0,28.9328,171.02
57,732,29.28,Car,362.67,52.0,28.6569,39.21
57,757,30.28,Car,384.0,64.67,31.6513,298.98
57,1046,41.84,Car,383.33,91.0,36.9855,259.67
57,1222,48.88,Car,370.33,115.67,41.7854,150.41
57,1299,51.96,Car,358.33,133.5,40.6972,224.58
57,1329,53.16,Car,352.5,139.25,40.7722,264.77
58,73,2.92,Auto,499.75,171.25,19.7542,0.0
58,86,3.44,Auto,500.0,130.33,21.1112,119.87
58,349,13.96,Auto,482.5,91.33,28.6182,86.15
58,376,15.04,Auto,479.5,84.83,22.4421,239.97
58,494,19.76,Auto,469.0,103.0,21.7506,268.87
59,83,3.32,Auto,175.0,416.5,15.8262,0.0
59,352,14.08,Auto,175.0,416.5,15.8262,80.22
61,88,3.52,Auto,390.25,262.25,11.4103,0.0
61,256,10.24,Auto,415.33,208.0,14.7287,46.28
61,1127,45.08,Auto,450.0,171.75,22.0931,77.89
62,90,3.6,Car,372.0,205.0,10.4475,0.0
62,94,3.76,Car,365.0,218.83,15.8733,278.97
62,206,8.24,Car,384.67,259.5,22.6343,270.29
62,225,9.0,Car,389.33,291.33,25.1816,310.53
62,486,19.44,Car,392.67,310.67,24.6334,190.25
62,505,20.2,Car,365.83,283.0,31.4444,130.32
62,533,21.32,Car,355.0,269.17,31.3236,99.64
62,583,23.32,Car,362.0,268.5,38.1357,297.81
62,764,30.56,Car,381.67,216.67,32.7695,76.1
62,1049,41.96,Car,392.33,151.33,32.8002,86.09
62,1050,42.0,Car,405.17,83.0,30.0018,297.79
62,1058,42.32,Car,416.83,98.33,33.0273,322.73
62,1059,42.36,Car,414.5,84.0,31.5812,113.96
62,1189,47.56,Car,415.83,67.67,29.7679,109.43
62,1198,47.92,Car,407.75,44.75,27.8049,347.38
64,96,3.84,Car,360.25,187.5,27.5099,0.0
64,99,3.96,Car,379.5,184.83,26.0081,22.91
64,114,4.56,Car,409.17,184.0,41.5137,334.51
64,154,6.16,Car,426.0,208.0,30.7807,285.68
64,256,10.24,Car,414.67,215.83,34.5871,234.76
64,287,11.48,Car,401.83,203.67,29.5222,129.01
64,379,15.16,Car,384.5,186.83,31.401,88.23
64,384,15.36,Car,386.33,168.5,33.0465,261.53
64,386,15.44,Car,381.67,168.33,37.3185,91.89
64,393,15.72,Car,332.33,122.67,38.3867,156.1
64,593,23.72,Car,299.67,100.17,34.5947,139.19
64,603,24.12,Car,258.0,65.17,35.3876,339.75
64,620,24.8,Car,272.67,81.17,35.3203,182.04
64,623,24.92,Car,255.83,105.17,38.613,279.52
64,722,28.88,Car,238.83,149.83,40.0547,228.81
64,724,28.96,Car,232.17,171.17,49.1565,244.69
64,995,39.8,Car,237.5,168.0,47.9144,31.17
64,999,39.96,Car,261.5,152.83,43.4323,79.16
64,1043,41.72,Car,266.67,154.5,39.2154,310.06
64,1044,41.76,Car,271.67,170.33,40.665,276.53
64,1121,44.84,Car,275.5,171.5,37.3608,53.13
64,1143,45.72,Car,276.25,170.5,32.9839,78.0
65,97,3.88,Person,607.0,358.5,2.2003,0.0
65,112,4.48,Person,600.17,348.33,2.6327,92.66
65,126,5.04,Person,574.33,337.5,5.0891,176.25
65,141,5.64,Person,565.67,317.17,4.1535,152.53
65,206,8.24,Person,571.17,301.83,4.2099,42.13
65,237,9.48,Person,583.0,301.17,2.3403,261.03
65,276,11.04,Person,578.5,317.83,3.3637,235.64
65,283,11.32,Person,572.17,345.33,3.771,347.41
65,296,11.84,Person,567.17,335.5,5.0513,228.11
65,320,12.8,Person,545.67,328.17,6.7119,136.53
65,334,13.36,Person,519.67,297.83,5.6348,148.58
65,349,13.96,Person,502.83,273.33,4.4306,99.56
65,380,15.2,Person,500.33,258.5,3.1577,110.71
65,396,15.84,Person,503.17,245.33,5.1732,327.55
65,403,16.12,Person,507.33,241.67,4.7618,73.1
65,425,17.0,Person,502.83,234.5,4.98,182.45
65,431,17.24,Person,497.33,242.5,3.9877,236.78
65,448,17.92,Person,486.67,252.83,5.2275,265.99
65,457,18.28,Person,491.0,250.17,4.5784,131.8
65,471,18.84,Person,486.67,238.0,3.9196,60.49
65,483,19.32,Person,502.83,218.17,3.9707,81.07
65,498,19.92,Person,512.5,199.5,2.9832,38.66
65,524,20.96,Person,528.17,181.33,3.2415,74.52
65,529,21.16,Person,525.83,170.33,3.9791,118.82
65,533,21.32,Person,513.5,172.0,4.7794,195.12
65,545,21.8,Person,504.0,171.5,6.4301,200.56
65,549,21.96,Person,499.67,172.83,5.3495,51.98
65,564,22.56,Person,497.5,175.83,4.6486,239.85
65,588,23.52,Person,490.0,195.17,2.0513,241.73
65,670,26.8,Person,494.17,214.33,2.3805,289.3
65,683,27.32,Person,506.67,220.67,1.9964,6.29
65,731,29.24,Person,520.17,203.5,2.3101,79.42
65,771,30.84,Person,523.0,173.17,2.0259,90.78
65,781,31.24,Person,520.67,146.0,3.456,91.83
65,785,31.4,Person,519.17,145.0,3.6077,237.22
65,814,32.56,Person,519.33,139.83,4.9672,284.02
65,826,33.04,Person,521.17,130.5,3.6405,83.82
65,862,34.48,Person,523.0,105.17,3.2322,95.09
65,877,35.08,Person,526.33,101.67,1.5901,344.88
65,892,35.68,Person,527.83,109.83,1.536,287.57
65,923,36.92,Person,533.67,122.5,2.3125,265.68
65,932,37.28,Person,545.17,132.17,2.3206,338.99
65,982,39.28,Person,557.0,132.83,4.1991,353.86
65,986,39.44,Person,559.17,142.17,5.3889,189.64
65,995,39.8,Person,553.0,133.83,6.4939,217.19
65,1007,40.28,Person,543.5,128.67,6.3178,95.65
65,1012,40.48,Person,535.67,119.5,6.641,195.09
65,1017,40.68,Person,508.83,136.67,6.6405,225.57
65,1032,41.28,Person,494.33,160.83,6.5198,225.65
65,1040,41.6,Person,489.83,196.5,4.7608,303.91
65,1054,42.16,Person,502.17,191.5,5.779,328.36
65,1063,42.52,Person,515.5,184.17,5.0156,83.7
65,1109,44.36,Person,522.5,175.67,6.8517,303.22
65,1117,44.68,Person,520.17,184.17,4.6789,246.09
65,1146,45.84,Person,512.5,192.0,4.4377,130.6
65,1153,46.12,Person,503.67,173.33,2.4661,48.65
65,1177,47.08,Person,524.33,179.83,4.6354,18.12
65,1190,47.6,Person,538.17,184.83,4.0642,320.84
65,1217,48.68,Person,550.0,200.33,6.0874,195.51
65,1219,48.76,Person,539.33,190.0,4.8357,131.13
65,1231,49.24,Person,534.67,170.67,5.9051,98.37
65,1241,49.64,Person,534.83,149.5,3.5926,73.68
65,1259,50.36,Person,543.5,138.33,2.4745,24.86
65,1273,50.92,Person,559.33,150.33,2.0822,331.88
65,1304,52.16,Person,569.0,155.5,2.5365,299.48
66,103,4.12,Auto,268.0,194.5,19.9281,0.0
66,351,14.04,Auto,268.0,194.5,19.9281,127.45
67,112,4.48,Bus,480.25,87.25,11.824,0.0
67,1296,51.84,Bus,492.0,93.67,16.3095,308.84
67,1299,51.96,Bus,495.17,119.33,21.791,279.72
67,1309,52.36,Bus,495.75,122.75,20.8625,219.45
68,113,4.52,Bus,478.0,110.0,15.8233,0.0
68,1294,51.76,Bus,478.0,110.0,15.8233,72.5
69,131,5.24,Person,292.0,56.0,3.2247,0.0
69,144,5.76,Person,288.5,62.5,4.4244,12.53
69,156,6.24,Person,286.5,73.33,6.2285,222.47
69,177,7.08,Person,269.33,106.83,6.9583,248.77
69,186,7.44,Person,261.83,122.33,5.3105,274.69
69,208,8.32,Person,264.0,142.67,4.764,137.02
69,226,9.04,Person,260.83,140.83,2.2678,275.55
69,309,12.36,Person,270.83,148.33,4.2783,71.13
69,316,12.64,Person,284.0,132.83,5.2045,13.88
69,325,13.0,Person,304.67,123.5,5.4062,53.27
69,338,13.52,Person,313.17,104.33,4.5437,54.82
69,346,13.84,Person,314.5,112.17,4.3053,188.47
69,361,14.44,Person,315.83,117.33,4.7989,272.51
69,370,14.8,Person,325.83,178.33,4.9947,291.43
69,389,15.56,Person,334.0,201.0,3.4835,278.46
69,409,16.36,Person,335.67,224.5,4.4381,100.98
69,412,16.48,Person,341.0,188.33,2.944,69.8
69,470,18.8,Person,349.0,182.5,3.6968,35.54
69,483,19.32,Person,350.0,142.83,4.2384,119.35
69,498,19.92,Person,348.67,155.83,4.1173,106.75
69,521,20.84,Person,355.0,154.0,4.6615,287.63
69,530,21.2,Person,367.33,201.5,3.5753,354.72
69,545,21.8,Person,379.5,198.83,5.5882,277.2
69,551,22.04,Person,391.0,192.0,5.3027,51.58
69,565,22.6,Person,404.83,172.0,6.7155,60.01
69,570,22.8,Person,411.33,166.67,4.6684,260.87
69,598,23.92,Person,415.67,170.67,3.4803,302.54
69,626,25.04,Person,415.0,165.67,1.0027,77.0
69,671,26.84,Person,413.33,144.67,2.0045,111.37
69,685,27.4,Person,407.17,130.5,2.111,91.22
69,714,28.56,Person,397.67,114.5,1.8587,185.81
69,821,32.84,Person,380.17,113.33,2.4473,144.66
69,829,33.16,Person,366.67,104.0,2.9759,205.95
69,837,33.48,Person,349.0,81.67,4.9977,101.96
69,931,37.24,Person,338.5,70.17,3.3779,129.11
69,1018,40.72,Person,326.0,61.33,2.9625,270.0
69,1177,47.08,Person,317.0,67.33,2.8949,128.51
69,1188,47.52,Person,315.17,75.67,3.5806,172.18
69,1220,48.8,Person,314.17,90.67,4.5753,290.0
69,1229,49.16,Person,318.0,106.33,4.0277,270.0
69,1240,49.6,Person,320.67,108.67,3.243,109.25
69,1297,51.88,Person,324.83,104.0,2.1999,330.83
69,1313,52.52,Person,335.67,105.5,1.2941,11.69
69,1321,52.84,Person,340.5,108.33,1.2732,3.89
69,1373,54.92,Person,333.0,99.17,3.2959,172.42
69,1383,55.32,Person,327.0,108.67,3.4689,151.5
69,1416,56.64,Person,320.25,105.0,4.9452,281.2
70,138,5.52,Car,278.75,435.5,10.7547,0.0
70,850,34.0,Car,300.17,381.33,20.2798,65.72
70,978,39.12,Car,310.67,347.83,33.0326,72.61
70,996,39.84,Car,334.67,345.67,37.6136,263.46
70,1052,42.08,Car,330.5,382.0,36.7554,307.49
72,154,6.16,Person,444.25,54.25,2.0952,0.0
72,164,6.56,Person,439.17,61.5,1.9725,256.09
72,182,7.28,Person,430.0,70.5,2.2991,195.42
72,207,8.28,Person,425.33,65.0,1.9371,108.45
72,220,8.8,Person,423.17,67.5,3.1462,12.67
72,231,9.24,Person,434.67,59.5,3.3491,293.7
72,244,9.76,Person,438.0,57.17,2.9913,59.52
72,253,10.12,Person,440.83,48.17,2.1475,197.31
72,263,10.52,Person,437.33,60.67,2.4068,259.83
72,283,11.32,Person,441.5,72.5,2.4099,303.27
72,294,11.76,Person,454.67,75.17,2.4516,27.35
72,307,12.28,Person,461.33,65.83,3.0062,56.68
72,313,12.52,Person,473.5,71.83,2.7431,292.26
72,343,13.72,Person,494.67,92.17,3.3089,312.21
72,359,14.36,Person,522.17,119.0,2.4316,325.44
72,375,15.0,Person,532.0,148.0,3.889,264.92
72,385,15.4,Person,518.17,161.17,4.3874,226.51
72,394,15.76,Person,507.33,174.33,4.8136,141.84
72,407,16.28,Person,502.0,176.0,4.2325,310.82
72,414,16.56,Person,508.83,168.33,3.6918,105.15
72,432,17.28,Person,507.33,164.5,4.6019,79.77
72,439,17.56,Person,508.33,150.5,6.4437,241.22
72,442,17.68,Person,511.0,154.83,5.5156,58.53
72,459,18.36,Person,523.17,128.83,4.7782,45.82
72,479,19.16,Person,536.33,101.67,3.8212,73.96
72,500,20.0,Person,548.0,81.17,6.4503,34.85
72,508,20.32,Person,549.67,72.33,6.0695,299.64
72,538,21.52,Person,548.33,76.67,5.3451,114.5
72,546,21.84,Person,544.83,59.5,4.432,200.53
72,555,22.2,Person,541.67,55.67,4.2148,89.56
72,566,22.64,Person,537.67,47.33,5.7263,214.24
72,568,22.72,Person,531.67,55.5,4.9881,233.32
72,573,22.92,Person,529.83,56.67,5.7154,275.14
72,581,23.24,Person,526.83,61.67,3.0896,97.9
72,822,32.88,Person,522.5,68.5,2.2909,240.95
72,837,33.48,Person,512.83,88.67,2.4646,249.64
72,848,33.92,Person,506.0,92.33,2.7171,212.09
72,879,35.16,Person,504.17,99.67,2.3954,86.62
72,920,36.8,Person,504.33,94.17,3.213,285.93
72,924,36.96,Person,510.33,102.67,4.022,78.13
72,931,37.24,Person,510.5,95.5,4.7903,351.25
72,940,37.6,Person,508.5,90.67,3.5829,124.49
72,948,37.92,Person,502.67,79.17,4.1404,129.35
72,951,38.04,Person,498.83,78.0,3.95,67.46
72,959,38.36,Person,500.17,72.67,4.1343,262.95
72,969,38.76,Person,499.83,68.67,2.5463,83.19
72,979,39.16,Person,498.33,52.5,2.4179,107.7
72,994,39.76,Person,496.0,48.17,1.6588,109.6
72,1016,40.64,Person,495.83,42.67,1.7403,288.0
72,1029,41.16,Person,496.5,45.67,1.2308,74.28
72,1036,41.44,Person,491.33,45.17,1.5651,205.57
72,1053,42.12,Person,480.67,53.17,2.0776,210.31
72,1065,42.6,Person,462.17,56.33,1.9677,201.51
72,1115,44.6,Person,444.17,64.33,3.5385,177.07
72,1121,44.84,Person,435.67,60.0,3.176,234.18
72,1146,45.84,Person,442.17,60.33,3.2446,38.31
72,1177,47.08,Person,449.5,51.67,1.1665,5.92
72,1212,48.48,Person,450.0,47.67,0.7905,142.35
72,1233,49.32,Person,449.5,44.17,0.8089,59.01
72,1282,51.28,Person,453.17,42.0,0.9815,351.61
72,1287,51.48,Person,456.0,42.83,1.465,140.14
72,1306,52.24,Person,457.67,44.33,1.8518,256.0
72,1316,52.64,Person,459.67,50.33,3.37,318.1
72,1319,52.76,Person,469.83,59.17,3.1664,303.88
72,1342,53.68,Person,472.0,55.67,4.1591,23.94
72,1353,54.12,Person,475.33,53.67,3.1121,112.85
72,1363,54.52,Person,474.33,44.5,3.0902,308.83
72,1377,55.08,Person,478.0,46.83,1.6682,60.44
72,1384,55.36,Person,476.83,51.67,1.9322,257.35
72,1396,55.84,Person,475.75,56.5,2.1725,246.64
73,164,6.56,Person,270.0,283.25,1.3686,0.0
73,202,8.08,Person,269.0,321.5,2.5185,252.12
73,227,9.08,Person,267.17,354.33,3.2892,288.86
73,259,10.36,Person,299.83,375.0,3.4,35.01
73,296,11.84,Person,325.33,340.33,3.5066,22.9
73,338,13.52,Person,337.5,322.0,3.3067,103.75
73,421,16.84,Person,329.33,305.67,2.4691,219.47
73,475,19.0,Person,313.33,328.83,2.8851,255.52
73,489,19.56,Person,310.17,356.83,4.5844,248.74
73,496,19.84,Person,317.17,365.0,5.4809,356.04
73,525,21.0,Person,314.33,350.67,6.6289,83.98
73,536,21.44,Person,303.33,350.83,4.5804,188.54
73,710,28.4,Person,305.67,360.67,6.6195,294.93
73,724,28.96,Person,328.0,378.5,4.2786,10.11
73,750,30.0,Person,390.83,401.33,7.2434,324.51
73,764,30.56,Person,432.83,423.5,5.3832,327.87
73,773,30.92,Person,456.67,452.33,6.1469,158.53
73,792,31.68,Person,439.33,446.17,3.5978,188.24
73,815,32.6,Person,406.5,424.0,2.9634,117.5
73,854,34.16,Person,398.67,383.0,1.7068,105.71
73,917,36.68,Person,409.17,353.67,2.8794,34.87
73,936,37.44,Person,449.67,339.17,3.9886,357.99
73,952,38.08,Person,486.17,343.33,5.1072,8.63
73,960,38.4,Person,517.0,356.67,4.6513,300.64
73,974,38.96,Person,520.33,382.0,3.7699,285.43
73,995,39.8,Person,515.0,359.0,3.6233,127.02
73,1030,41.2,Person,504.83,314.83,4.4543,94.16
73,1037,41.48,Person,509.5,286.33,4.2068,339.16
73,1055,42.2,Person,523.0,324.67,4.3301,282.9
73,1064,42.56,Person,529.0,381.5,3.0915,273.31
73,1084,43.36,Person,523.5,417.5,2.789,239.83
73,1115,44.6,Person,520.5,421.0,2.033,127.57
73,1136,45.44,Person,516.33,419.17,4.0186,53.29
73,1152,46.08,Person,510.17,395.83,5.957,147.63
73,1169,46.76,Person,499.5,374.83,5.7499,105.97
73,1185,47.4,Person,491.83,335.33,3.4563,86.78
73,1221,48.84,Person,498.5,321.17,2.6743,81.09
73,1238,49.52,Person,510.67,316.0,2.9523,328.84
73,1254,50.16,Person,521.33,319.33,2.9316,345.36
73,1270,50.8,Person,528.67,323.33,3.21,121.22
73,1276,51.04,Person,527.5,314.5,2.6629,349.7
73,1327,53.08,Person,539.5,311.17,2.8751,68.01
73,1355,54.2,Person,542.83,299.0,3.8859,9.57
73,1359,54.36,Person,553.67,313.5,5.1752,246.59
73,1379,55.16,Person,544.33,330.83,5.3132,272.7
73,1398,55.92,Person,534.0,370.67,4.442,224.09
73,1405,56.2,Person,520.75,383.5,4.2702,251.72
74,170,6.8,Car,331.25,46.25,18.9841,0.0
74,178,7.12,Car,329.0,45.17,23.8838,132.97
74,225,9.0,Car,322.83,51.5,39.8667,235.57
74,230,9.2,Car,324.33,53.17,34.4781,269.04
74,240,9.6,Car,331.83,56.67,38.8188,36.23
74,244,9.76,Car,335.67,49.33,35.0942,319.86
74,245,9.8,Car,331.33,63.0,43.5328,211.23
74,261,10.44,Car,310.67,72.83,37.7399,238.5
74,290,11.6,Car,297.5,91.83,37.5058,188.24
74,291,11.64,Car,281.83,112.17,38.7182,263.8
74,302,12.08,Car,281.17,128.67,40.2173,256.7
74,415,16.6,Car,276.33,144.17,37.8748,62.03
74,473,18.92,Car,274.67,148.67,28.5134,242.74
74,550,22.0,Car,268.0,156.67,30.8623,233.9
74,555,22.2,Car,262.17,167.0,28.6616,212.29
74,557,22.28,Car,269.17,178.5,33.3602,285.67
74,564,22.56,Car,273.33,194.83,28.9277,323.97
74,565,22.6,Car,277.83,189.17,32.1038,144.48
74,627,25.08,Car,325.5,169.67,29.0215,35.63
74,746,29.84,Car,363.0,126.17,38.1261,22.08
74,817,32.68,Car,395.5,117.83,44.0873,150.22
74,840,33.6,Car,374.17,115.5,52.3198,251.15
74,846,33.84,Car,368.5,131.0,46.309,73.61
74,891,35.64,Car,363.83,169.33,38.3447,262.87
74,998,39.92,Car,389.67,225.0,28.5274,280.23
74,1196,47.84,Car,415.67,276.17,23.2241,341.2
74,1249,49.96,Car,465.67,275.17,26.8028,50.46
74,1374,54.96,Car,475.5,263.25,28.8212,23.91
75,170,6.8,Car,316.25,58.75,10.9066,0.0
75,173,6.92,Car,319.0,63.67,19.2445,225.35
75,186,7.44,Car,319.67,68.67,27.5291,358.1
75,211,8.44,Car,333.67,79.67,30.8242,326.07
75,213,8.52,Car,337.5,101.83,25.8366,273.83
75,225,9.0,Car,337.0,120.83,28.1928,257.21
75,226,9.04,Car,353.17,112.33,33.3249,58.18
75,258,10.32,Car,374.5,84.5,38.3667,42.06
75,286,11.44,Car,414.67,72.5,39.133,6.93
75,301,12.04,Car,451.83,85.5,39.2958,330.77
75,303,12.12,Car,485.33,82.83,35.21,4.87
75,349,13.96,Car,485.67,75.5,36.7068,112.09
75,922,36.88,Car,459.17,55.5,27.8846,189.61
75,1193,47.72,Car,434.17,50.83,31.5161,148.69
75,1194,47.76,Car,413.67,57.5,32.5102,199.81
75,1303,52.12,Car,395.5,69.33,33.3191,229.26
75,1333,53.32,Car,377.33,98.33,37.1094,222.52
75,1392,55.68,Car,369.25,105.75,34.8172,276.34
76,175,7.0,Person,596.5,435.0,1.6222,0.0
76,180,7.2,Person,594.83,431.83,1.7178,142.88
76,299,11.96,Person,581.83,427.5,3.2499,149.46
76,310,12.4,Person,577.0,432.17,3.5255,204.7
76,322,12.88,Person,574.83,433.67,3.4604,321.6
76,341,13.64,Person,578.83,439.83,3.0881,80.16
76,349,13.96,Person,571.0,434.33,2.1647,197.19
76,377,15.08,Person,571.0,423.5,4.0863,99.21
76,388,15.52,Person,567.83,404.83,4.8404,62.14
76,395,15.8,Person,565.5,386.17,7.3522,149.84
76,399,15.96,Person,557.33,388.67,6.1764,200.42
76,431,17.24,Person,547.33,407.5,6.4299,270.58
76,443,17.72,Person,547.0,416.17,4.9283,219.6
76,460,18.4,Person,547.83,415.83,6.8913,63.44
76,463,18.52,Person,522.0,405.33,6.9305,190.23
76,477,19.08,Person,495.67,413.5,6.9209,188.03
76,484,19.36,Person,482.33,419.33,4.9794,341.8
76,497,19.88,Person,500.17,426.17,5.6674,358.84
76,507,20.28,Person,505.17,427.67,6.3407,199.09
76,525,21.0,Person,462.17,416.33,5.9102,162.57
76,565,22.6,Person,429.83,408.17,3.6444,157.29
76,590,23.6,Person,421.5,381.5,3.1087,12.31
76,616,24.64,Person,437.33,353.17,2.9058,66.12
76,643,25.72,Person,439.67,310.67,2.7992,113.78
76,677,27.08,Person,435.5,284.33,1.804,108.27
76,726,29.04,Person,443.33,263.67,4.0913,34.74
76,733,29.32,Person,461.33,244.0,4.1179,58.06
76,756,30.24,Person,466.33,230.33,3.8574,82.55
76,788,31.52,Person,460.33,229.5,1.1213,212.42
76,821,32.84,Person,453.33,245.83,3.1916,248.71
76,828,33.12,Person,444.33,264.17,3.7019,264.17
76,846,33.84,Person,432.0,287.67,4.1874,220.2
76,871,34.84,Person,427.33,318.5,2.3782,261.23
76,914,36.56,Person,424.5,343.5,3.3333,292.5
76,919,36.76,Person,413.5,383.83,5.1758,220.02
76,940,37.6,Person,410.17,398.17,4.6141,250.08
76,1112,44.48,Person,409.5,417.33,3.7005,20.53
76,1134,45.36,Person,431.67,424.33,2.4368,276.41
76,1151,46.04,Person,449.5,432.5,3.0994,331.39
76,1179,47.16,Person,476.67,430.17,2.9822,31.5
76,1201,48.04,Person,492.83,422.0,2.1854,37.34
76,1222,48.88,Person,501.5,416.67,1.7026,252.04
76,1241,49.64,Person,499.5,410.0,1.4246,64.89
76,1272,50.88,Person,506.17,389.0,1.9431,96.59
76,1289,51.56,Person,497.33,366.5,2.2915,90.41
76,1314,52.56,Person,481.83,331.0,4.2855,133.31
76,1325,53.0,Person,457.17,286.0,4.5035,112.89
76,1351,54.04,Person,439.5,248.0,4.0619,107.72
76,1367,54.68,Person,436.0,232.0,1.9461,243.43
76,1386,55.44,Person,435.0,234.0,1.0287,340.02
80,264,10.56,Person,436.0,331.25,2.4436,0.0
80,271,10.84,Person,432.67,307.33,3.4038,74.26
80,295,11.8,Person,444.0,299.83,4.3008,93.61
80,305,12.2,Person,436.67,293.33,3.1087,287.51
80,333,13.32,Person,438.5,299.67,1.8489,157.67
80,371,14.84,Person,421.83,294.67,2.4461,97.14
80,381,15.24,Person,414.5,256.67,4.4862,127.91
80,396,15.84,Person,401.67,235.33,5.2999,98.15
80,411,16.44,Person,407.5,201.0,5.7209,331.39
80,418,16.72,Person,410.67,213.83,6.3584,2.17
80,434,17.36,Person,417.33,223.33,5.9717,252.79
80,459,18.36,Person,409.5,248.83,6.5453,260.79
80,467,18.68,Person,399.17,251.83,4.4988,212.56
80,484,19.36,Person,417.17,253.67,6.4686,45.35
80,501,20.04,Person,450.17,240.83,7.2215,3.83
80,511,20.44,Person,497.0,233.67,8.4531,26.3
80,532,21.28,Person,513.67,224.67,6.4376,19.75
80,535,21.4,Person,512.33,213.33,3.9071,129.1
80,561,22.44,Person,514.33,236.83,2.0525,260.12
80,639,25.56,Person,522.67,273.33,1.7811,286.71
80,675,27.0,Person,537.33,323.67,2.9368,289.5
80,683,27.32,Person,535.67,324.0,4.0375,132.12
80,703,28.12,Person,530.17,318.0,4.43,115.01
80,713,28.52,Person,516.17,305.67,2.7566,240.18
80,744,29.76,Person,506.0,307.33,1.5836,163.79
80,763,30.52,Person,497.33,286.83,1.6548,99.61
80,789,31.56,Person,501.33,278.5,3.8194,65.92
80,823,32.92,Person,514.67,279.33,4.6253,298.59
80,836,33.44,Person,534.17,295.5,4.1121,330.45
80,865,34.6,Person,546.17,289.0,2.9487,43.66
80,878,35.12,Person,547.0,254.17,2.5421,103.5
80,897,35.88,Person,544.33,207.0,2.99,94.68
80,921,36.84,Person,537.83,191.83,3.1812,60.14
80,933,37.32,Person,539.67,197.67,3.7583,255.23
80,947,37.88,Person,543.0,220.83,4.4276,350.21
80,955,38.2,Person,545.33,208.67,4.3797,51.5
80,977,39.08,Person,552.5,213.17,6.0772,116.83
80,987,39.48,Person,550.33,217.17,5.202,291.47
80,996,39.84,Person,556.17,257.0,4.6423,260.04
80,1025,41.0,Person,556.67,279.83,1.8341,274.55
80,1047,41.88,Person,558.5,294.17,1.9924,58.45
80,1056,42.24,Person,563.0,293.5,1.8005,83.66
80,1130,45.2,Person,562.5,283.83,2.9296,346.66
80,1143,45.72,Person,561.83,269.0,4.6732,100.53
80,1157,46.28,Person,552.5,265.33,5.0605,156.65
80,1188,47.52,Person,549.83,287.5,4.905,261.68
80,1211,48.44,Person,550.17,335.33,5.5181,282.84
80,1219,48.76,Person,557.33,380.67,5.6,275.48
80,1242,49.68,Person,567.83,398.83,6.2905,300.29
80,1260,50.4,Person,573.83,415.5,3.9352,35.05
80,1285,51.4,Person,587.17,417.5,3.3399,275.55
80,1316,52.64,Person,588.0,414.0,1.8621,56.31
80,1387,55.48,Person,592.0,394.17,1.8927,103.91
80,1391,55.64,Person,580.0,387.33,3.1621,228.2
80,1411,56.44,Person,576.5,391.25,4.1063,238.48
82,307,12.28,Car,215.25,433.0,23.7349,0.0
82,836,33.44,Car,225.0,436.33,26.1435,355.48
82,845,33.8,Car,262.67,401.0,33.3609,138.89
82,924,36.96,Car,243.0,347.0,25.6037,90.9
82,983,39.32,Car,229.17,272.83,26.2188,101.19
82,993,39.72,Car,250.33,218.83,33.6561,85.13
82,1294,51.76,Car,263.33,159.83,38.8479,45.16
82,1301,52.04,Car,293.83,123.5,37.2612,103.19
82,1302,52.08,Car,288.5,101.67,33.0587,321.6
82,1303,52.12,Car,283.17,115.0,38.8533,197.17
82,1319,52.76,Car,271.17,142.5,37.5407,252.11
82,1323,52.92,Car,271.83,170.17,34.3707,276.0
82,1361,54.44,Car,274.5,186.0,29.2367,26.57
82,1414,56.56,Car,282.5,182.0,31.801,213.69
83,309,12.36,Person,452.25,210.0,1.11,0.0
83,333,13.32,Person,454.17,219.67,1.1721,323.97
83,378,15.12,Person,466.67,238.17,1.3711,195.51
83,407,16.28,Person,453.67,231.5,1.1827,120.0
83,441,17.64,Person,455.83,224.67,1.383,72.3
83,453,18.12,Person,455.33,214.0,1.6844,301.38
83,473,18.92,Person,458.33,209.83,2.5689,125.44
83,481,19.24,Person,454.0,211.0,4.0103,14.04
83,498,19.92,Person,449.33,189.0,4.5161,144.2
83,521,20.84,Person,446.33,171.67,4.6678,95.86
83,528,21.12,Person,450.17,156.0,4.2831,329.57
83,539,21.56,Person,451.0,165.0,3.8821,262.3
83,564,22.56,Person,449.0,167.0,2.9377,150.26
83,585,23.4,Person,445.67,165.0,1.4965,42.83
83,625,25.0,Person,448.67,164.67,2.4638,275.49
83,628,25.12,Person,454.17,168.0,2.12,40.52
83,668,26.72,Person,458.0,175.0,2.5499,348.69
83,714,28.56,Person,470.83,171.83,1.8875,306.21
83,727,29.08,Person,473.33,182.33,3.9694,40.98
83,735,29.4,Person,465.67,177.17,4.0775,217.71
83,755,30.2,Person,446.83,188.83,3.3753,168.16
83,830,33.2,Person,429.33,190.5,1.2154,232.74
83,852,34.08,Person,419.83,192.33,1.6915,143.53
83,861,34.44,Person,425.0,182.33,2.1529,70.2
83,877,35.08,Person,429.5,171.67,2.6826,26.79
83,885,35.4,Person,429.67,153.33,2.1715,132.26
83,920,36.8,Person,419.67,130.17,1.7928,109.21
83,972,38.88,Person,413.83,117.0,3.1124,87.64
83,980,39.2,Person,419.33,129.33,2.6438,281.6
83,1056,42.24,Person,418.67,155.33,2.8492,277.51
83,1063,42.52,Person,426.33,169.0,1.723,242.33
83,1082,43.28,Person,428.33,166.33,1.7286,30.41
83,1111,44.44,Person,437.33,163.17,1.4599,97.16
83,1144,45.76,Person,435.33,157.5,3.6728,259.16
83,1147,45.88,Person,430.83,148.33,4.1721,111.01
83,1162,46.48,Person,430.17,130.83,6.004,95.06
83,1167,46.68,Person,430.83,106.5,3.9277,67.39
83,1186,47.44,Person,431.67,89.33,4.9755,99.76
83,1189,47.56,Person,437.33,78.5,4.511,0.0
83,1203,48.12,Person,446.67,91.67,5.3522,322.43
83,1214,48.56,Person,457.33,114.17,4.5885,277.67
83,1234,49.36,Person,458.83,137.0,3.6467,260.53
83,1241,49.64,Person,464.33,143.0,2.1159,356.1
83,1263,50.52,Person,469.33,141.67,1.2338,36.74
83,1284,51.36,Person,475.33,131.33,0.9482,124.17
83,1314,52.56,Person,471.5,131.17,2.9613,93.9
83,1321,52.84,Person,482.0,125.17,5.8975,318.9
83,1326,53.04,Person,490.0,123.33,5.8651,27.88
83,1339,53.56,Person,501.67,118.17,3.6778,128.15
83,1356,54.24,Person,504.17,112.17,0.9532,21.4
83,1384,55.36,Person,511.5,103.0,1.138,60.8
83,1405,56.2,Person,516.25,94.5,1.3801,56.73
84,328,13.12,Car,504.75,353.25,13.9213,0.0
84,943,37.72,Car,507.83,346.17,19.3783,168.44
84,1234,49.36,Car,497.25,344.0,29.0674,35.62
86,382,15.28,Car,463.0,105.0,13.2197,0.0
86,455,18.2,Car,451.83,110.0,19.3735,53.01
86,755,30.2,Car,448.83,89.5,34.4651,198.17
86,795,31.8,Car,432.5,91.83,38.7744,83.92
86,804,32.16,Car,424.83,82.5,34.8917,275.27
86,933,37.32,Car,435.83,124.67,35.9153,259.16
86,1018,40.72,Car,417.5,163.5,30.9066,278.75
86,1145,45.8,Car,418.83,202.33,36.6941,183.49
86,1194,47.76,Car,388.33,191.83,37.1605,95.74
86,1201,48.04,Car,388.0,188.5,43.5702,138.37
87,385,15.4,Person,496.5,356.25,2.3992,0.0
87,404,16.16,Person,508.67,358.5,3.214,329.05
87,418,16.72,Person,480.0,390.33,4.1152,246.35
87,440,17.6,Person,439.17,416.5,3.2955,209.69
87,472,18.88,Person,392.5,417.0,3.8681,123.69
87,480,19.2,Person,378.67,378.5,4.1657,82.65
87,498,19.92,Person,385.0,365.0,4.9061,183.58
87,518,20.72,Person,378.33,388.17,3.0291,276.55
87,532,21.28,Person,358.67,423.33,4.4684,219.5
87,545,21.8,Person,347.67,425.67,3.3182,161.8
87,757,30.28,Person,340.67,409.67,3.6909,46.18
87,773,30.92,Person,351.5,411.17,3.3618,230.49
87,784,31.36,Person,348.0,407.17,3.3719,259.3
87,1189,47.56,Person,347.17,422.5,3.2143,85.34
87,1232,49.28,Person,359.0,419.67,3.4783,294.71
87,1239,49.56,Person,357.17,433.67,5.6044,347.72
87,1322,52.88,Person,354.67,438.33,6.0192,188.28
87,1329,53.16,Person,342.83,434.0,4.8568,15.28
87,1339,53.56,Person,327.5,433.67,3.5288,139.62
87,1390,55.6,Person,326.17,417.33,3.9284,167.83
87,1414,56.56,Person,316.5,415.25,3.7766,40.33
88,403,16.12,Bus,259.25,254.75,8.9814,0.0
88,589,23.56,Bus,259.25,254.75,8.9814,282.91
92,467,18.68,Person,231.5,158.5,0.4072,0.0
92,530,21.2,Person,240.5,165.17,0.9872,6.33
92,556,22.24,Person,251.0,150.17,1.2578,354.9
92,675,27.0,Person,262.67,140.5,2.5159,83.74
92,689,27.56,Person,264.67,109.5,2.4933,43.56
92,720,28.8,Person,256.33,117.0,3.2,171.03
92,751,30.04,Person,244.83,115.17,1.9024,236.46
92,837,33.48,Person,237.83,144.33,3.7524,3.24
92,850,34.0,Person,227.83,164.83,5.1415,252.02
92,864,34.56,Person,217.5,192.83,7.7756,217.33
92,880,35.2,Person,216.33,190.5,5.709,38.2
92,931,37.24,Person,231.67,184.33,3.7531,38.16
92,1112,44.48,Person,247.17,185.67,1.2564,290.03
92,1216,48.64,Person,245.83,194.0,2.9285,302.55
92,1223,48.92,Person,237.83,190.5,3.2722,150.02
92,1240,49.6,Person,214.83,193.0,3.1813,185.4
92,1328,53.12,Person,209.33,195.5,1.5588,244.28
92,1362,54.48,Person,215.33,210.33,3.1425,0.39
92,1369,54.76,Person,228.83,211.5,3.4618,305.67
92,1378,55.12,Person,233.83,227.5,4.4883,248.47
92,1390,55.6,Person,232.75,230.25,3.2252,276.15
93,475,19.0,Car,383.75,377.25,17.1054,0.0
93,794,31.76,Car,352.5,301.5,20.9298,115.58
93,916,36.64,Car,321.17,198.17,37.0946,105.35
93,935,37.4,Car,308.33,120.0,35.1648,58.58
93,983,39.32,Car,330.33,94.0,45.121,42.49
93,999,39.96,Car,343.83,76.33,36.0812,47.17
93,1053,42.12,Car,373.0,58.83,40.1561,37.77
93,1247,49.88,Car,391.83,47.33,40.4397,12.51
93,1318,52.72,Car,410.25,43.25,49.972,68.63
94,475,19.0,Car,342.75,50.25,23.0454,0.0
94,476,19.04,Car,355.17,43.83,27.2962,349.75
94,496,19.84,Car,382.67,49.67,36.4207,19.16
94,505,20.2,Car,403.67,54.17,32.5987,315.61
94,758,30.32,Car,405.17,59.0,35.1142,187.54
94,793,31.72,Car,367.33,59.0,38.3635,162.36
94,983,39.32,Car,331.67,52.5,33.8781,187.55
94,1055,42.2,Car,304.0,63.67,26.3085,279.21
94,1332,53.28,Car,307.17,84.5,21.5355,269.37
94,1376,55.04,Car,307.0,99.5,21.7188,285.02
95,484,19.36,Car,422.25,105.25,24.5506,0.0
95,485,19.4,Car,439.67,101.0,23.5665,43.98
95,489,19.56,Car,454.83,91.83,39.8913,358.46
95,495,19.8,Car,468.33,84.33,36.9465,127.06
95,496,19.84,Car,462.5,78.83,48.067,104.88
95,536,21.44,Car,440.33,57.0,39.0474,154.56
95,891,35.64,Car,409.0,56.0,43.2537,157.38
95,944,37.76,Car,372.33,46.17,39.3227,215.9
95,992,39.68,Car,348.83,54.17,42.5278,152.4
95,993,39.72,Car,326.67,63.5,35.8967,219.9
95,1155,46.2,Car,314.5,86.83,30.1334,248.24
95,1194,47.76,Car,307.25,105.0,29.4347,285.78
96,484,19.36,Auto,438.75,97.75,12.8908,0.0
96,536,21.44,Auto,432.67,97.67,20.9676,60.86
96,1058,42.32,Auto,436.5,95.67,32.1989,223.82
96,1059,42.36,Auto,426.25,105.5,35.4076,305.71
97,484,19.36,Auto,351.25,99.0,13.8938,0.0
97,722,28.88,Auto,351.25,99.0,13.8938,81.81
99,495,19.8,Car,458.0,391.25,11.3287,0.0
99,544,21.76,Car,435.83,395.17,21.1909,158.49
99,759,30.36,Car,383.33,379.33,28.0157,187.87
99,876,35.04,Car,354.5,390.5,27.6613,161.33
99,922,36.88,Car,335.83,397.0,28.3326,297.35
99,923,36.92,Car,289.17,413.5,29.2357,187.53
99,1239,49.56,Car,225.83,413.83,31.4728,175.48
99,1240,49.6,Car,167.33,417.83,30.6495,203.38
99,1248,49.92,Car,156.17,422.83,41.277,246.47
99,1320,52.8,Car,144.67,419.5,49.4011,135.62
99,1400,56.0,Car,137.0,412.0,53.8721,116.57
100,495,19.8,Auto,458.0,391.25,11.3287,0.0
100,544,21.76,Auto,458.0,391.25,11.3287,132.35
101,502,20.08,Person,300.5,144.0,1.1988,0.0
101,526,21.04,Person,303.5,143.33,3.2637,278.54
101,529,21.16,Person,323.33,151.17,4.1002,352.87
101,555,22.2,Person,348.83,164.17,3.7568,330.59
101,588,23.52,Person,372.83,178.67,1.4866,304.25
101,609,24.36,Person,376.83,190.5,0.938,303.65
101,641,25.64,Person,381.0,190.0,0.7657,263.66
101,678,27.12,Person,385.33,199.5,2.5701,357.36
101,727,29.08,Person,387.33,214.83,2.4517,270.64
101,767,30.68,Person,388.5,230.33,5.2845,249.83
101,770,30.8,Person,385.17,221.17,5.9017,78.91
101,780,31.2,Person,390.67,203.5,6.1214,89.66
101,800,32.0,Person,383.17,191.17,3.2719,254.1
101,837,33.48,Person,377.5,184.0,1.34,157.69
101,862,34.48,Person,365.33,169.67,1.1823,96.02
101,905,36.2,Person,365.67,135.33,3.262,93.53
101,919,36.76,Person,360.67,132.5,2.7621,89.41
101,967,38.68,Person,361.33,140.33,3.884,260.98
101,996,39.84,Person,357.67,145.17,4.8663,65.47
101,1006,40.24,Person,357.5,126.5,5.2866,96.2
101,1014,40.56,Person,360.83,104.0,4.3213,41.46
101,1041,41.64,Person,372.5,108.5,1.234,338.68
101,1101,44.04,Person,391.5,98.33,2.6541,19.34
101,1111,44.44,Person,407.0,79.33,2.9017,71.0
101,1175,47.0,Person,418.0,59.83,3.6688,48.49
101,1250,50.0,Person,429.67,67.17,3.0476,299.1
101,1259,50.36,Person,435.5,76.67,3.814,302.06
101,1266,50.64,Person,438.5,82.33,3.2806,119.63
101,1269,50.76,Person,432.5,72.17,2.6603,132.73
101,1283,51.32,Person,425.33,60.33,3.9104,118.02
101,1288,51.52,Person,420.0,51.17,3.864,120.15
101,1334,53.36,Person,415.5,54.17,5.1764,272.17
101,1342,53.68,Person,421.67,64.0,3.7782,281.61
101,1352,54.08,Person,426.5,74.17,4.1333,345.31
101,1360,54.4,Person,439.0,85.5,5.2647,290.14
101,1365,54.6,Person,443.5,95.33,4.7814,305.87
101,1369,54.76,Person,448.5,102.25,5.9964,123.69
102,553,22.12,Person,419.0,352.75,4.1241,0.0
102,557,22.28,Person,414.5,340.0,3.8271,154.65
102,582,23.28,Person,396.83,328.5,5.8201,117.85
102,606,24.24,Person,387.17,323.83,5.5762,206.98
102,615,24.6,Person,363.83,347.83,5.7877,259.27
102,643,25.72,Person,355.83,360.0,5.2774,204.02
102,659,26.36,Person,341.17,366.0,3.6957,74.54
102,671,26.84,Person,350.67,331.0,2.8618,76.68
102,713,28.52,Person,375.83,294.0,1.815,63.87
102,780,31.2,Person,394.33,266.5,1.1918,26.32
102,812,32.48,Person,404.33,261.5,0.933,235.05
102,859,34.36,Person,397.67,275.5,0.6857,80.51
102,901,36.04,Person,404.67,253.0,0.8442,51.68
102,918,36.72,Person,415.17,251.17,1.4351,64.3
102,935,37.4,Person,424.17,239.5,3.0445,285.23
102,941,37.64,Person,427.17,243.5,2.9604,84.55
102,965,38.6,Person,429.33,208.5,4.9227,90.29
102,978,39.12,Person,433.67,170.83,3.9797,82.73
102,997,39.88,Person,443.0,139.83,5.0658,55.77
102,1002,40.08,Person,444.83,132.0,3.2889,312.98
102,1012,40.48,Person,442.17,143.17,3.3532,216.64
102,1031,41.24,Person,435.67,164.5,3.706,266.73
102,1042,41.68,Person,438.17,191.17,3.5699,277.42
102,1054,42.16,Person,439.33,200.83,3.6795,326.83
102,1066,42.64,Person,439.67,221.5,2.4621,239.37
102,1094,43.76,Person,441.33,225.33,2.7295,275.71
102,1111,44.44,Person,443.5,229.33,2.7427,76.26
102,1142,45.68,Person,446.83,222.83,3.3711,159.74
102,1159,46.36,Person,445.5,220.0,3.017,273.58
102,1178,47.12,Person,439.67,237.0,4.7509,151.06
102,1187,47.48,Person,432.17,224.17,5.5444,212.08
102,1202,48.08,Person,424.67,242.67,5.5675,100.7
102,1213,48.52,Person,426.33,230.83,4.4444,275.61
102,1231,49.24,Person,433.0,236.83,3.1067,74.46
102,1263,50.52,Person,438.83,232.33,3.1905,298.03
102,1288,51.52,Person,438.0,214.17,4.4098,133.33
102,1297,51.88,Person,426.33,198.83,4.2953,104.04
102,1320,52.8,Person,420.67,180.83,6.6042,240.85
102,1326,53.04,Person,420.33,181.83,4.1734,326.5
102,1347,53.88,Person,426.0,180.33,4.0852,85.07
102,1351,54.04,Person,430.0,176.0,1.1353,280.62
102,1413,56.52,Person,430.75,180.0,1.0408,296.57
107,598,23.92,Bus,244.75,97.75,9.7339,0.0
107,1084,43.36,Bus,244.75,97.75,9.7339,32.42
108,612,24.48,Person,244.75,51.0,0.587,0.0
108,629,25.16,Person,240.5,48.5,2.7123,45.0
108,634,25.36,Person,242.67,44.17,2.9157,135.0
108,676,27.04,Person,252.0,48.83,2.8673,345.08
108,749,29.96,Person,264.5,60.67,1.6729,308.75
108,757,30.28,Person,266.33,66.5,2.6362,182.35
108,772,30.88,Person,255.5,63.33,2.7317,131.78
108,779,31.16,Person,267.17,49.17,2.113,18.24
108,826,33.04,Person,291.0,45.83,1.882,13.34
108,838,33.52,Person,314.5,39.0,3.9806,345.96
108,849,33.96,Person,335.83,45.33,3.6836,356.44
108,973,38.92,Person,346.33,48.33,2.9933,337.54
108,1007,40.28,Person,358.5,48.67,1.634,145.67
108,1015,40.6,Person,355.0,42.5,1.6267,84.81
108,1029,41.16,Person,351.0,40.17,1.6339,237.75
108,1071,42.84,Person,347.83,39.83,0.7309,195.55
108,1093,43.72,Person,344.17,46.17,0.7457,8.65
108,1146,45.84,Person,351.33,52.0,1.9863,296.08
108,1153,46.12,Person,360.33,74.67,1.9576,305.53
108,1174,46.96,Person,363.67,80.0,2.3578,270.61
108,1206,48.24,Person,357.17,73.33,2.331,113.49
108,1218,48.72,Person,348.17,58.33,4.9366,122.86
108,1221,48.84,Person,348.5,57.67,4.8366,288.22
108,1241,49.64,Person,354.67,72.5,3.6636,309.6
108,1278,51.12,Person,362.5,98.67,2.2882,278.92
108,1297,51.88,Person,366.83,125.0,2.1,276.77
108,1318,52.72,Person,366.17,156.33,2.8238,267.48
108,1337,53.48,Person,377.33,164.17,2.0925,292.65
108,1353,54.12,Person,395.0,164.67,3.2292,27.33
108,1363,54.52,Person,397.17,166.83,3.0476,240.27
108,1383,55.32,Person,381.17,180.33,4.1214,214.86
108,1389,55.56,Person,357.67,192.83,3.2054,202.32
108,1403,56.12,Person,359.17,183.83,4.0085,69.32
108,1414,56.56,Person,362.5,175.0,3.2847,55.3
109,675,27.0,Person,512.0,461.0,0.5065,0.0
109,728,29.12,Person,509.67,456.83,1.2427,26.86
109,776,31.04,Person,509.5,445.83,2.5172,144.86
109,785,31.4,Person,496.67,437.0,2.6329,125.92
109,794,31.76,Person,498.17,415.33,2.94,81.86
109,816,32.64,Person,507.83,398.5,3.0238,60.66
109,832,33.28,Person,515.17,378.5,3.2939,41.41
109,845,33.8,Person,524.17,362.67,2.8931,92.74
109,876,35.04,Person,520.17,354.17,4.4233,62.78
109,890,35.6,Person,522.67,352.83,4.8571,230.59
109,914,36.56,Person,520.5,351.17,4.5278,23.94
109,929,37.16,Person,543.83,373.0,1.8149,348.83
109,988,39.52,Person,573.33,392.5,3.4922,305.17
109,993,39.72,Person,581.33,415.67,5.308,111.09
109,1002,40.08,Person,587.67,413.33,7.7025,145.73
109,1013,40.52,Person,580.83,404.0,6.3802,352.57
109,1021,40.84,Person,592.17,406.67,4.3227,147.22
109,1045,41.8,Person,583.83,414.5,2.498,260.53
109,1068,42.72,Person,590.33,426.17,1.8166,277.51
109,1088,43.52,Person,597.17,423.0,2.3749,33.79
109,1225,49.0,Person,599.17,388.17,1.8613,98.57
109,1274,50.96,Person,585.5,356.83,1.262,118.61
109,1322,52.88,Person,551.83,363.33,1.158,225.15
109,1347,53.88,Person,521.17,386.5,3.1767,227.0
109,1353,54.12,Person,513.67,420.83,5.7383,339.31
109,1375,55.0,Person,537.5,427.83,6.3485,330.48
109,1391,55.64,Person,560.75,441.0,6.1467,4.7
110,676,27.04,Car,324.75,31.25,23.1719,0.0
110,707,28.28,Car,313.83,39.67,29.5259,244.43
110,837,33.48,Car,313.17,52.17,36.4029,229.01
110,923,36.92,Car,307.33,73.0,27.6585,312.89
110,925,37.0,Car,324.33,122.17,31.1607,279.52
110,1196,47.84,Car,328.75,148.5,36.4256,284.4
112,682,27.28,Car,181.75,448.75,10.2689,0.0
112,935,37.4,Car,205.83,395.83,24.4053,61.77
112,1018,40.72,Car,229.5,333.67,31.994,70.51
112,1047,41.88,Car,247.25,283.5,37.722,136.08
113,682,27.28,Car,221.5,181.25,20.2736,0.0
113,687,27.48,Car,248.67,133.67,25.2666,57.88
113,869,34.76,Car,289.83,74.5,38.8781,58.6
113,870,34.8,Car,319.33,39.5,36.3746,356.5
113,993,39.72,Car,339.67,41.83,37.7338,321.35
113,1243,49.72,Car,348.83,47.33,36.0956,6.41
113,1298,51.92,Car,358.5,46.25,37.6251,187.77
114,688,27.52,Person,571.0,436.25,0.4379,0.0
114,723,28.92,Person,569.83,432.33,1.1825,222.84
114,732,29.28,Person,573.17,431.0,1.4249,67.22
114,772,30.88,Person,574.5,424.0,2.9869,4.09
114,776,31.04,Person,584.17,411.67,2.9995,91.53
114,818,32.72,Person,566.67,407.83,4.4907,107.13
114,841,33.64,Person,560.5,404.33,4.1335,205.06
114,849,33.96,Person,536.0,423.83,5.5413,289.45
114,860,34.4,Person,556.0,442.0,4.8895,275.91
114,898,35.92,Person,559.67,436.67,5.1834,14.27
114,922,36.88,Person,586.33,395.0,3.1684,94.5
114,983,39.32,Person,580.33,338.67,2.9304,74.36
114,1008,40.32,Person,582.0,322.33,2.93,183.62
114,1024,40.96,Person,563.67,331.33,2.976,252.78
114,1059,42.36,Person,546.83,337.67,2.5571,155.02
114,1112,44.48,Person,526.0,335.83,1.2397,151.05
114,1147,45.88,Person,523.17,367.5,2.3404,269.63
114,1177,47.08,Person,511.83,412.0,4.317,274.39
114,1189,47.56,Person,501.5,439.83,4.4629,175.23
114,1215,48.6,Person,473.83,440.33,3.9425,147.02
114,1242,49.68,Person,457.17,438.5,2.0795,214.29
114,1260,50.4,Person,451.5,442.83,1.7597,161.53
114,1298,51.92,Person,446.5,443.83,1.2888,9.49
114,1322,52.88,Person,449.83,437.5,0.9719,170.18
114,1381,55.24,Person,438.17,430.5,2.2236,101.08
114,1391,55.64,Person,436.5,422.0,2.6583,162.9
115,718,28.72,Person,291.25,266.75,1.9267,0.0
115,727,29.08,Person,283.83,249.0,2.5777,86.58
115,742,29.68,Person,279.33,208.17,3.0219,170.81
115,761,30.44,Person,271.0,202.5,2.098,79.7
115,781,31.24,Person,271.83,210.67,3.0582,296.55
115,792,31.68,Person,280.17,223.17,2.9984,274.4
115,821,32.84,Person,284.67,239.0,2.8286,355.66
115,839,33.56,Person,290.33,228.33,0.935,94.69
115,897,35.88,Person,279.0,228.67,1.7048,132.11
115,919,36.76,Person,270.33,221.67,2.2442,220.77
115,932,37.28,Person,274.17,189.33,2.4217,70.38
115,986,39.44,Person,286.17,165.33,3.0703,69.8
115,1004,40.16,Person,300.5,135.67,4.0721,271.07
115,1016,40.64,Person,298.67,137.33,3.9906,78.62
115,1045,41.8,Person,302.17,134.67,4.7198,198.92
115,1055,42.2,Person,302.33,150.5,3.2044,282.11
115,1116,44.64,Person,301.83,175.0,3.7683,264.55
115,1321,52.84,Person,296.33,173.83,4.4694,154.03
115,1327,53.08,Person,287.33,154.33,4.5553,99.7
115,1389,55.56,Person,284.5,137.75,5.3032,98.75
116,726,29.04,Bus,294.25,44.0,12.8792,0.0
116,754,30.16,Bus,294.25,44.0,12.8792,141.34
117,755,30.2,Bus,194.0,247.75,10.9033,0.0
117,892,35.68,Bus,194.0,247.75,10.9033,274.12
118,773,30.92,Person,149.5,300.25,0.3393,0.0
118,901,36.04,Person,155.5,305.0,0.8998,98.97
118,1112,44.48,Person,154.0,295.5,1.3498,305.39
119,816,32.64,Person,480.5,449.5,1.7752,0.0
119,846,33.84,Person,481.67,439.33,2.0051,144.45
119,871,34.84,Person,479.83,439.33,3.9,39.96
119,880,35.2,Person,472.83,436.33,3.3775,237.2
119,918,36.72,Person,486.5,438.0,5.6923,103.39
119,933,37.32,Person,485.0,434.83,6.8745,9.58
119,941,37.64,Person,499.83,422.0,6.9878,175.46
119,975,39.0,Person,482.0,422.67,5.3392,98.7
119,994,39.76,Person,490.5,419.5,3.4218,271.74
119,1013,40.52,Person,500.83,427.83,3.2564,356.43
119,1018,40.72,Person,510.83,431.33,2.808,294.4
119,1036,41.44,Person,501.33,426.5,3.7404,175.64
119,1044,41.76,Person,485.83,419.67,3.3975,132.96
119,1066,42.64,Person,473.0,406.33,2.8686,134.43
119,1082,43.28,Person,471.83,393.5,1.6235,100.8
119,1097,43.88,Person,478.67,382.5,2.9838,41.78
119,1103,44.12,Person,483.0,370.17,4.9378,51.7
119,1112,44.48,Person,481.0,372.0,5.9516,169.88
119,1119,44.76,Person,470.5,375.33,4.4938,250.84
119,1149,45.96,Person,461.33,366.17,4.4232,123.98
119,1162,46.48,Person,452.0,360.5,2.8058,115.6
119,1240,49.6,Person,453.33,345.67,3.4878,289.46
119,1263,50.52,Person,459.33,352.0,1.3186,40.3
119,1291,51.64,Person,478.5,323.67,1.5643,56.04
119,1318,52.72,Person,499.33,318.33,2.8898,44.86
119,1331,53.24,Person,519.17,296.33,5.8573,317.26
119,1338,53.52,Person,527.17,291.33,8.2191,94.95
119,1342,53.68,Person,522.5,277.83,7.1209,116.02
119,1353,54.12,Person,521.5,283.33,4.2725,257.69
119,1385,55.4,Person,515.83,291.33,4.1497,268.76
119,1389,55.56,Person,507.5,299.5,3.4146,172.65
119,1403,56.12,Person,499.75,298.5,4.6059,227.35
122,885,35.4,Person,272.25,445.75,4.7027,0.0
122,894,35.76,Person,289.67,436.5,3.4401,49.67
122,974,38.96,Person,323.67,428.5,4.4168,352.48
122,1002,40.08,Person,333.83,417.17,1.7529,5.08
122,1094,43.76,Person,327.67,396.83,1.7582,127.69
122,1154,46.16,Person,307.17,388.67,2.3445,176.46
122,1177,47.08,Person,306.67,386.67,2.5925,271.29
122,1207,48.28,Person,302.0,391.0,2.6572,91.97
122,1242,49.68,Person,297.5,362.17,1.5031,122.95
122,1293,51.72,Person,306.67,329.0,2.1023,70.31
122,1315,52.6,Person,303.33,298.33,2.9582,68.53
122,1331,53.24,Person,324.5,261.0,3.232,121.89
122,1368,54.72,Person,323.33,243.17,2.5107,40.12
122,1387,55.48,Person,338.17,225.83,2.6186,196.28
122,1391,55.64,Person,331.17,225.17,2.1785,128.41
122,1411,56.44,Person,329.25,222.75,2.372,49.76
125,1014,40.56,Car,164.0,407.5,16.9575,0.0
125,1056,42.24,Car,185.17,376.33,27.1116,55.98
125,1123,44.92,Car,195.0,349.33,34.871,72.06
125,1230,49.2,Car,203.67,354.0,33.869,239.22
125,1238,49.52,Car,191.75,374.0,27.0936,330.11
126,1063,42.52,Auto,458.5,313.25,10.8492,0.0
126,1414,56.56,Auto,458.5,313.25,10.8492,143.37
127,1076,43.04,Person,128.25,416.75,0.4097,0.0
127,1177,47.08,Person,129.33,409.83,0.7487,62.19
127,1189,47.56,Person,133.67,406.33,1.0612,231.46
127,1245,49.8,Person,137.83,424.33,1.05,282.6
127,1322,52.88,Person,141.0,438.5,0.8617,317.29
128,1178,47.12,Person,574.75,335.25,0.8004,0.0
128,1199,47.96,Person,545.5,362.0,1.4708,230.12
128,1315,52.6,Person,517.33,368.5,2.7453,202.7
128,1330,53.2,Person,487.83,353.33,4.227,89.24
128,1343,53.72,Person,485.83,313.67,6.1398,100.26
128,1344,53.76,Person,491.5,313.33,6.431,295.17
128,1357,54.28,Person,485.0,297.5,4.8167,345.96
128,1376,55.04,Person,475.17,259.83,3.277,111.6
128,1393,55.72,Person,459.5,218.0,2.9318,100.01
128,1410,56.4,Person,456.5,201.0,3.7962,285.95
132,1323,52.92,Person,266.75,78.25,0.4686,0.0
132,1385,55.4,Person,266.75,78.25,0.4686,32.99
