time,vehicle_1,vehicle_2,distance,speed,ttc
3.0,auto_flow_1.0,car_flow_2.0,28.64,11.0,2.6
3.0,bike_flow_1.0,car_flow_1.0,28.13,12.87,2.19
3.0,bike_flow_2.0,bike_flow_2.1,23.96,11.83,2.02
4.0,bike_flow_1.0,car_flow_1.0,26.09,14.32,1.82
4.0,bike_flow_2.0,bike_flow_2.1,27.36,13.16,2.08
5.0,bike_flow_1.0,car_flow_1.0,25.39,13.44,1.89
5.0,bike_flow_1.0,car_flow_1.1,24.76,13.44,1.84
5.0,bike_flow_2.0,bike_flow_2.1,29.74,12.5,2.38
5.0,bike_flow_2.1,bike_flow_2.2,19.89,10.13,1.96
6.0,auto_flow_1.0,car_flow_2.1,28.61,10.59,2.7
6.0,bike_flow_1.0,car_flow_1.0,25.02,12.61,1.98
6.0,bike_flow_1.0,car_flow_1.1,24.45,12.61,1.94
6.0,bike_flow_2.0,bike_flow_2.1,32.25,13.7,2.35
6.0,bike_flow_2.1,bike_flow_2.2,20.17,11.19,1.8
7.0,auto_flow_1.0,car_flow_2.1,27.48,10.6,2.59
7.0,bike_flow_1.0,car_flow_1.0,25.65,12.15,2.11
7.0,bike_flow_1.0,car_flow_1.1,22.8,12.15,1.88
7.0,bike_flow_1.1,car_flow_1.1,29.72,12.91,2.3
7.0,bike_flow_2.0,bike_flow_2.1,33.33,12.39,2.69
7.0,bike_flow_2.0,car_flow_1.0,29.9,12.39,2.41
7.0,bike_flow_2.0,car_flow_2.0,26.14,12.39,2.11
7.0,bike_flow_2.1,bike_flow_2.2,19.11,11.31,1.69
7.0,bike_flow_2.2,bike_flow_2.3,23.28,12.36,1.88
7.0,car_flow_1.0,car_flow_2.0,34.38,12.78,2.69
8.0,auto_flow_1.0,car_flow_2.1,25.96,10.54,2.46
8.0,auto_flow_1.1,car_flow_2.1,25.79,11.0,2.34
8.0,bike_flow_1.0,bike_flow_2.0,34.89,12.07,2.89
8.0,bike_flow_1.0,car_flow_1.0,25.72,12.07,2.13
8.0,bike_flow_1.0,car_flow_1.1,21.71,12.07,1.8
8.0,bike_flow_1.0,car_flow_2.0,34.14,12.07,2.83
8.0,bike_flow_1.1,car_flow_1.1,31.36,11.53,2.72
8.0,bike_flow_2.0,car_flow_1.0,15.75,9.21,1.71
8.0,bike_flow_2.0,car_flow_2.0,11.6,9.21,1.26
8.0,bike_flow_2.1,bike_flow_2.2,19.54,11.17,1.75
8.0,bike_flow_2.2,bike_flow_2.3,20.69,10.74,1.93
8.0,car_flow_1.0,car_flow_2.0,8.87,12.14,0.73
9.0,auto_flow_1.0,car_flow_1.0,29.88,10.7,2.79
9.0,auto_flow_1.0,car_flow_2.1,25.15,10.7,2.35
9.0,auto_flow_1.1,car_flow_2.1,27.56,9.75,2.83
9.0,bike_flow_1.0,bike_flow_2.0,20.68,13.8,1.5
9.0,bike_flow_1.0,bike_flow_2.1,40.47,13.8,2.93
9.0,bike_flow_1.0,car_flow_1.0,24.24,13.8,1.76
9.0,bike_flow_1.0,car_flow_1.1,23.02,13.8,1.67
9.0,bike_flow_1.0,car_flow_2.0,7.45,13.8,0.54
9.0,bike_flow_1.1,car_flow_1.1,31.31,12.54,2.5
9.0,bike_flow_1.1,car_flow_1.2,21.07,12.54,1.68
9.0,bike_flow_2.0,car_flow_1.0,12.14,4.21,2.88
9.0,bike_flow_2.1,bike_flow_2.2,18.08,9.65,1.87
9.0,bike_flow_2.2,bike_flow_2.3,21.91,11.12,1.97
9.0,bike_flow_2.3,bike_flow_2.4,23.22,9.9,2.35
9.0,car_flow_1.0,car_flow_2.0,17.8,12.32,1.44
9.0,car_flow_1.1,car_flow_2.0,29.92,12.49,2.4
10.0,auto_flow_1.0,bike_flow_2.0,26.65,10.32,2.58
10.0,auto_flow_1.0,car_flow_1.0,7.44,10.32,0.72
10.0,auto_flow_1.0,car_flow_2.1,23.18,10.32,2.25
10.0,auto_flow_1.1,car_flow_2.1,29.06,10.79,2.69
10.0,auto_flow_1.1,car_flow_2.2,18.53,10.79,1.72
10.0,bike_flow_1.0,bike_flow_2.0,11.98,11.52,1.04
10.0,bike_flow_1.0,bike_flow_2.1,25.22,11.52,2.19
10.0,bike_flow_1.0,car_flow_1.0,25.39,11.52,2.2
10.0,bike_flow_1.0,car_flow_1.1,21.56,11.52,1.87
10.0,bike_flow_1.0,car_flow_2.0,18.24,11.52,1.58
10.0,bike_flow_1.1,car_flow_1.1,32.79,11.49,2.85
10.0,bike_flow_1.1,car_flow_1.2,19.29,11.49,1.68
10.0,bike_flow_2.1,bike_flow_2.2,20.71,11.89,1.74
10.0,bike_flow_2.1,car_flow_1.0,30.93,11.89,2.6
10.0,bike_flow_2.1,car_flow_2.0,32.28,11.89,2.71
10.0,bike_flow_2.2,bike_flow_2.3,18.4,9.26,1.99
10.0,bike_flow_2.3,bike_flow_2.4,25.52,12.77,2.0
10.0,car_flow_1.0,car_flow_2.1,30.07,12.67,2.37
10.0,car_flow_1.1,car_flow_2.0,4.82,12.98,0.37
11.0,auto_flow_1.0,bike_flow_1.0,8.62,10.4,0.83
11.0,auto_flow_1.0,bike_flow_2.0,16.73,10.4,1.61
11.0,auto_flow_1.0,bike_flow_2.1,20.97,10.4,2.02
11.0,auto_flow_1.0,car_flow_1.0,16.87,10.4,1.62
11.0,auto_flow_1.0,car_flow_2.1,22.12,10.4,2.13
11.0,auto_flow_1.1,car_flow_2.1,30.15,10.37,2.91
11.0,auto_flow_1.1,car_flow_2.2,18.33,10.37,1.77
11.0,bike_flow_1.0,bike_flow_2.0,12.33,13.7,0.9
11.0,bike_flow_1.0,bike_flow_2.1,18.98,13.7,1.39
11.0,bike_flow_1.0,bike_flow_2.2,36.07,13.7,2.63
11.0,bike_flow_1.0,car_flow_1.0,24.57,13.7,1.79
11.0,bike_flow_1.0,car_flow_1.1,23.24,13.7,1.7
11.0,bike_flow_1.0,car_flow_2.1,30.3,13.7,2.21
11.0,bike_flow_1.1,car_flow_1.1,32.67,12.14,2.69
11.0,bike_flow_1.1,car_flow_1.2,19.52,12.14,1.61
11.0,bike_flow_1.1,car_flow_2.0,11.55,12.14,0.95
11.0,bike_flow_1.2,car_flow_1.2,28.18,12.03,2.34
11.0,bike_flow_2.1,bike_flow_2.2,17.81,6.89,2.58
11.0,bike_flow_2.2,bike_flow_2.3,19.8,9.79,2.02
11.0,bike_flow_2.3,bike_flow_2.4,21.61,8.39,2.58
11.0,bike_flow_2.4,bike_flow_2.5,22.77,12.3,1.85
11.0,car_flow_1.0,car_flow_2.1,6.41,12.88,0.5
11.0,car_flow_1.1,car_flow_2.0,21.81,12.02,1.81
11.0,car_flow_1.2,car_flow_2.0,30.79,11.91,2.59
12.0,auto_flow_1.0,bike_flow_1.0,16.25,10.01,1.62
12.0,auto_flow_1.0,bike_flow_2.0,8.53,10.01,0.85
12.0,auto_flow_1.0,bike_flow_2.1,13.51,10.01,1.35
12.0,auto_flow_1.0,bike_flow_2.2,25.12,10.01,2.51
12.0,auto_flow_1.0,car_flow_1.1,8.33,10.01,0.83
12.0,auto_flow_1.0,car_flow_2.1,20.41,10.01,2.04
12.0,auto_flow_1.1,car_flow_1.0,13.38,10.64,1.26
12.0,auto_flow_1.1,car_flow_2.1,31.23,10.64,2.93
12.0,auto_flow_1.1,car_flow_2.2,18.52,10.64,1.74
12.0,auto_flow_1.2,car_flow_2.2,23.02,10.94,2.11
12.0,bike_flow_1.0,bike_flow_2.0,23.43,13.93,1.68
12.0,bike_flow_1.0,bike_flow_2.1,26.37,13.93,1.89
12.0,bike_flow_1.0,bike_flow_2.2,34.95,13.93,2.51
12.0,bike_flow_1.0,car_flow_1.0,22.72,13.93,1.63
12.0,bike_flow_1.0,car_flow_1.1,23.62,13.93,1.7
12.0,bike_flow_1.0,car_flow_2.1,5.51,13.93,0.4
12.0,bike_flow_1.1,car_flow_1.2,17.87,10.65,1.68
12.0,bike_flow_1.1,car_flow_2.0,13.18,10.65,1.24
12.0,bike_flow_1.2,car_flow_1.2,26.37,14.12,1.87
12.0,bike_flow_1.2,car_flow_2.0,31.62,14.12,2.24
12.0,bike_flow_2.2,bike_flow_2.3,16.83,7.57,2.22
12.0,bike_flow_2.3,bike_flow_2.4,22.82,10.54,2.16
12.0,bike_flow_2.4,bike_flow_2.5,23.22,9.33,2.49
12.0,bike_flow_2.5,bike_flow_2.6,8.88,8.88,1.0
12.0,car_flow_1.0,car_flow_2.1,18.51,12.07,1.53
12.0,car_flow_1.0,car_flow_2.2,31.68,12.07,2.62
12.0,car_flow_1.1,car_flow_2.1,28.28,13.55,2.09
12.0,car_flow_1.2,car_flow_2.0,6.01,12.3,0.49
13.0,auto_flow_1.0,bike_flow_1.1,21.95,10.28,2.13
13.0,auto_flow_1.0,bike_flow_2.0,8.32,10.28,0.81
13.0,auto_flow_1.0,bike_flow_2.1,12.26,10.28,1.19
13.0,auto_flow_1.0,bike_flow_2.2,21.48,10.28,2.09
13.0,auto_flow_1.0,car_flow_1.1,16.22,10.28,1.58
13.0,auto_flow_1.0,car_flow_2.1,20.03,10.28,1.95
13.0,auto_flow_1.1,bike_flow_1.0,13.57,10.46,1.3
13.0,auto_flow_1.1,car_flow_1.0,10.38,10.46,0.99
13.0,auto_flow_1.1,car_flow_2.2,18.23,10.46,1.74
13.0,auto_flow_1.2,car_flow_1.0,31.3,10.98,2.85
13.0,auto_flow_1.2,car_flow_2.2,22.79,10.98,2.07
13.0,bike_flow_1.0,bike_flow_2.0,34.75,12.07,2.88
13.0,bike_flow_1.0,car_flow_1.0,23.06,12.07,1.91
13.0,bike_flow_1.0,car_flow_1.1,22.39,12.07,1.85
13.0,bike_flow_1.0,car_flow_2.1,18.54,12.07,1.54
13.0,bike_flow_1.0,car_flow_2.2,31.57,12.07,2.62
13.0,bike_flow_1.1,bike_flow_2.0,28.46,11.25,2.53
13.0,bike_flow_1.1,bike_flow_2.1,30.33,11.25,2.7
13.0,bike_flow_1.1,car_flow_1.2,18.32,11.25,1.63
13.0,bike_flow_1.2,car_flow_1.2,25.19,11.98,2.1
13.0,bike_flow_1.2,car_flow_1.3,23.1,11.98,1.93
13.0,bike_flow_1.2,car_flow_2.0,6.99,11.98,0.58
13.0,bike_flow_2.3,bike_flow_2.4,19.71,7.96,2.48
13.0,bike_flow_2.4,bike_flow_2.5,23.35,11.07,2.11
13.0,bike_flow_2.5,bike_flow_2.6,13.59,10.93,1.24
13.0,car_flow_1.0,car_flow_2.2,8.94,12.42,0.72
13.0,car_flow_1.1,car_flow_2.1,5.22,13.3,0.39
13.0,car_flow_1.2,car_flow_2.0,19.25,10.81,1.78
13.0,car_flow_1.3,car_flow_2.0,29.49,11.35,2.6
14.0,auto_flow_1.0,bike_flow_1.1,3.61,10.95,0.33
14.0,auto_flow_1.0,bike_flow_2.0,17.25,10.95,1.57
14.0,auto_flow_1.0,bike_flow_2.1,19.47,10.95,1.78
14.0,auto_flow_1.0,bike_flow_2.2,22.83,10.95,2.08
14.0,auto_flow_1.0,bike_flow_2.3,32.36,10.95,2.95
14.0,auto_flow_1.0,car_flow_1.2,18.5,10.95,1.69
14.0,auto_flow_1.0,car_flow_2.1,19.31,10.95,1.76
14.0,auto_flow_1.1,bike_flow_1.0,10.97,10.31,1.06
14.0,auto_flow_1.1,car_flow_1.1,13.15,10.31,1.28
14.0,auto_flow_1.1,car_flow_2.2,18.21,10.31,1.77
14.0,auto_flow_1.2,car_flow_1.0,9.33,10.17,0.92
14.0,auto_flow_1.2,car_flow_2.2,22.94,10.17,2.26
14.0,auto_flow_1.2,car_flow_2.3,19.15,10.17,1.88
14.0,bike_flow_1.0,car_flow_1.0,21.9,13.37,1.64
14.0,bike_flow_1.0,car_flow_1.1,23.24,13.37,1.74
14.0,bike_flow_1.0,car_flow_2.2,8.36,13.37,0.63
14.0,bike_flow_1.1,bike_flow_2.0,17.31,12.43,1.39
14.0,bike_flow_1.1,bike_flow_2.1,20.26,12.43,1.63
14.0,bike_flow_1.1,bike_flow_2.2,24.21,12.43,1.95
14.0,bike_flow_1.1,bike_flow_2.3,34.46,12.43,2.77
14.0,bike_flow_1.1,car_flow_1.2,19.88,12.43,1.6
14.0,bike_flow_1.1,car_flow_2.1,17.94,12.43,1.44
14.0,bike_flow_1.2,car_flow_1.2,23.48,12.57,1.87
14.0,bike_flow_1.2,car_flow_1.3,24.77,12.57,1.97
14.0,bike_flow_1.2,car_flow_2.0,20.04,12.57,1.59
14.0,bike_flow_2.2,bike_flow_2.3,11.81,4.54,2.6
14.0,bike_flow_2.4,bike_flow_2.5,21.1,8.85,2.38
14.0,bike_flow_2.5,bike_flow_2.6,16.4,11.11,1.48
14.0,bike_flow_2.5,bike_flow_2.7,30.92,11.11,2.78
14.0,bike_flow_2.6,bike_flow_2.7,14.52,8.29,1.75
14.0,car_flow_1.0,car_flow_2.2,14.53,12.21,1.19
14.0,car_flow_1.0,car_flow_2.3,28.1,12.21,2.3
14.0,car_flow_1.1,car_flow_2.1,20.31,12.51,1.62
14.0,car_flow_1.1,car_flow_2.2,31.13,12.51,2.49
14.0,car_flow_1.3,car_flow_2.0,5.93,10.9,0.54
15.0,auto_flow_1.0,bike_flow_1.1,23.17,10.05,2.3
15.0,auto_flow_1.0,bike_flow_1.2,21.69,10.05,2.16
15.0,auto_flow_1.0,bike_flow_2.0,26.81,10.05,2.67
15.0,auto_flow_1.0,bike_flow_2.1,28.26,10.05,2.81
15.0,auto_flow_1.0,car_flow_1.2,4.98,10.05,0.5
15.0,auto_flow_1.0,car_flow_2.1,18.13,10.05,1.8
15.0,auto_flow_1.1,bike_flow_1.1,28.76,10.64,2.7
15.0,auto_flow_1.1,bike_flow_2.0,26.39,10.64,2.48
15.0,auto_flow_1.1,bike_flow_2.1,27.87,10.64,2.62
15.0,auto_flow_1.1,bike_flow_2.2,30.15,10.64,2.83
15.0,auto_flow_1.1,car_flow_1.1,11.57,10.64,1.09
15.0,auto_flow_1.1,car_flow_2.2,18.53,10.64,1.74
15.0,auto_flow_1.2,bike_flow_1.0,9.18,10.59,0.87
15.0,auto_flow_1.2,car_flow_1.0,15.1,10.59,1.43
15.0,auto_flow_1.2,car_flow_1.1,30.26,10.59,2.86
15.0,auto_flow_1.2,car_flow_2.2,22.68,10.59,2.14
15.0,auto_flow_1.2,car_flow_2.3,19.1,10.59,1.8
15.0,bike_flow_1.0,car_flow_1.0,23.37,11.46,2.04
15.0,bike_flow_1.0,car_flow_1.1,21.49,11.46,1.87
15.0,bike_flow_1.0,car_flow_2.2,14.43,11.46,1.26
15.0,bike_flow_1.0,car_flow_2.3,27.89,11.46,2.43
15.0,bike_flow_1.1,bike_flow_2.0,10.26,11.23,0.91
15.0,bike_flow_1.1,bike_flow_2.1,14.64,11.23,1.3
15.0,bike_flow_1.1,bike_flow_2.2,19.45,11.23,1.73
15.0,bike_flow_1.1,bike_flow_2.3,26.66,11.23,2.37
15.0,bike_flow_1.1,car_flow_1.2,19.14,11.23,1.7
15.0,bike_flow_1.1,car_flow_2.1,5.78,11.23,0.52
15.0,bike_flow_1.2,car_flow_1.2,25.26,10.19,2.48
15.0,bike_flow_1.2,car_flow_1.3,23.99,10.19,2.35
15.0,bike_flow_2.3,bike_flow_2.4,13.99,4.88,2.86
15.0,bike_flow_2.4,bike_flow_2.5,17.99,7.01,2.57
15.0,bike_flow_2.5,bike_flow_2.6,15.49,10.12,1.53
15.0,bike_flow_2.6,bike_flow_2.7,17.55,11.03,1.59
15.0,car_flow_1.0,car_flow_2.2,37.58,12.94,2.9
15.0,car_flow_1.0,car_flow_2.3,5.39,12.94,0.42
15.0,car_flow_1.1,car_flow_2.2,8.08,13.22,0.61
15.0,car_flow_1.2,car_flow_2.1,14.67,11.98,1.23
15.0,car_flow_1.3,car_flow_2.0,19.68,10.98,1.79
16.0,auto_flow_1.0,bike_flow_1.2,3.22,10.72,0.3
16.0,auto_flow_1.0,car_flow_1.2,25.94,10.72,2.42
16.0,auto_flow_1.0,car_flow_1.3,23.82,10.72,2.22
16.0,auto_flow_1.0,car_flow_2.1,18.07,10.72,1.69
16.0,auto_flow_1.1,bike_flow_1.1,6.81,10.55,0.65
16.0,auto_flow_1.1,bike_flow_2.0,16.39,10.55,1.55
16.0,auto_flow_1.1,bike_flow_2.1,18.67,10.55,1.77
16.0,auto_flow_1.1,bike_flow_2.2,21.78,10.55,2.06
16.0,auto_flow_1.1,bike_flow_2.3,26.27,10.55,2.49
16.0,auto_flow_1.1,car_flow_1.2,26.15,10.55,2.48
16.0,auto_flow_1.1,car_flow_2.2,17.9,10.55,1.7
16.0,auto_flow_1.2,bike_flow_1.0,14.73,10.31,1.43
16.0,auto_flow_1.2,car_flow_1.1,8.5,10.31,0.82
16.0,auto_flow_1.2,car_flow_2.2,23.55,10.31,2.28
16.0,auto_flow_1.2,car_flow_2.3,18.13,10.31,1.76
16.0,bike_flow_1.0,car_flow_1.0,23.42,12.67,1.85
16.0,bike_flow_1.0,car_flow_1.1,22.24,12.67,1.76
16.0,bike_flow_1.0,car_flow_2.3,4.94,12.67,0.39
16.0,bike_flow_1.1,bike_flow_2.0,13.3,12.02,1.11
16.0,bike_flow_1.1,bike_flow_2.1,16.9,12.02,1.41
16.0,bike_flow_1.1,bike_flow_2.2,21.01,12.02,1.75
16.0,bike_flow_1.1,bike_flow_2.3,26.34,12.02,2.19
16.0,bike_flow_1.1,bike_flow_2.4,34.8,12.02,2.9
16.0,bike_flow_1.1,car_flow_1.2,19.94,12.02,1.66
16.0,bike_flow_1.1,car_flow_2.1,27.8,12.02,2.31
16.0,bike_flow_1.1,car_flow_2.2,24.12,12.02,2.01
16.0,bike_flow_1.2,car_flow_1.2,25.38,11.1,2.29
16.0,bike_flow_1.2,car_flow_1.3,23.97,11.1,2.16
16.0,bike_flow_1.2,car_flow_2.1,17.99,11.1,1.62
16.0,bike_flow_2.4,bike_flow_2.5,16.14,6.85,2.36
16.0,bike_flow_2.5,bike_flow_2.6,14.38,8.69,1.65
16.0,bike_flow_2.6,bike_flow_2.7,17.43,9.81,1.78
16.0,bike_flow_2.7,bike_flow_2.8,17.93,9.93,1.81
16.0,car_flow_1.0,car_flow_2.3,19.92,12.72,1.57
16.0,car_flow_1.1,car_flow_2.2,16.0,11.91,1.34
16.0,car_flow_1.1,car_flow_2.3,26.2,11.91,2.2
16.0,car_flow_1.2,car_flow_2.1,8.32,11.22,0.74
17.0,auto_flow_1.0,bike_flow_1.2,21.73,9.61,2.26
17.0,auto_flow_1.0,car_flow_1.3,3.87,9.61,0.4
17.0,auto_flow_1.0,car_flow_2.1,16.8,9.61,1.75
17.0,auto_flow_1.1,bike_flow_1.1,17.41,10.18,1.71
17.0,auto_flow_1.1,bike_flow_1.2,29.81,10.18,2.93
17.0,auto_flow_1.1,bike_flow_2.0,8.17,10.18,0.8
17.0,auto_flow_1.1,bike_flow_2.1,12.11,10.18,1.19
17.0,auto_flow_1.1,bike_flow_2.2,16.48,10.18,1.62
17.0,auto_flow_1.1,bike_flow_2.3,21.02,10.18,2.06
17.0,auto_flow_1.1,bike_flow_2.4,28.81,10.18,2.83
17.0,auto_flow_1.1,car_flow_1.2,5.12,10.18,0.5
17.0,auto_flow_1.1,car_flow_2.2,17.11,10.18,1.68
17.0,auto_flow_1.2,bike_flow_1.1,24.83,9.89,2.51
17.0,auto_flow_1.2,car_flow_1.1,15.63,9.89,1.58
17.0,auto_flow_1.2,car_flow_2.2,24.63,9.89,2.49
17.0,auto_flow_1.2,car_flow_2.3,17.71,9.89,1.79
17.0,auto_flow_1.3,bike_flow_1.0,15.51,10.39,1.49
17.0,bike_flow_1.0,car_flow_1.1,21.47,12.51,1.72
17.0,bike_flow_1.0,car_flow_2.3,19.32,12.51,1.55
17.0,bike_flow_1.1,bike_flow_2.0,24.02,12.94,1.86
17.0,bike_flow_1.1,bike_flow_2.1,26.18,12.94,2.02
17.0,bike_flow_1.1,bike_flow_2.2,28.99,12.94,2.24
17.0,bike_flow_1.1,bike_flow_2.3,32.26,12.94,2.49
17.0,bike_flow_1.1,bike_flow_2.4,38.47,12.94,2.97
17.0,bike_flow_1.1,car_flow_1.2,21.11,12.94,1.63
17.0,bike_flow_1.1,car_flow_2.2,3.2,12.94,0.25
17.0,bike_flow_1.2,bike_flow_2.0,26.69,11.51,2.32
17.0,bike_flow_1.2,bike_flow_2.1,28.65,11.51,2.49
17.0,bike_flow_1.2,bike_flow_2.2,31.23,11.51,2.71
17.0,bike_flow_1.2,bike_flow_2.3,34.29,11.51,2.98
17.0,bike_flow_1.2,car_flow_1.2,25.64,11.51,2.23
17.0,bike_flow_1.2,car_flow_1.3,23.66,11.51,2.06
17.0,bike_flow_1.2,car_flow_2.1,5.68,11.51,0.49
17.0,bike_flow_1.3,car_flow_1.3,35.24,12.57,2.8
17.0,bike_flow_2.5,bike_flow_2.6,16.33,9.11,1.79
17.0,bike_flow_2.6,bike_flow_2.7,14.35,7.15,2.01
17.0,bike_flow_2.7,bike_flow_2.8,22.65,10.24,2.21
17.0,car_flow_1.1,car_flow_2.3,4.01,13.28,0.3
17.0,car_flow_1.2,car_flow_2.1,30.5,11.77,2.59
17.0,car_flow_1.2,car_flow_2.2,21.35,11.77,1.81
17.0,car_flow_1.3,car_flow_2.1,19.24,11.81,1.63
18.0,auto_flow_1.0,bike_flow_1.3,13.74,10.49,1.31
18.0,auto_flow_1.0,car_flow_1.3,19.93,10.49,1.9
18.0,auto_flow_1.0,car_flow_2.1,17.73,10.49,1.69
18.0,auto_flow_1.1,bike_flow_1.2,9.1,9.7,0.94
18.0,auto_flow_1.1,bike_flow_2.0,8.21,9.7,0.85
18.0,auto_flow_1.1,bike_flow_2.1,12.13,9.7,1.25
18.0,auto_flow_1.1,bike_flow_2.2,16.38,9.7,1.69
18.0,auto_flow_1.1,bike_flow_2.3,20.86,9.7,2.15
18.0,auto_flow_1.1,bike_flow_2.4,27.77,9.7,2.86
18.0,auto_flow_1.1,car_flow_1.2,19.49,9.7,2.01
18.0,auto_flow_1.1,car_flow_2.2,16.88,9.7,1.74
18.0,auto_flow_1.2,bike_flow_1.1,3.71,10.97,0.34
18.0,auto_flow_1.2,car_flow_1.2,21.48,10.97,1.96
18.0,auto_flow_1.2,car_flow_2.2,23.58,10.97,2.15
18.0,auto_flow_1.2,car_flow_2.3,18.38,10.97,1.68
18.0,auto_flow_1.3,bike_flow_1.0,8.74,10.61,0.82
18.0,auto_flow_1.3,car_flow_1.1,13.0,10.61,1.23
18.0,bike_flow_1.0,car_flow_1.1,20.74,12.7,1.63
18.0,bike_flow_1.1,bike_flow_2.0,35.11,11.78,2.98
18.0,bike_flow_1.1,car_flow_1.2,19.37,11.78,1.64
18.0,bike_flow_1.1,car_flow_2.2,21.94,11.78,1.86
18.0,bike_flow_1.1,car_flow_2.3,20.5,11.78,1.74
18.0,bike_flow_1.2,bike_flow_2.0,16.6,11.42,1.45
18.0,bike_flow_1.2,bike_flow_2.1,19.6,11.42,1.72
18.0,bike_flow_1.2,bike_flow_2.2,23.11,11.42,2.02
18.0,bike_flow_1.2,bike_flow_2.3,27.04,11.42,2.37
18.0,bike_flow_1.2,bike_flow_2.4,33.35,11.42,2.92
18.0,bike_flow_1.2,car_flow_1.2,27.74,11.42,2.43
18.0,bike_flow_1.2,car_flow_1.3,23.73,11.42,2.08
18.0,bike_flow_1.2,car_flow_2.1,25.87,11.42,2.26
18.0,bike_flow_1.2,car_flow_2.2,25.6,11.42,2.24
18.0,bike_flow_1.3,car_flow_1.3,33.04,13.57,2.44
18.0,bike_flow_1.3,car_flow_1.4,23.14,13.57,1.71
18.0,bike_flow_1.3,car_flow_2.1,31.26,13.57,2.3
18.0,bike_flow_2.5,bike_flow_2.6,12.52,4.28,2.92
18.0,bike_flow_2.6,bike_flow_2.7,14.52,8.1,1.79
18.0,bike_flow_2.7,bike_flow_2.8,22.62,7.93,2.85
18.0,bike_flow_2.8,bike_flow_2.9,13.47,7.96,1.69
18.0,car_flow_1.1,car_flow_2.3,21.56,13.43,1.61
18.0,car_flow_1.2,car_flow_2.2,3.97,13.52,0.29
18.0,car_flow_1.2,car_flow_2.3,39.75,13.52,2.94
18.0,car_flow_1.3,car_flow_2.1,3.74,11.36,0.33
19.0,auto_flow_1.0,bike_flow_1.3,11.93,9.74,1.22
19.0,auto_flow_1.0,car_flow_1.4,13.52,9.74,1.39
19.0,auto_flow_1.0,car_flow_2.1,16.43,9.74,1.69
19.0,auto_flow_1.1,bike_flow_1.2,14.82,9.98,1.49
19.0,auto_flow_1.1,bike_flow_2.0,16.26,9.98,1.63
19.0,auto_flow_1.1,bike_flow_2.1,18.55,9.98,1.86
19.0,auto_flow_1.1,bike_flow_2.2,21.56,9.98,2.16
19.0,auto_flow_1.1,bike_flow_2.3,25.11,9.98,2.52
19.0,auto_flow_1.1,bike_flow_2.4,29.9,9.98,3.0
19.0,auto_flow_1.1,car_flow_1.3,11.76,9.98,1.18
19.0,auto_flow_1.1,car_flow_2.2,16.76,9.98,1.68
19.0,auto_flow_1.2,bike_flow_1.1,21.54,10.55,2.04
19.0,auto_flow_1.2,bike_flow_1.2,25.62,10.55,2.43
19.0,auto_flow_1.2,bike_flow_2.0,25.89,10.55,2.45
19.0,auto_flow_1.2,bike_flow_2.1,27.38,10.55,2.59
19.0,auto_flow_1.2,bike_flow_2.2,29.51,10.55,2.8
19.0,auto_flow_1.2,car_flow_1.2,3.42,10.55,0.32
19.0,auto_flow_1.2,car_flow_2.2,23.13,10.55,2.19
19.0,auto_flow_1.2,car_flow_2.3,18.27,10.55,1.73
19.0,auto_flow_1.3,car_flow_1.1,11.05,9.91,1.11
19.0,bike_flow_1.1,car_flow_1.2,20.1,12.62,1.59
19.0,bike_flow_1.1,car_flow_2.3,4.41,12.62,0.35
19.0,bike_flow_1.2,bike_flow_2.0,9.81,13.01,0.75
19.0,bike_flow_1.2,bike_flow_2.1,14.31,13.01,1.1
19.0,bike_flow_1.2,bike_flow_2.2,18.83,13.01,1.45
19.0,bike_flow_1.2,bike_flow_2.3,23.45,13.01,1.8
19.0,bike_flow_1.2,bike_flow_2.4,29.14,13.01,2.24
19.0,bike_flow_1.2,bike_flow_2.5,35.53,13.01,2.73
19.0,bike_flow_1.2,car_flow_1.2,26.61,13.01,2.05
19.0,bike_flow_1.2,car_flow_1.3,25.8,13.01,1.98
19.0,bike_flow_1.2,car_flow_2.2,3.93,13.01,0.3
19.0,bike_flow_1.3,car_flow_1.3,28.87,15.12,1.91
19.0,bike_flow_1.3,car_flow_1.4,24.62,15.12,1.63
19.0,bike_flow_1.3,car_flow_2.1,5.89,15.12,0.39
19.0,bike_flow_2.6,bike_flow_2.7,13.16,5.15,2.55
19.0,bike_flow_2.7,bike_flow_2.8,19.29,6.51,2.96
19.0,bike_flow_2.8,bike_flow_2.9,18.08,9.83,1.84
19.0,car_flow_1.2,car_flow_2.2,24.54,11.89,2.06
19.0,car_flow_1.2,car_flow_2.3,17.37,11.89,1.46
19.0,car_flow_1.3,car_flow_2.1,24.14,10.95,2.2
19.0,car_flow_1.3,car_flow_2.2,28.26,10.95,2.58
19.0,car_flow_1.4,car_flow_2.1,29.74,13.63,2.18
20.0,auto_flow_1.0,bike_flow_1.4,20.23,9.78,2.07
20.0,auto_flow_1.0,car_flow_1.4,10.22,9.78,1.04
20.0,auto_flow_1.0,car_flow_2.1,16.99,9.78,1.74
20.0,auto_flow_1.1,bike_flow_1.3,17.24,10.13,1.7
20.0,auto_flow_1.1,bike_flow_2.0,25.84,10.13,2.55
20.0,auto_flow_1.1,bike_flow_2.1,27.34,10.13,2.7
20.0,auto_flow_1.1,bike_flow_2.2,29.47,10.13,2.91
20.0,auto_flow_1.1,car_flow_1.3,10.6,10.13,1.05
20.0,auto_flow_1.1,car_flow_2.2,17.21,10.13,1.7
20.0,auto_flow_1.2,bike_flow_1.2,3.3,10.5,0.31
20.0,auto_flow_1.2,bike_flow_2.0,15.96,10.5,1.52
20.0,auto_flow_1.2,bike_flow_2.1,18.29,10.5,1.74
20.0,auto_flow_1.2,bike_flow_2.2,21.33,10.5,2.03
20.0,auto_flow_1.2,bike_flow_2.3,24.83,10.5,2.36
20.0,auto_flow_1.2,bike_flow_2.4,29.36,10.5,2.8
20.0,auto_flow_1.2,car_flow_1.2,24.06,10.5,2.29
20.0,auto_flow_1.2,car_flow_1.3,29.59,10.5,2.82
20.0,auto_flow_1.2,car_flow_2.2,22.32,10.5,2.13
20.0,auto_flow_1.2,car_flow_2.3,18.42,10.5,1.75
20.0,auto_flow_1.3,bike_flow_1.1,10.67,9.78,1.09
20.0,auto_flow_1.3,car_flow_2.4,28.3,9.78,2.89
20.0,bike_flow_1.1,car_flow_1.2,19.64,11.68,1.68
20.0,bike_flow_1.1,car_flow_2.3,25.26,11.68,2.16
20.0,bike_flow_1.2,bike_flow_2.0,16.86,14.1,1.2
20.0,bike_flow_1.2,bike_flow_2.1,19.82,14.1,1.41
20.0,bike_flow_1.2,bike_flow_2.2,23.29,14.1,1.65
20.0,bike_flow_1.2,bike_flow_2.3,27.06,14.1,1.92
20.0,bike_flow_1.2,bike_flow_2.4,31.82,14.1,2.26
20.0,bike_flow_1.2,bike_flow_2.5,37.58,14.1,2.66
20.0,bike_flow_1.2,car_flow_1.2,24.66,14.1,1.75
20.0,bike_flow_1.2,car_flow_1.3,28.6,14.1,2.03
20.0,bike_flow_1.2,car_flow_2.2,21.74,14.1,1.54
20.0,bike_flow_1.2,car_flow_2.3,19.5,14.1,1.38
20.0,bike_flow_1.3,car_flow_1.3,27.05,13.12,2.06
20.0,bike_flow_1.3,car_flow_1.4,24.69,13.12,1.88
20.0,bike_flow_1.3,car_flow_2.1,17.7,13.12,1.35
20.0,bike_flow_1.3,car_flow_2.2,34.3,13.12,2.61
20.0,bike_flow_1.4,car_flow_1.4,29.68,12.49,2.38
20.0,bike_flow_1.4,car_flow_2.1,37.1,12.49,2.97
20.0,bike_flow_2.7,bike_flow_2.8,17.44,6.11,2.85
20.0,bike_flow_2.8,bike_flow_2.9,18.98,7.97,2.38
20.0,car_flow_1.2,car_flow_2.3,6.3,12.15,0.52
20.0,car_flow_1.3,car_flow_2.2,7.78,11.3,0.69
20.0,car_flow_1.4,car_flow_2.1,7.96,13.05,0.61
21.0,auto_flow_1.0,bike_flow_1.4,3.24,9.58,0.34
21.0,auto_flow_1.0,car_flow_2.1,16.93,9.58,1.77
21.0,auto_flow_1.1,bike_flow_1.3,6.31,10.37,0.61
21.0,auto_flow_1.1,car_flow_1.4,17.94,10.37,1.73
21.0,auto_flow_1.1,car_flow_2.2,17.57,10.37,1.69
21.0,auto_flow_1.2,bike_flow_1.2,21.8,10.84,2.01
21.0,auto_flow_1.2,bike_flow_2.0,7.56,10.84,0.7
21.0,auto_flow_1.2,bike_flow_2.1,11.7,10.84,1.08
21.0,auto_flow_1.2,bike_flow_2.2,16.04,10.84,1.48
21.0,auto_flow_1.2,bike_flow_2.3,20.46,10.84,1.89
21.0,auto_flow_1.2,bike_flow_2.4,24.97,10.84,2.3
21.0,auto_flow_1.2,bike_flow_2.5,31.44,10.84,2.9
21.0,auto_flow_1.2,car_flow_1.3,8.36,10.84,0.77
21.0,auto_flow_1.2,car_flow_2.2,21.48,10.84,1.98
21.0,auto_flow_1.2,car_flow_2.3,18.46,10.84,1.7
21.0,auto_flow_1.3,bike_flow_1.1,12.1,10.92,1.11
21.0,auto_flow_1.3,bike_flow_1.2,32.18,10.92,2.95
21.0,auto_flow_1.3,car_flow_1.2,8.02,10.92,0.73
21.0,auto_flow_1.3,car_flow_2.4,27.83,10.92,2.55
21.0,bike_flow_1.1,car_flow_1.2,19.02,10.93,1.74
21.0,bike_flow_1.1,car_flow_2.4,16.47,10.93,1.51
21.0,bike_flow_1.2,bike_flow_2.0,27.09,11.53,2.35
21.0,bike_flow_1.2,bike_flow_2.1,29.02,11.53,2.52
21.0,bike_flow_1.2,bike_flow_2.2,31.49,11.53,2.73
21.0,bike_flow_1.2,bike_flow_2.3,34.38,11.53,2.98
21.0,bike_flow_1.2,car_flow_1.2,24.67,11.53,2.14
21.0,bike_flow_1.2,car_flow_1.3,29.29,11.53,2.54
21.0,bike_flow_1.2,car_flow_2.3,4.46,11.53,0.39
21.0,bike_flow_1.3,bike_flow_2.0,31.48,12.01,2.62
21.0,bike_flow_1.3,bike_flow_2.1,33.16,12.01,2.76
21.0,bike_flow_1.3,bike_flow_2.2,35.34,12.01,2.94
21.0,bike_flow_1.3,car_flow_1.3,25.89,12.01,2.16
21.0,bike_flow_1.3,car_flow_1.4,23.09,12.01,1.92
21.0,bike_flow_1.3,car_flow_2.2,12.55,12.01,1.04
21.0,bike_flow_1.4,car_flow_1.4,32.38,10.9,2.97
21.0,bike_flow_1.4,car_flow_2.1,16.74,10.9,1.54
21.0,bike_flow_2.8,bike_flow_2.9,17.57,8.16,2.15
21.0,car_flow_1.2,car_flow_2.3,27.95,11.54,2.42
21.0,car_flow_1.3,car_flow_2.2,14.12,10.85,1.3
21.0,car_flow_1.3,car_flow_2.3,26.38,10.85,2.43
21.0,car_flow_1.4,car_flow_2.1,16.27,13.6,1.2
21.0,car_flow_1.4,car_flow_2.2,35.38,13.6,2.6
22.0,auto_flow_1.0,bike_flow_1.4,22.99,10.77,2.13
22.0,auto_flow_1.0,car_flow_2.1,18.48,10.77,1.72
22.0,auto_flow_1.1,bike_flow_1.3,29.04,10.61,2.74
22.0,auto_flow_1.1,bike_flow_1.4,28.12,10.61,2.65
22.0,auto_flow_1.1,car_flow_1.4,6.66,10.61,0.63
22.0,auto_flow_1.1,car_flow_2.2,18.24,10.61,1.72
22.0,auto_flow_1.2,bike_flow_1.3,11.75,9.48,1.24
22.0,auto_flow_1.2,bike_flow_2.0,8.78,9.48,0.93
22.0,auto_flow_1.2,bike_flow_2.1,12.52,9.48,1.32
22.0,auto_flow_1.2,bike_flow_2.2,16.65,9.48,1.76
22.0,auto_flow_1.2,bike_flow_2.3,20.93,9.48,2.21
22.0,auto_flow_1.2,bike_flow_2.4,25.32,9.48,2.67
22.0,auto_flow_1.2,car_flow_1.3,13.3,9.48,1.4
22.0,auto_flow_1.2,car_flow_2.2,21.94,9.48,2.31
22.0,auto_flow_1.2,car_flow_2.3,17.29,9.48,1.82
22.0,auto_flow_1.3,bike_flow_1.2,10.76,10.66,1.01
22.0,auto_flow_1.3,car_flow_1.2,15.15,10.66,1.42
22.0,auto_flow_1.3,car_flow_2.4,25.61,10.66,2.4
22.0,auto_flow_1.4,bike_flow_1.1,16.84,11.0,1.53
22.0,auto_flow_1.4,car_flow_2.4,26.27,11.0,2.39
22.0,bike_flow_1.1,car_flow_1.2,20.53,13.02,1.58
22.0,bike_flow_1.1,car_flow_2.4,10.25,13.02,0.79
22.0,bike_flow_1.2,car_flow_1.2,25.09,11.09,2.26
22.0,bike_flow_1.2,car_flow_1.3,29.23,11.09,2.64
22.0,bike_flow_1.2,car_flow_2.3,25.05,11.09,2.26
22.0,bike_flow_1.3,bike_flow_2.0,19.71,12.82,1.54
22.0,bike_flow_1.3,bike_flow_2.1,22.29,12.82,1.74
22.0,bike_flow_1.3,bike_flow_2.2,25.42,12.82,1.98
22.0,bike_flow_1.3,bike_flow_2.3,28.92,12.82,2.26
22.0,bike_flow_1.3,bike_flow_2.4,32.68,12.82,2.55
22.0,bike_flow_1.3,bike_flow_2.5,37.88,12.82,2.96
22.0,bike_flow_1.3,car_flow_1.3,24.22,12.82,1.89
22.0,bike_flow_1.3,car_flow_1.4,23.03,12.82,1.8
22.0,bike_flow_1.3,car_flow_2.2,11.1,12.82,0.87
22.0,bike_flow_1.3,car_flow_2.3,28.77,12.82,2.24
22.0,bike_flow_1.4,car_flow_1.4,33.78,11.49,2.94
22.0,bike_flow_1.4,car_flow_2.1,5.35,11.49,0.47
22.0,bike_flow_2.10,bike_flow_2.11,8.62,4.58,1.88
22.0,bike_flow_2.8,bike_flow_2.9,13.18,5.51,2.39
22.0,car_flow_1.2,car_flow_2.4,11.26,11.51,0.98
22.0,car_flow_1.3,car_flow_2.3,5.42,11.15,0.49
22.0,car_flow_1.4,car_flow_2.1,38.19,12.88,2.96
22.0,car_flow_1.4,car_flow_2.2,12.8,12.88,0.99
23.0,auto_flow_1.1,bike_flow_1.4,7.83,10.92,0.72
23.0,auto_flow_1.1,car_flow_1.4,30.15,10.92,2.76
23.0,auto_flow_1.1,car_flow_2.1,31.67,10.92,2.9
23.0,auto_flow_1.1,car_flow_2.2,18.28,10.92,1.67
23.0,auto_flow_1.2,bike_flow_1.3,11.27,10.37,1.09
23.0,auto_flow_1.2,bike_flow_2.0,17.46,10.37,1.68
23.0,auto_flow_1.2,bike_flow_2.1,19.61,10.37,1.89
23.0,auto_flow_1.2,bike_flow_2.2,22.47,10.37,2.17
23.0,auto_flow_1.2,bike_flow_2.3,25.8,10.37,2.49
23.0,auto_flow_1.2,bike_flow_2.4,29.46,10.37,2.84
23.0,auto_flow_1.2,car_flow_1.4,11.21,10.37,1.08
23.0,auto_flow_1.2,car_flow_2.2,22.44,10.37,2.16
23.0,auto_flow_1.2,car_flow_2.3,18.4,10.37,1.77
23.0,auto_flow_1.3,bike_flow_1.2,12.85,9.94,1.29
23.0,auto_flow_1.3,car_flow_1.3,18.13,9.94,1.82
23.0,auto_flow_1.3,car_flow_2.4,22.28,9.94,2.24
23.0,auto_flow_1.4,bike_flow_1.1,7.13,10.31,0.69
23.0,auto_flow_1.4,car_flow_1.2,14.4,10.31,1.4
23.0,auto_flow_1.4,car_flow_2.4,29.22,10.31,2.83
23.0,bike_flow_1.1,car_flow_1.2,20.4,12.59,1.62
23.0,bike_flow_1.1,car_flow_2.4,35.73,12.59,2.84
23.0,bike_flow_1.2,car_flow_1.2,25.02,12.78,1.96
23.0,bike_flow_1.2,car_flow_1.3,30.29,12.78,2.37
23.0,bike_flow_1.2,car_flow_2.4,10.34,12.78,0.81
23.0,bike_flow_1.3,bike_flow_2.0,11.17,11.75,0.95
23.0,bike_flow_1.3,bike_flow_2.1,15.27,11.75,1.3
23.0,bike_flow_1.3,bike_flow_2.2,19.55,11.75,1.66
23.0,bike_flow_1.3,bike_flow_2.3,23.92,11.75,2.04
23.0,bike_flow_1.3,bike_flow_2.4,28.34,11.75,2.41
23.0,bike_flow_1.3,bike_flow_2.5,34.05,11.75,2.9
23.0,bike_flow_1.3,car_flow_1.3,24.19,11.75,2.06
23.0,bike_flow_1.3,car_flow_1.4,21.56,11.75,1.83
23.0,bike_flow_1.3,car_flow_2.2,33.41,11.75,2.84
23.0,bike_flow_1.3,car_flow_2.3,8.23,11.75,0.7
23.0,bike_flow_1.4,car_flow_1.5,29.27,9.88,2.96
23.0,bike_flow_1.4,car_flow_2.1,24.74,9.88,2.5
23.0,bike_flow_1.4,car_flow_2.2,25.62,9.88,2.59
23.0,bike_flow_2.10,bike_flow_2.11,10.55,5.31,1.99
23.0,car_flow_1.2,car_flow_2.4,15.52,12.72,1.22
23.0,car_flow_1.3,car_flow_2.3,16.91,11.72,1.44
23.0,car_flow_1.4,car_flow_2.2,12.13,13.22,0.92
23.0,car_flow_1.4,car_flow_2.3,29.32,13.22,2.22
23.0,car_flow_1.5,car_flow_2.1,5.72,11.55,0.5
24.0,auto_flow_1.1,bike_flow_1.4,15.27,10.98,1.39
24.0,auto_flow_1.1,car_flow_1.5,12.4,10.98,1.13
24.0,auto_flow_1.1,car_flow_2.2,18.33,10.98,1.67
24.0,auto_flow_1.2,bike_flow_1.4,26.75,10.21,2.62
24.0,auto_flow_1.2,bike_flow_2.0,27.18,10.21,2.66
24.0,auto_flow_1.2,bike_flow_2.1,28.61,10.21,2.8
24.0,auto_flow_1.2,car_flow_1.4,12.14,10.21,1.19
24.0,auto_flow_1.2,car_flow_2.2,23.16,10.21,2.27
24.0,auto_flow_1.2,car_flow_2.3,18.04,10.21,1.77
24.0,auto_flow_1.3,bike_flow_1.3,19.93,10.53,1.89
24.0,auto_flow_1.3,bike_flow_2.0,26.97,10.53,2.56
24.0,auto_flow_1.3,bike_flow_2.1,28.41,10.53,2.7
24.0,auto_flow_1.3,bike_flow_2.2,30.45,10.53,2.89
24.0,auto_flow_1.3,car_flow_1.3,4.99,10.53,0.47
24.0,auto_flow_1.3,car_flow_2.4,20.65,10.53,1.96
24.0,auto_flow_1.4,bike_flow_1.2,16.5,10.47,1.58
24.0,auto_flow_1.4,car_flow_1.2,10.05,10.47,0.96
24.0,auto_flow_1.4,car_flow_2.4,30.92,10.47,2.95
24.0,bike_flow_1.2,car_flow_1.2,25.72,12.39,2.08
24.0,bike_flow_1.2,car_flow_1.3,31.55,12.39,2.55
24.0,bike_flow_1.2,car_flow_2.4,15.07,12.39,1.22
24.0,bike_flow_1.3,bike_flow_2.0,11.75,11.83,0.99
24.0,bike_flow_1.3,bike_flow_2.1,15.7,11.83,1.33
24.0,bike_flow_1.3,bike_flow_2.2,19.89,11.83,1.68
24.0,bike_flow_1.3,bike_flow_2.3,24.19,11.83,2.04
24.0,bike_flow_1.3,bike_flow_2.4,28.57,11.83,2.41
24.0,bike_flow_1.3,bike_flow_2.5,33.82,11.83,2.86
24.0,bike_flow_1.3,car_flow_1.3,23.49,11.83,1.99
24.0,bike_flow_1.3,car_flow_1.4,21.14,11.83,1.79
24.0,bike_flow_1.3,car_flow_2.3,15.15,11.83,1.28
24.0,bike_flow_1.4,car_flow_1.5,26.92,11.1,2.43
24.0,bike_flow_1.4,car_flow_2.2,4.67,11.1,0.42
24.0,bike_flow_2.10,bike_flow_2.11,13.45,5.99,2.24
24.0,bike_flow_2.11,bike_flow_2.12,6.48,3.1,2.09
24.0,car_flow_1.3,car_flow_2.4,17.12,11.13,1.54
24.0,car_flow_1.4,car_flow_2.2,35.02,12.25,2.86
24.0,car_flow_1.4,car_flow_2.3,7.09,12.25,0.58
24.0,car_flow_1.5,car_flow_2.2,30.48,13.45,2.27
25.0,auto_flow_1.1,bike_flow_1.5,17.85,10.87,1.64
25.0,auto_flow_1.1,car_flow_1.5,12.65,10.87,1.16
25.0,auto_flow_1.1,car_flow_2.2,17.72,10.87,1.63
25.0,auto_flow_1.2,bike_flow_1.4,5.14,10.22,0.5
25.0,auto_flow_1.2,car_flow_1.5,30.08,10.22,2.94
25.0,auto_flow_1.2,car_flow_2.2,24.43,10.22,2.39
25.0,auto_flow_1.2,car_flow_2.3,18.2,10.22,1.78
25.0,auto_flow_1.3,bike_flow_1.3,4.39,10.25,0.43
25.0,auto_flow_1.3,bike_flow_2.0,17.21,10.25,1.68
25.0,auto_flow_1.3,bike_flow_2.1,19.39,10.25,1.89
25.0,auto_flow_1.3,bike_flow_2.2,22.28,10.25,2.17
25.0,auto_flow_1.3,bike_flow_2.3,25.63,10.25,2.5
25.0,auto_flow_1.3,bike_flow_2.4,29.3,10.25,2.86
25.0,auto_flow_1.3,car_flow_1.3,25.87,10.25,2.52
25.0,auto_flow_1.3,car_flow_1.4,18.11,10.25,1.77
25.0,auto_flow_1.3,car_flow_2.4,19.8,10.25,1.93
25.0,auto_flow_1.4,bike_flow_1.2,7.67,10.68,0.72
25.0,auto_flow_1.4,car_flow_1.3,25.67,10.68,2.4
25.0,auto_flow_1.4,car_flow_2.4,31.34,10.68,2.94
25.0,bike_flow_1.2,car_flow_1.2,26.18,12.48,2.1
25.0,bike_flow_1.2,car_flow_1.3,32.44,12.48,2.6
25.0,bike_flow_1.3,bike_flow_2.0,21.29,12.42,1.71
25.0,bike_flow_1.3,bike_flow_2.1,23.7,12.42,1.91
25.0,bike_flow_1.3,bike_flow_2.2,26.66,12.42,2.15
25.0,bike_flow_1.3,bike_flow_2.3,30.01,12.42,2.42
25.0,bike_flow_1.3,bike_flow_2.4,33.62,12.42,2.71
25.0,bike_flow_1.3,car_flow_1.3,22.67,12.42,1.83
25.0,bike_flow_1.3,car_flow_1.4,20.82,12.42,1.68
25.0,bike_flow_1.3,car_flow_2.4,17.1,12.42,1.38
25.0,bike_flow_1.4,car_flow_1.5,25.88,12.31,2.1
25.0,bike_flow_1.4,car_flow_2.2,20.65,12.31,1.68
25.0,bike_flow_1.4,car_flow_2.3,22.46,12.31,1.82
25.0,bike_flow_1.5,car_flow_1.5,29.81,12.83,2.32
25.0,bike_flow_1.5,car_flow_2.2,35.43,12.83,2.76
25.0,bike_flow_2.10,bike_flow_2.11,17.69,8.82,2.01
25.0,bike_flow_2.10,bike_flow_2.8,20.48,8.82,2.32
25.0,bike_flow_2.10,bike_flow_2.9,13.92,8.82,1.58
25.0,bike_flow_2.11,bike_flow_2.12,9.73,4.57,2.13
25.0,car_flow_1.3,car_flow_2.4,6.68,11.6,0.58
25.0,car_flow_1.4,car_flow_2.3,16.77,12.73,1.32
25.0,car_flow_1.4,car_flow_2.4,37.76,12.73,2.96
25.0,car_flow_1.5,car_flow_2.2,6.34,13.35,0.48
26.0,auto_flow_1.1,bike_flow_1.5,6.98,10.18,0.69
26.0,auto_flow_1.1,car_flow_2.2,16.78,10.18,1.65
26.0,auto_flow_1.2,bike_flow_1.4,19.17,10.81,1.77
26.0,auto_flow_1.2,car_flow_1.5,6.87,10.81,0.64
26.0,auto_flow_1.2,car_flow_2.2,24.74,10.81,2.29
26.0,auto_flow_1.2,car_flow_2.3,18.11,10.81,1.68
26.0,auto_flow_1.3,bike_flow_1.3,24.55,9.94,2.47
26.0,auto_flow_1.3,bike_flow_2.0,8.89,9.94,0.89
26.0,auto_flow_1.3,bike_flow_2.1,12.6,9.94,1.27
26.0,auto_flow_1.3,bike_flow_2.2,16.7,9.94,1.68
26.0,auto_flow_1.3,bike_flow_2.3,20.97,9.94,2.11
26.0,auto_flow_1.3,bike_flow_2.4,25.32,9.94,2.55
26.0,auto_flow_1.3,car_flow_1.4,5.97,9.94,0.6
26.0,auto_flow_1.3,car_flow_2.4,18.24,9.94,1.83
26.0,auto_flow_1.4,bike_flow_1.3,27.14,9.79,2.77
26.0,auto_flow_1.4,car_flow_1.3,5.33,9.79,0.54
26.0,bike_flow_1.2,car_flow_1.3,35.54,14.51,2.45
26.0,bike_flow_1.3,bike_flow_2.0,31.84,11.4,2.79
26.0,bike_flow_1.3,bike_flow_2.1,33.5,11.4,2.94
26.0,bike_flow_1.3,car_flow_1.3,22.68,11.4,1.99
26.0,bike_flow_1.3,car_flow_1.4,19.3,11.4,1.69
26.0,bike_flow_1.3,car_flow_2.4,6.89,11.4,0.6
26.0,bike_flow_1.4,bike_flow_2.0,30.13,12.12,2.49
26.0,bike_flow_1.4,bike_flow_2.1,31.88,12.12,2.63
26.0,bike_flow_1.4,bike_flow_2.2,34.14,12.12,2.82
26.0,bike_flow_1.4,car_flow_1.5,24.98,12.12,2.06
26.0,bike_flow_1.4,car_flow_2.3,3.3,12.12,0.27
26.0,bike_flow_1.5,car_flow_1.5,29.24,13.58,2.15
26.0,bike_flow_1.5,car_flow_2.2,11.05,13.58,0.81
26.0,bike_flow_2.10,bike_flow_2.9,10.07,5.35,1.88
26.0,bike_flow_2.11,bike_flow_2.12,12.45,6.65,1.87
26.0,car_flow_1.3,car_flow_2.4,28.96,11.41,2.54
26.0,car_flow_1.4,car_flow_2.4,13.58,12.92,1.05
26.0,car_flow_1.5,car_flow_2.2,18.93,13.01,1.45
26.0,car_flow_1.5,car_flow_2.3,24.41,13.01,1.88
27.0,auto_flow_1.2,bike_flow_1.5,11.36,9.88,1.15
27.0,auto_flow_1.2,car_flow_1.5,17.03,9.88,1.72
27.0,auto_flow_1.2,car_flow_2.2,24.79,9.88,2.51
27.0,auto_flow_1.2,car_flow_2.3,16.72,9.88,1.69
27.0,auto_flow_1.3,bike_flow_1.4,13.87,10.47,1.33
27.0,auto_flow_1.3,bike_flow_2.0,8.0,10.47,0.76
27.0,auto_flow_1.3,bike_flow_2.1,11.98,10.47,1.14
27.0,auto_flow_1.3,bike_flow_2.2,16.24,10.47,1.55
27.0,auto_flow_1.3,bike_flow_2.3,20.6,10.47,1.97
27.0,auto_flow_1.3,bike_flow_2.4,25.02,10.47,2.39
27.0,auto_flow_1.3,bike_flow_2.5,29.78,10.47,2.85
27.0,auto_flow_1.3,car_flow_1.4,26.86,10.47,2.57
27.0,auto_flow_1.3,car_flow_2.4,18.44,10.47,1.76
27.0,auto_flow_1.4,bike_flow_1.3,5.91,10.11,0.58
27.0,auto_flow_1.4,car_flow_1.3,17.31,10.11,1.71
27.0,auto_flow_1.4,car_flow_1.4,25.18,10.11,2.49
27.0,bike_flow_1.3,car_flow_1.3,21.98,11.87,1.85
27.0,bike_flow_1.3,car_flow_1.4,20.01,11.87,1.69
27.0,bike_flow_1.3,car_flow_2.4,28.42,11.87,2.39
27.0,bike_flow_1.4,bike_flow_2.0,20.5,10.49,1.95
27.0,bike_flow_1.4,bike_flow_2.1,23.0,10.49,2.19
27.0,bike_flow_1.4,bike_flow_2.2,26.04,10.49,2.48
27.0,bike_flow_1.4,bike_flow_2.3,29.45,10.49,2.81
27.0,bike_flow_1.4,car_flow_1.5,22.54,10.49,2.15
27.0,bike_flow_1.4,car_flow_2.3,22.78,10.49,2.17
27.0,bike_flow_1.5,car_flow_1.5,27.63,14.53,1.9
27.0,bike_flow_1.5,car_flow_1.6,25.12,14.53,1.73
27.0,bike_flow_1.5,car_flow_2.2,14.25,14.53,0.98
27.0,bike_flow_1.5,car_flow_2.3,27.81,14.53,1.91
27.0,bike_flow_2.10,bike_flow_2.9,7.13,3.39,2.1
27.0,bike_flow_2.11,bike_flow_2.12,11.89,6.14,1.94
27.0,bike_flow_2.12,bike_flow_2.13,11.96,6.7,1.79
27.0,car_flow_1.3,car_flow_2.5,32.51,11.17,2.91
27.0,car_flow_1.4,car_flow_2.4,8.83,11.17,0.79
27.0,car_flow_1.5,car_flow_2.3,3.2,12.93,0.25
27.0,car_flow_1.6,car_flow_2.2,11.68,12.65,0.92
28.0,auto_flow_1.2,bike_flow_1.5,14.64,10.25,1.43
28.0,auto_flow_1.2,car_flow_1.6,13.97,10.25,1.36
28.0,auto_flow_1.2,car_flow_2.2,26.43,10.25,2.58
28.0,auto_flow_1.2,car_flow_2.3,16.89,10.25,1.65
28.0,auto_flow_1.3,bike_flow_1.4,8.83,9.64,0.92
28.0,auto_flow_1.3,bike_flow_2.0,15.62,9.64,1.62
28.0,auto_flow_1.3,bike_flow_2.1,17.99,9.64,1.87
28.0,auto_flow_1.3,bike_flow_2.2,21.07,9.64,2.18
28.0,auto_flow_1.3,bike_flow_2.3,24.59,9.64,2.55
28.0,auto_flow_1.3,bike_flow_2.4,28.39,9.64,2.94
28.0,auto_flow_1.3,car_flow_1.5,14.37,9.64,1.49
28.0,auto_flow_1.3,car_flow_2.4,17.69,9.64,1.83
28.0,auto_flow_1.4,bike_flow_1.3,18.17,10.82,1.68
28.0,auto_flow_1.4,car_flow_1.4,3.73,10.82,0.35
28.0,bike_flow_1.3,car_flow_1.3,20.85,12.04,1.73
28.0,bike_flow_1.3,car_flow_1.4,19.81,12.04,1.65
28.0,bike_flow_1.3,car_flow_2.5,31.25,12.04,2.6
28.0,bike_flow_1.4,bike_flow_2.0,11.45,12.09,0.95
28.0,bike_flow_1.4,bike_flow_2.1,15.48,12.09,1.28
28.0,bike_flow_1.4,bike_flow_2.2,19.71,12.09,1.63
28.0,bike_flow_1.4,bike_flow_2.3,24.04,12.09,1.99
28.0,bike_flow_1.4,bike_flow_2.4,28.43,12.09,2.35
28.0,bike_flow_1.4,bike_flow_2.5,32.95,12.09,2.73
28.0,bike_flow_1.4,car_flow_1.5,22.24,12.09,1.84
28.0,bike_flow_1.4,car_flow_2.4,9.98,12.09,0.83
28.0,bike_flow_1.5,car_flow_1.5,25.09,14.94,1.68
28.0,bike_flow_1.5,car_flow_1.6,27.88,14.94,1.87
28.0,bike_flow_1.5,car_flow_2.2,40.84,14.94,2.73
28.0,bike_flow_1.5,car_flow_2.3,4.13,14.94,0.28
28.0,bike_flow_2.11,bike_flow_2.12,12.76,5.64,2.26
28.0,bike_flow_2.11,bike_flow_2.9,16.5,5.64,2.92
28.0,bike_flow_2.12,bike_flow_2.13,13.17,4.77,2.76
28.0,car_flow_1.3,car_flow_2.5,10.72,10.91,0.98
28.0,car_flow_1.4,car_flow_2.4,31.02,12.23,2.54
28.0,car_flow_1.5,car_flow_2.3,22.71,12.39,1.83
28.0,car_flow_1.5,car_flow_2.4,31.85,12.39,2.57
28.0,car_flow_1.6,car_flow_2.2,13.23,12.17,1.09
28.0,car_flow_1.6,car_flow_2.3,30.65,12.17,2.52
29.0,auto_flow_1.2,bike_flow_1.6,18.91,10.13,1.87
29.0,auto_flow_1.2,car_flow_1.6,10.07,10.13,0.99
29.0,auto_flow_1.2,car_flow_2.3,16.81,10.13,1.66
29.0,auto_flow_1.3,bike_flow_1.4,30.36,10.46,2.9
29.0,auto_flow_1.3,bike_flow_1.5,16.41,10.46,1.57
29.0,auto_flow_1.3,bike_flow_2.0,25.48,10.46,2.44
29.0,auto_flow_1.3,bike_flow_2.1,27.0,10.46,2.58
29.0,auto_flow_1.3,bike_flow_2.2,29.14,10.46,2.79
29.0,auto_flow_1.3,car_flow_1.5,10.11,10.46,0.97
29.0,auto_flow_1.3,car_flow_2.4,18.1,10.46,1.73
29.0,auto_flow_1.4,bike_flow_1.4,20.84,10.15,2.05
29.0,auto_flow_1.4,bike_flow_2.0,26.99,10.15,2.66
29.0,auto_flow_1.4,bike_flow_2.1,28.43,10.15,2.8
29.0,auto_flow_1.4,car_flow_1.4,20.73,10.15,2.04
29.0,auto_flow_1.5,car_flow_1.3,12.49,11.0,1.14
29.0,auto_flow_1.5,car_flow_2.5,26.2,11.0,2.38
29.0,bike_flow_1.3,car_flow_1.3,21.03,11.19,1.88
29.0,bike_flow_1.3,car_flow_1.4,18.74,11.19,1.67
29.0,bike_flow_1.3,car_flow_2.5,7.61,11.19,0.68
29.0,bike_flow_1.4,bike_flow_2.0,11.28,11.5,0.98
29.0,bike_flow_1.4,bike_flow_2.1,15.35,11.5,1.34
29.0,bike_flow_1.4,bike_flow_2.2,19.61,11.5,1.71
29.0,bike_flow_1.4,bike_flow_2.3,23.96,11.5,2.08
29.0,bike_flow_1.4,bike_flow_2.4,28.36,11.5,2.47
29.0,bike_flow_1.4,bike_flow_2.5,32.87,11.5,2.86
29.0,bike_flow_1.4,car_flow_1.5,20.6,11.5,1.79
29.0,bike_flow_1.4,car_flow_2.4,12.5,11.5,1.09
29.0,bike_flow_1.5,car_flow_1.5,25.69,12.54,2.05
29.0,bike_flow_1.5,car_flow_1.6,27.41,12.54,2.19
29.0,bike_flow_1.5,car_flow_2.3,20.4,12.54,1.63
29.0,bike_flow_1.5,car_flow_2.4,34.35,12.54,2.74
29.0,bike_flow_1.6,car_flow_1.6,28.18,12.6,2.24
29.0,bike_flow_1.6,car_flow_2.3,35.59,12.6,2.82
29.0,bike_flow_2.11,bike_flow_2.12,9.65,3.22,3.0
29.0,bike_flow_2.12,bike_flow_2.13,14.39,6.33,2.27
29.0,bike_flow_2.13,bike_flow_2.14,8.67,5.11,1.7
29.0,car_flow_1.3,car_flow_2.5,14.49,11.37,1.27
29.0,car_flow_1.4,car_flow_2.5,25.84,12.26,2.11
29.0,car_flow_1.5,car_flow_2.4,9.09,13.14,0.69
29.0,car_flow_1.6,car_flow_2.3,7.93,13.01,0.61
30.0,auto_flow_1.2,bike_flow_1.6,3.7,9.64,0.38
30.0,auto_flow_1.2,car_flow_2.3,16.14,9.64,1.67
30.0,auto_flow_1.3,bike_flow_1.5,8.06,10.76,0.75
30.0,auto_flow_1.3,car_flow_1.6,20.87,10.76,1.94
30.0,auto_flow_1.3,car_flow_2.4,18.01,10.76,1.67
30.0,auto_flow_1.4,bike_flow_1.4,3.82,10.73,0.36
30.0,auto_flow_1.4,bike_flow_2.0,16.79,10.73,1.56
30.0,auto_flow_1.4,bike_flow_2.1,19.02,10.73,1.77
30.0,auto_flow_1.4,bike_flow_2.2,21.95,10.73,2.05
30.0,auto_flow_1.4,bike_flow_2.3,25.35,10.73,2.36
30.0,auto_flow_1.4,bike_flow_2.4,29.05,10.73,2.71
30.0,auto_flow_1.4,car_flow_1.5,18.7,10.73,1.74
30.0,auto_flow_1.5,bike_flow_1.3,13.08,9.75,1.34
30.0,auto_flow_1.5,car_flow_1.3,9.12,9.75,0.94
30.0,bike_flow_1.3,car_flow_1.3,21.22,10.68,1.99
30.0,bike_flow_1.3,car_flow_1.4,18.06,10.68,1.69
30.0,bike_flow_1.3,car_flow_2.5,17.25,10.68,1.62
30.0,bike_flow_1.4,bike_flow_2.0,20.08,11.94,1.68
30.0,bike_flow_1.4,bike_flow_2.1,22.62,11.94,1.89
30.0,bike_flow_1.4,bike_flow_2.2,25.7,11.94,2.15
30.0,bike_flow_1.4,bike_flow_2.3,29.16,11.94,2.44
30.0,bike_flow_1.4,bike_flow_2.4,32.86,11.94,2.75
30.0,bike_flow_1.4,car_flow_1.5,20.5,11.94,1.72
30.0,bike_flow_1.4,car_flow_2.4,35.02,11.94,2.93
30.0,bike_flow_1.5,bike_flow_2.0,29.64,12.74,2.33
30.0,bike_flow_1.5,bike_flow_2.1,31.42,12.74,2.47
30.0,bike_flow_1.5,bike_flow_2.2,33.7,12.74,2.65
30.0,bike_flow_1.5,bike_flow_2.3,36.41,12.74,2.86
30.0,bike_flow_1.5,car_flow_1.5,24.99,12.74,1.96
30.0,bike_flow_1.5,car_flow_1.6,28.02,12.74,2.2
30.0,bike_flow_1.5,car_flow_2.4,11.09,12.74,0.87
30.0,bike_flow_1.6,car_flow_1.6,29.45,10.86,2.71
30.0,bike_flow_1.6,car_flow_2.3,14.64,10.86,1.35
30.0,bike_flow_2.12,bike_flow_2.13,11.99,4.08,2.94
30.0,bike_flow_2.13,bike_flow_2.14,11.5,6.48,1.78
30.0,car_flow_1.4,car_flow_2.5,3.39,11.36,0.3
30.0,car_flow_1.5,car_flow_2.4,14.72,12.04,1.22
30.0,car_flow_1.6,car_flow_2.3,15.5,12.13,1.28
31.0,auto_flow_1.2,bike_flow_1.6,24.2,10.63,2.28
31.0,auto_flow_1.2,car_flow_2.3,17.79,10.63,1.67
31.0,auto_flow_1.3,bike_flow_1.5,29.3,10.08,2.91
31.0,auto_flow_1.3,bike_flow_1.6,28.68,10.08,2.85
31.0,auto_flow_1.3,car_flow_1.6,3.98,10.08,0.4
31.0,auto_flow_1.3,car_flow_2.4,17.55,10.08,1.74
31.0,auto_flow_1.4,bike_flow_1.4,22.48,9.74,2.31
31.0,auto_flow_1.4,bike_flow_1.5,22.25,9.74,2.28
31.0,auto_flow_1.4,bike_flow_2.0,8.72,9.74,0.89
31.0,auto_flow_1.4,bike_flow_2.1,12.48,9.74,1.28
31.0,auto_flow_1.4,bike_flow_2.2,16.61,9.74,1.7
31.0,auto_flow_1.4,bike_flow_2.3,20.9,9.74,2.14
31.0,auto_flow_1.4,bike_flow_2.4,25.26,9.74,2.59
31.0,auto_flow_1.4,car_flow_1.5,4.73,9.74,0.48
31.0,auto_flow_1.5,bike_flow_1.3,8.32,9.65,0.86
31.0,auto_flow_1.5,car_flow_1.4,10.54,9.65,1.09
31.0,bike_flow_1.3,car_flow_1.4,17.72,10.71,1.65
31.0,bike_flow_1.4,bike_flow_2.0,29.62,10.43,2.84
31.0,bike_flow_1.4,car_flow_1.5,18.78,10.43,1.8
31.0,bike_flow_1.4,car_flow_2.5,17.91,10.43,1.72
31.0,bike_flow_1.5,bike_flow_2.0,19.04,11.65,1.63
31.0,bike_flow_1.5,bike_flow_2.1,21.7,11.65,1.86
31.0,bike_flow_1.5,bike_flow_2.2,24.9,11.65,2.14
31.0,bike_flow_1.5,bike_flow_2.3,28.45,11.65,2.44
31.0,bike_flow_1.5,bike_flow_2.4,32.24,11.65,2.77
31.0,bike_flow_1.5,car_flow_1.5,25.5,11.65,2.19
31.0,bike_flow_1.5,car_flow_1.6,26.75,11.65,2.3
31.0,bike_flow_1.5,car_flow_2.4,12.01,11.65,1.03
31.0,bike_flow_1.6,car_flow_1.6,30.87,11.5,2.69
31.0,bike_flow_1.6,car_flow_2.3,6.98,11.5,0.61
31.0,bike_flow_2.13,bike_flow_2.14,11.82,5.49,2.15
31.0,bike_flow_2.14,bike_flow_2.15,8.82,5.17,1.7
31.0,car_flow_1.4,car_flow_2.5,23.71,11.05,2.15
31.0,car_flow_1.6,car_flow_2.3,37.21,12.92,2.88
31.0,car_flow_1.6,car_flow_2.4,15.51,12.92,1.2
32.0,auto_flow_1.3,bike_flow_1.6,7.89,10.66,0.74
32.0,auto_flow_1.3,car_flow_1.6,25.75,10.66,2.41
32.0,auto_flow_1.3,car_flow_2.4,18.08,10.66,1.7
32.0,auto_flow_1.4,bike_flow_1.5,3.2,10.06,0.32
32.0,auto_flow_1.4,bike_flow_2.0,7.92,10.06,0.79
32.0,auto_flow_1.4,bike_flow_2.1,11.93,10.06,1.19
32.0,auto_flow_1.4,bike_flow_2.2,16.2,10.06,1.61
32.0,auto_flow_1.4,bike_flow_2.3,20.57,10.06,2.04
32.0,auto_flow_1.4,bike_flow_2.4,24.99,10.06,2.48
32.0,auto_flow_1.4,bike_flow_2.5,29.44,10.06,2.93
32.0,auto_flow_1.4,car_flow_1.5,24.66,10.06,2.45
32.0,auto_flow_1.4,car_flow_1.6,26.39,10.06,2.62
32.0,auto_flow_1.5,bike_flow_1.3,32.41,10.91,2.97
32.0,auto_flow_1.5,bike_flow_1.4,28.2,10.91,2.59
32.0,auto_flow_1.5,car_flow_1.4,11.39,10.91,1.04
32.0,bike_flow_1.3,car_flow_1.4,21.31,13.66,1.56
32.0,bike_flow_1.4,car_flow_1.5,20.09,12.23,1.64
32.0,bike_flow_1.4,car_flow_2.5,8.85,12.23,0.72
32.0,bike_flow_1.5,bike_flow_2.0,10.76,11.89,0.9
32.0,bike_flow_1.5,bike_flow_2.1,14.97,11.89,1.26
32.0,bike_flow_1.5,bike_flow_2.2,19.32,11.89,1.63
32.0,bike_flow_1.5,bike_flow_2.3,23.72,11.89,2.0
32.0,bike_flow_1.5,bike_flow_2.4,28.16,11.89,2.37
32.0,bike_flow_1.5,bike_flow_2.5,32.62,11.89,2.74
32.0,bike_flow_1.5,car_flow_1.5,24.52,11.89,2.06
32.0,bike_flow_1.5,car_flow_1.6,26.12,11.89,2.2
32.0,bike_flow_1.5,car_flow_2.4,33.75,11.89,2.84
32.0,bike_flow_1.6,car_flow_1.7,29.98,10.62,2.82
32.0,bike_flow_1.6,car_flow_2.3,27.82,10.62,2.62
32.0,bike_flow_1.6,car_flow_2.4,25.49,10.62,2.4
32.0,bike_flow_2.13,bike_flow_2.14,10.43,3.64,2.87
32.0,bike_flow_2.14,bike_flow_2.15,9.94,5.03,1.98
32.0,car_flow_1.5,car_flow_2.5,12.27,10.91,1.12
32.0,car_flow_1.6,car_flow_2.4,8.13,12.51,0.65
32.0,car_flow_1.7,car_flow_2.3,3.96,11.57,0.34
33.0,auto_flow_1.3,bike_flow_1.6,14.54,9.89,1.47
33.0,auto_flow_1.3,car_flow_1.7,14.23,9.89,1.44
33.0,auto_flow_1.3,car_flow_2.4,17.43,9.89,1.76
33.0,auto_flow_1.4,bike_flow_1.5,22.27,9.71,2.29
33.0,auto_flow_1.4,bike_flow_2.0,15.55,9.71,1.6
33.0,auto_flow_1.4,bike_flow_2.1,17.93,9.71,1.85
33.0,auto_flow_1.4,bike_flow_2.2,21.02,9.71,2.16
33.0,auto_flow_1.4,bike_flow_2.3,24.54,9.71,2.53
33.0,auto_flow_1.4,bike_flow_2.4,28.35,9.71,2.92
33.0,auto_flow_1.4,car_flow_1.6,4.91,9.71,0.51
33.0,auto_flow_1.5,bike_flow_1.4,8.16,9.72,0.84
33.0,auto_flow_1.5,car_flow_1.5,26.12,9.72,2.69
33.0,bike_flow_1.4,car_flow_1.5,18.41,10.8,1.71
33.0,bike_flow_1.5,bike_flow_2.0,12.63,12.4,1.02
33.0,bike_flow_1.5,bike_flow_2.1,16.37,12.4,1.32
33.0,bike_flow_1.5,bike_flow_2.2,20.42,12.4,1.65
33.0,bike_flow_1.5,bike_flow_2.3,24.63,12.4,1.99
33.0,bike_flow_1.5,bike_flow_2.4,28.92,12.4,2.33
33.0,bike_flow_1.5,bike_flow_2.5,33.28,12.4,2.68
33.0,bike_flow_1.5,car_flow_1.5,24.6,12.4,1.98
33.0,bike_flow_1.5,car_flow_1.6,25.76,12.4,2.08
33.0,bike_flow_1.5,car_flow_2.5,11.04,12.4,0.89
33.0,bike_flow_1.6,car_flow_1.6,34.01,11.51,2.96
33.0,bike_flow_1.6,car_flow_1.7,28.05,11.51,2.44
33.0,bike_flow_1.6,car_flow_2.4,4.56,11.51,0.4
33.0,bike_flow_2.14,bike_flow_2.15,7.79,2.82,2.76
33.0,bike_flow_2.15,bike_flow_2.16,8.87,4.97,1.79
33.0,car_flow_1.4,car_flow_2.6,6.72,11.46,0.59
33.0,car_flow_1.5,car_flow_2.5,14.39,12.47,1.15
33.0,car_flow_1.6,car_flow_2.4,30.93,12.76,2.42
33.0,car_flow_1.6,car_flow_2.5,36.47,12.76,2.86
33.0,car_flow_1.7,car_flow_2.4,31.46,13.44,2.34
34.0,auto_flow_1.3,bike_flow_1.7,20.06,10.51,1.91
34.0,auto_flow_1.3,car_flow_1.7,10.88,10.51,1.04
34.0,auto_flow_1.3,car_flow_2.4,17.43,10.51,1.66
34.0,auto_flow_1.4,bike_flow_1.6,14.98,10.77,1.39
34.0,auto_flow_1.4,bike_flow_2.0,25.71,10.77,2.39
34.0,auto_flow_1.4,bike_flow_2.1,27.21,10.77,2.53
34.0,auto_flow_1.4,bike_flow_2.2,29.34,10.77,2.72
34.0,auto_flow_1.4,bike_flow_2.3,31.96,10.77,2.97
34.0,auto_flow_1.4,car_flow_1.6,19.63,10.77,1.82
34.0,auto_flow_1.4,car_flow_2.5,30.23,10.77,2.81
34.0,auto_flow_1.5,bike_flow_1.4,14.46,10.07,1.44
34.0,auto_flow_1.5,bike_flow_1.5,27.72,10.07,2.75
34.0,auto_flow_1.5,car_flow_1.5,5.89,10.07,0.59
34.0,bike_flow_1.4,car_flow_1.5,19.06,11.54,1.65
34.0,bike_flow_1.4,car_flow_2.6,22.79,11.54,1.98
34.0,bike_flow_1.5,bike_flow_2.0,23.06,12.91,1.79
34.0,bike_flow_1.5,bike_flow_2.1,25.3,12.91,1.96
34.0,bike_flow_1.5,bike_flow_2.2,28.09,12.91,2.18
34.0,bike_flow_1.5,bike_flow_2.3,31.28,12.91,2.42
34.0,bike_flow_1.5,bike_flow_2.4,34.77,12.91,2.69
34.0,bike_flow_1.5,bike_flow_2.5,38.47,12.91,2.98
34.0,bike_flow_1.5,car_flow_1.5,22.58,12.91,1.75
34.0,bike_flow_1.5,car_flow_1.6,26.35,12.91,2.04
34.0,bike_flow_1.5,car_flow_2.5,15.81,12.91,1.22
34.0,bike_flow_1.6,car_flow_1.6,34.01,12.33,2.76
34.0,bike_flow_1.6,car_flow_1.7,26.62,12.33,2.16
34.0,bike_flow_1.6,car_flow_2.4,19.84,12.33,1.61
34.0,bike_flow_1.7,car_flow_1.7,30.19,13.04,2.32
34.0,bike_flow_1.7,car_flow_2.4,37.37,13.04,2.87
34.0,car_flow_1.6,car_flow_2.5,11.32,12.32,0.92
34.0,car_flow_1.7,car_flow_2.4,7.73,13.75,0.56
35.0,auto_flow_1.3,bike_flow_1.7,3.8,10.72,0.35
35.0,auto_flow_1.3,car_flow_2.4,17.28,10.72,1.61
35.0,auto_flow_1.4,bike_flow_1.6,7.47,10.8,0.69
35.0,auto_flow_1.4,car_flow_1.7,17.53,10.8,1.62
35.0,auto_flow_1.4,car_flow_2.5,27.78,10.8,2.57
35.0,auto_flow_1.5,bike_flow_1.5,6.19,10.08,0.61
35.0,auto_flow_1.5,car_flow_1.5,16.67,10.08,1.65
35.0,auto_flow_1.6,bike_flow_1.4,24.16,11.0,2.2
35.0,auto_flow_1.6,car_flow_2.6,25.4,11.0,2.31
35.0,bike_flow_1.4,car_flow_1.5,19.88,12.05,1.65
35.0,bike_flow_1.4,car_flow_2.6,3.52,12.05,0.29
35.0,bike_flow_1.5,bike_flow_2.0,34.45,12.15,2.83
35.0,bike_flow_1.5,bike_flow_2.1,35.99,12.15,2.96
35.0,bike_flow_1.5,car_flow_1.5,21.66,12.15,1.78
35.0,bike_flow_1.5,car_flow_1.6,26.47,12.15,2.18
35.0,bike_flow_1.6,bike_flow_2.0,30.51,10.59,2.88
35.0,bike_flow_1.6,car_flow_1.7,23.98,10.59,2.26
35.0,bike_flow_1.6,car_flow_2.5,21.27,10.59,2.01
35.0,bike_flow_1.7,car_flow_1.7,32.29,11.14,2.9
35.0,bike_flow_1.7,car_flow_2.4,15.55,11.14,1.4
35.0,bike_flow_2.15,bike_flow_2.16,10.69,3.92,2.73
35.0,car_flow_1.5,car_flow_2.6,18.69,11.23,1.67
35.0,car_flow_1.6,car_flow_2.5,14.77,12.03,1.23
35.0,car_flow_1.7,car_flow_2.4,17.36,13.23,1.31
36.0,auto_flow_1.3,bike_flow_1.7,25.9,10.38,2.5
36.0,auto_flow_1.3,car_flow_2.4,16.84,10.38,1.62
36.0,auto_flow_1.4,bike_flow_1.6,27.1,9.87,2.75
36.0,auto_flow_1.4,bike_flow_1.7,26.57,9.87,2.69
36.0,auto_flow_1.4,car_flow_1.7,6.03,9.87,0.61
36.0,auto_flow_1.4,car_flow_2.5,24.38,9.87,2.47
36.0,auto_flow_1.5,bike_flow_1.5,16.03,9.73,1.65
36.0,auto_flow_1.5,car_flow_1.6,9.57,9.73,0.98
36.0,auto_flow_1.6,bike_flow_1.4,3.5,10.07,0.35
36.0,auto_flow_1.6,car_flow_1.5,22.27,10.07,2.21
36.0,auto_flow_1.6,car_flow_2.6,27.53,10.07,2.73
36.0,bike_flow_1.4,car_flow_1.5,20.61,12.44,1.66
36.0,bike_flow_1.4,car_flow_2.6,26.3,12.44,2.11
36.0,bike_flow_1.5,car_flow_1.5,22.09,11.27,1.96
36.0,bike_flow_1.5,car_flow_1.6,24.73,11.27,2.19
36.0,bike_flow_1.5,car_flow_2.6,16.9,11.27,1.5
36.0,bike_flow_1.6,bike_flow_2.0,21.03,10.29,2.04
36.0,bike_flow_1.6,bike_flow_2.1,23.47,10.29,2.28
36.0,bike_flow_1.6,bike_flow_2.2,26.45,10.29,2.57
36.0,bike_flow_1.6,bike_flow_2.3,29.82,10.29,2.9
36.0,bike_flow_1.6,car_flow_1.7,21.8,10.29,2.12
36.0,bike_flow_1.6,car_flow_2.5,4.08,10.29,0.4
36.0,bike_flow_1.7,car_flow_1.7,31.49,13.27,2.37
36.0,bike_flow_1.7,car_flow_2.4,9.42,13.27,0.71
36.0,bike_flow_2.16,bike_flow_2.17,7.61,4.15,1.83
36.0,car_flow_1.5,car_flow_2.6,6.36,11.71,0.54
36.0,car_flow_1.7,car_flow_2.5,19.54,12.47,1.57
37.0,auto_flow_1.4,bike_flow_1.7,6.37,10.01,0.64
37.0,auto_flow_1.4,car_flow_1.7,26.91,10.01,2.69
37.0,auto_flow_1.4,car_flow_2.5,22.27,10.01,2.22
37.0,auto_flow_1.5,bike_flow_1.6,26.53,10.85,2.45
37.0,auto_flow_1.5,bike_flow_2.0,18.93,10.85,1.74
37.0,auto_flow_1.5,bike_flow_2.1,20.93,10.85,1.93
37.0,auto_flow_1.5,bike_flow_2.2,23.63,10.85,2.18
37.0,auto_flow_1.5,bike_flow_2.3,26.81,10.85,2.47
37.0,auto_flow_1.5,bike_flow_2.4,30.33,10.85,2.8
37.0,auto_flow_1.5,car_flow_1.6,15.05,10.85,1.39
37.0,auto_flow_1.5,car_flow_2.6,31.73,10.85,2.92
37.0,auto_flow_1.6,bike_flow_1.4,19.95,9.73,2.05
37.0,auto_flow_1.6,bike_flow_1.5,23.83,9.73,2.45
37.0,auto_flow_1.6,car_flow_1.5,3.21,9.73,0.33
37.0,bike_flow_1.4,car_flow_1.5,19.49,11.39,1.71
37.0,bike_flow_1.5,car_flow_1.5,23.82,10.78,2.21
37.0,bike_flow_1.5,car_flow_1.6,22.64,10.78,2.1
37.0,bike_flow_1.5,car_flow_2.6,6.46,10.78,0.6
37.0,bike_flow_1.6,bike_flow_2.0,13.04,10.01,1.3
37.0,bike_flow_1.6,bike_flow_2.1,16.69,10.01,1.67
37.0,bike_flow_1.6,bike_flow_2.2,20.67,10.01,2.07
37.0,bike_flow_1.6,bike_flow_2.3,24.84,10.01,2.48
37.0,bike_flow_1.6,bike_flow_2.4,29.1,10.01,2.91
37.0,bike_flow_1.6,car_flow_1.7,20.21,10.01,2.02
37.0,bike_flow_1.6,car_flow_2.5,24.86,10.01,2.48
37.0,bike_flow_1.7,car_flow_1.7,32.23,10.86,2.97
37.0,bike_flow_1.7,car_flow_2.4,30.47,10.86,2.81
37.0,bike_flow_1.7,car_flow_2.5,27.96,10.86,2.58
37.0,car_flow_1.5,car_flow_2.6,29.61,12.51,2.37
37.0,car_flow_1.6,car_flow_2.6,17.32,12.87,1.35
37.0,car_flow_1.7,car_flow_2.5,5.48,11.6,0.47
38.0,auto_flow_1.4,bike_flow_1.7,17.64,10.22,1.73
38.0,auto_flow_1.4,car_flow_1.8,27.74,10.22,2.71
38.0,auto_flow_1.4,car_flow_2.5,20.38,10.22,1.99
38.0,auto_flow_1.5,bike_flow_1.6,5.89,9.85,0.6
38.0,auto_flow_1.5,bike_flow_2.0,10.29,9.85,1.04
38.0,auto_flow_1.5,bike_flow_2.1,13.62,9.85,1.38
38.0,auto_flow_1.5,bike_flow_2.2,17.49,9.85,1.78
38.0,auto_flow_1.5,bike_flow_2.3,21.6,9.85,2.19
38.0,auto_flow_1.5,bike_flow_2.4,25.84,9.85,2.62
38.0,auto_flow_1.5,car_flow_1.7,26.27,9.85,2.67
38.0,auto_flow_1.5,car_flow_2.6,29.38,9.85,2.98
38.0,auto_flow_1.6,bike_flow_1.5,3.91,9.96,0.39
38.0,auto_flow_1.6,car_flow_1.5,21.6,9.96,2.17
38.0,auto_flow_1.6,car_flow_1.6,24.55,9.96,2.47
38.0,auto_flow_1.6,car_flow_2.7,27.76,9.96,2.79
38.0,bike_flow_1.5,car_flow_1.5,23.6,11.42,2.07
38.0,bike_flow_1.5,car_flow_1.6,22.1,11.42,1.94
38.0,bike_flow_1.5,car_flow_2.6,29.4,11.42,2.58
38.0,bike_flow_1.5,car_flow_2.7,30.17,11.42,2.64
38.0,bike_flow_1.6,bike_flow_2.0,10.23,11.54,0.89
38.0,bike_flow_1.6,bike_flow_2.1,14.6,11.54,1.27
38.0,bike_flow_1.6,bike_flow_2.2,19.03,11.54,1.65
38.0,bike_flow_1.6,bike_flow_2.3,23.49,11.54,2.04
38.0,bike_flow_1.6,bike_flow_2.4,27.96,11.54,2.42
38.0,bike_flow_1.6,bike_flow_2.5,32.44,11.54,2.81
38.0,bike_flow_1.6,car_flow_1.7,21.13,11.54,1.83
38.0,bike_flow_1.6,car_flow_2.6,34.47,11.54,2.99
38.0,bike_flow_1.7,car_flow_1.7,30.23,12.63,2.39
38.0,bike_flow_1.7,car_flow_2.5,4.41,12.63,0.35
38.0,car_flow_1.5,car_flow_2.7,7.16,11.19,0.64
38.0,car_flow_1.6,car_flow_2.6,7.81,11.95,0.65
38.0,car_flow_1.7,car_flow_2.5,27.37,10.63,2.58
39.0,auto_flow_1.4,car_flow_1.8,6.04,10.12,0.6
39.0,auto_flow_1.4,car_flow_2.5,19.73,10.12,1.95
39.0,auto_flow_1.5,bike_flow_1.6,17.53,9.89,1.77
39.0,auto_flow_1.5,bike_flow_2.0,6.9,9.89,0.7
39.0,auto_flow_1.5,bike_flow_2.1,11.28,9.89,1.14
39.0,auto_flow_1.5,bike_flow_2.2,15.73,9.89,1.59
39.0,auto_flow_1.5,bike_flow_2.3,20.2,9.89,2.04
39.0,auto_flow_1.5,bike_flow_2.4,24.69,9.89,2.5
39.0,auto_flow_1.5,bike_flow_2.5,29.18,9.89,2.95
39.0,auto_flow_1.5,car_flow_1.7,5.51,9.89,0.56
39.0,auto_flow_1.5,car_flow_2.6,27.58,9.89,2.79
39.0,auto_flow_1.6,bike_flow_1.5,21.56,10.77,2.0
39.0,auto_flow_1.6,car_flow_1.6,3.33,10.77,0.31
39.0,auto_flow_1.6,car_flow_2.7,25.84,10.77,2.4
39.0,bike_flow_1.5,car_flow_1.6,22.26,12.79,1.74
39.0,bike_flow_1.5,car_flow_2.7,5.54,12.79,0.43
39.0,bike_flow_1.6,bike_flow_2.0,18.12,12.3,1.47
39.0,bike_flow_1.6,bike_flow_2.1,20.9,12.3,1.7
39.0,bike_flow_1.6,bike_flow_2.2,24.21,12.3,1.97
39.0,bike_flow_1.6,bike_flow_2.3,27.85,12.3,2.26
39.0,bike_flow_1.6,bike_flow_2.4,31.71,12.3,2.58
39.0,bike_flow_1.6,bike_flow_2.5,35.72,12.3,2.9
39.0,bike_flow_1.6,car_flow_1.7,21.73,12.3,1.77
39.0,bike_flow_1.6,car_flow_2.6,10.82,12.3,0.88
39.0,bike_flow_1.7,bike_flow_2.0,36.64,13.11,2.8
39.0,bike_flow_1.7,bike_flow_2.1,38.09,13.11,2.91
39.0,bike_flow_1.7,car_flow_1.7,28.82,13.11,2.2
39.0,bike_flow_1.7,car_flow_2.5,21.09,13.11,1.61
39.0,car_flow_1.6,car_flow_2.6,31.61,12.64,2.5
39.0,car_flow_1.6,car_flow_2.7,26.97,12.64,2.13
39.0,car_flow_1.7,car_flow_2.6,32.23,11.7,2.76
39.0,car_flow_1.8,car_flow_2.5,25.06,12.3,2.04
40.0,auto_flow_1.4,bike_flow_1.8,11.25,9.64,1.17
40.0,auto_flow_1.4,car_flow_1.8,18.07,9.64,1.87
40.0,auto_flow_1.4,car_flow_2.5,17.99,9.64,1.87
40.0,auto_flow_1.5,bike_flow_1.7,13.18,9.69,1.36
40.0,auto_flow_1.5,bike_flow_2.0,13.42,9.69,1.38
40.0,auto_flow_1.5,bike_flow_2.1,16.12,9.69,1.66
40.0,auto_flow_1.5,bike_flow_2.2,19.5,9.69,2.01
40.0,auto_flow_1.5,bike_flow_2.3,23.25,9.69,2.4
40.0,auto_flow_1.5,bike_flow_2.4,27.24,9.69,2.81
40.0,auto_flow_1.5,car_flow_1.7,18.32,9.69,1.89
40.0,auto_flow_1.5,car_flow_2.6,25.53,9.69,2.63
40.0,auto_flow_1.6,bike_flow_1.6,22.65,10.3,2.2
40.0,auto_flow_1.6,car_flow_1.6,21.65,10.3,2.1
40.0,auto_flow_1.6,car_flow_2.7,22.82,10.3,2.21
40.0,bike_flow_1.5,car_flow_1.6,23.19,12.98,1.79
40.0,bike_flow_1.5,car_flow_2.7,22.02,12.98,1.7
40.0,bike_flow_1.6,bike_flow_2.0,27.07,9.99,2.71
40.0,bike_flow_1.6,bike_flow_2.1,29.0,9.99,2.9
40.0,bike_flow_1.6,car_flow_1.7,18.88,9.99,1.89
40.0,bike_flow_1.6,car_flow_2.6,11.83,9.99,1.18
40.0,bike_flow_1.7,bike_flow_2.0,26.36,10.83,2.43
40.0,bike_flow_1.7,bike_flow_2.1,28.34,10.83,2.62
40.0,bike_flow_1.7,bike_flow_2.2,30.86,10.83,2.85
40.0,bike_flow_1.7,car_flow_1.7,30.82,10.83,2.85
40.0,bike_flow_1.8,car_flow_1.8,28.57,12.05,2.37
40.0,bike_flow_1.8,car_flow_2.5,28.96,12.05,2.4
40.0,car_flow_1.6,car_flow_2.7,3.49,12.05,0.29
40.0,car_flow_1.7,car_flow_2.6,8.15,12.84,0.63
40.0,car_flow_1.8,car_flow_2.5,3.21,13.27,0.24
41.0,auto_flow_1.4,bike_flow_1.8,13.23,9.69,1.36
41.0,auto_flow_1.4,car_flow_2.5,17.76,9.69,1.83
41.0,auto_flow_1.5,bike_flow_1.7,9.72,10.36,0.94
41.0,auto_flow_1.5,bike_flow_2.0,23.02,10.36,2.22
41.0,auto_flow_1.5,bike_flow_2.1,24.69,10.36,2.38
41.0,auto_flow_1.5,bike_flow_2.2,27.01,10.36,2.61
41.0,auto_flow_1.5,bike_flow_2.3,29.84,10.36,2.88
41.0,auto_flow_1.5,car_flow_2.6,24.32,10.36,2.35
41.0,auto_flow_1.6,bike_flow_1.6,3.44,10.86,0.32
41.0,auto_flow_1.6,car_flow_1.7,20.73,10.86,1.91
41.0,auto_flow_1.6,car_flow_2.7,21.24,10.86,1.95
41.0,auto_flow_1.7,car_flow_1.6,17.44,11.0,1.59
41.0,bike_flow_1.6,car_flow_1.7,19.22,10.31,1.86
41.0,bike_flow_1.6,car_flow_2.7,22.72,10.31,2.2
41.0,bike_flow_1.7,bike_flow_2.0,16.17,11.6,1.39
41.0,bike_flow_1.7,bike_flow_2.1,19.24,11.6,1.66
41.0,bike_flow_1.7,bike_flow_2.2,22.78,11.6,1.96
41.0,bike_flow_1.7,bike_flow_2.3,26.62,11.6,2.29
41.0,bike_flow_1.7,bike_flow_2.4,30.64,11.6,2.64
41.0,bike_flow_1.7,bike_flow_2.5,34.77,11.6,3.0
41.0,bike_flow_1.7,car_flow_1.7,29.19,11.6,2.52
41.0,bike_flow_1.7,car_flow_2.6,15.48,11.6,1.33
41.0,bike_flow_1.8,car_flow_1.8,27.44,13.93,1.97
41.0,bike_flow_1.8,car_flow_2.5,5.87,13.93,0.42
41.0,car_flow_1.6,car_flow_2.7,23.54,12.28,1.92
41.0,car_flow_1.7,car_flow_2.6,14.4,9.97,1.45
41.0,car_flow_1.8,car_flow_2.5,22.74,12.79,1.78
42.0,auto_flow_1.5,car_flow_1.8,10.72,9.59,1.12
42.0,auto_flow_1.5,car_flow_2.6,21.68,9.59,2.26
42.0,auto_flow_1.6,bike_flow_1.6,22.23,10.81,2.06
42.0,auto_flow_1.6,bike_flow_1.7,26.17,10.81,2.42
42.0,auto_flow_1.6,bike_flow_2.0,26.81,10.81,2.48
42.0,auto_flow_1.6,bike_flow_2.1,28.26,10.81,2.61
42.0,auto_flow_1.6,bike_flow_2.2,30.31,10.81,2.8
42.0,auto_flow_1.6,car_flow_1.7,3.43,10.81,0.32
42.0,auto_flow_1.6,car_flow_2.7,19.99,10.81,1.85
42.0,auto_flow_1.7,car_flow_1.6,6.42,10.29,0.62
42.0,bike_flow_1.6,car_flow_1.7,20.77,12.44,1.67
42.0,bike_flow_1.6,car_flow_2.7,3.78,12.44,0.3
42.0,bike_flow_1.7,bike_flow_2.0,9.8,12.88,0.76
42.0,bike_flow_1.7,bike_flow_2.1,14.3,12.88,1.11
42.0,bike_flow_1.7,bike_flow_2.2,18.8,12.88,1.46
42.0,bike_flow_1.7,bike_flow_2.3,23.3,12.88,1.81
42.0,bike_flow_1.7,bike_flow_2.4,27.81,12.88,2.16
42.0,bike_flow_1.7,bike_flow_2.5,32.31,12.88,2.51
42.0,bike_flow_1.7,bike_flow_2.6,36.81,12.88,2.86
42.0,bike_flow_1.7,car_flow_1.7,27.2,12.88,2.11
42.0,bike_flow_1.7,car_flow_2.6,10.47,12.88,0.81
42.0,bike_flow_1.8,car_flow_1.8,28.35,12.15,2.33
42.0,bike_flow_1.8,car_flow_1.9,23.08,12.15,1.9
42.0,bike_flow_1.8,car_flow_2.5,17.8,12.15,1.46
42.0,car_flow_1.7,car_flow_2.7,19.04,10.89,1.75
42.0,car_flow_1.8,car_flow_2.6,32.08,13.06,2.46
42.0,car_flow_1.9,car_flow_2.5,6.42,12.61,0.51
43.0,auto_flow_1.5,bike_flow_1.8,15.0,9.76,1.54
43.0,auto_flow_1.5,car_flow_1.8,12.9,9.76,1.32
43.0,auto_flow_1.5,car_flow_2.6,19.68,9.76,2.02
43.0,auto_flow_1.6,bike_flow_1.7,5.81,9.94,0.58
43.0,auto_flow_1.6,bike_flow_2.0,17.35,9.94,1.74
43.0,auto_flow_1.6,bike_flow_2.1,19.51,9.94,1.96
43.0,auto_flow_1.6,bike_flow_2.2,22.38,9.94,2.25
43.0,auto_flow_1.6,bike_flow_2.3,25.72,9.94,2.59
43.0,auto_flow_1.6,bike_flow_2.4,29.37,9.94,2.95
43.0,auto_flow_1.6,car_flow_1.7,24.18,9.94,2.43
43.0,auto_flow_1.6,car_flow_2.7,18.8,9.94,1.89
43.0,auto_flow_1.7,bike_flow_1.6,19.27,10.86,1.77
43.0,auto_flow_1.7,car_flow_2.8,19.15,10.86,1.76
43.0,bike_flow_1.6,car_flow_1.7,18.34,10.37,1.77
43.0,bike_flow_1.6,car_flow_2.7,23.73,10.37,2.29
43.0,bike_flow_1.7,bike_flow_2.0,14.88,11.18,1.33
43.0,bike_flow_1.7,bike_flow_2.1,18.16,11.18,1.62
43.0,bike_flow_1.7,bike_flow_2.2,21.88,11.18,1.96
43.0,bike_flow_1.7,bike_flow_2.3,25.85,11.18,2.31
43.0,bike_flow_1.7,bike_flow_2.4,29.97,11.18,2.68
43.0,bike_flow_1.7,car_flow_1.7,28.81,11.18,2.58
43.0,bike_flow_1.7,car_flow_2.6,33.06,11.18,2.96
43.0,bike_flow_1.7,car_flow_2.7,23.86,11.18,2.13
43.0,bike_flow_1.8,car_flow_1.8,27.15,14.17,1.92
43.0,bike_flow_1.8,car_flow_1.9,24.49,14.17,1.73
43.0,bike_flow_1.8,car_flow_2.6,34.48,14.17,2.43
43.0,car_flow_1.7,car_flow_2.7,6.08,12.8,0.47
43.0,car_flow_1.8,car_flow_2.6,7.87,12.98,0.61
44.0,auto_flow_1.5,bike_flow_1.8,9.42,10.41,0.91
44.0,auto_flow_1.5,car_flow_1.9,15.88,10.41,1.53
44.0,auto_flow_1.5,car_flow_2.6,19.23,10.41,1.85
44.0,auto_flow_1.6,bike_flow_1.7,18.38,10.77,1.71
44.0,auto_flow_1.6,bike_flow_2.0,8.45,10.77,0.78
44.0,auto_flow_1.6,bike_flow_2.1,12.29,10.77,1.14
44.0,auto_flow_1.6,bike_flow_2.2,16.47,10.77,1.53
44.0,auto_flow_1.6,bike_flow_2.3,20.78,10.77,1.93
44.0,auto_flow_1.6,bike_flow_2.4,25.16,10.77,2.34
44.0,auto_flow_1.6,bike_flow_2.5,29.58,10.77,2.75
44.0,auto_flow_1.6,car_flow_1.8,21.95,10.77,2.04
44.0,auto_flow_1.6,car_flow_2.7,18.55,10.77,1.72
44.0,auto_flow_1.7,bike_flow_1.6,3.6,9.65,0.37
44.0,auto_flow_1.7,car_flow_1.7,17.19,9.65,1.78
44.0,auto_flow_1.7,car_flow_2.8,17.71,9.65,1.84
44.0,bike_flow_1.6,car_flow_1.7,18.53,11.0,1.69
44.0,bike_flow_1.6,car_flow_2.8,16.38,11.0,1.49
44.0,bike_flow_1.7,bike_flow_2.0,25.35,12.18,2.08
44.0,bike_flow_1.7,bike_flow_2.1,27.4,12.18,2.25
44.0,bike_flow_1.7,bike_flow_2.2,30.0,12.18,2.46
44.0,bike_flow_1.7,bike_flow_2.3,33.01,12.18,2.71
44.0,bike_flow_1.7,bike_flow_2.4,36.33,12.18,2.98
44.0,bike_flow_1.7,car_flow_1.7,27.44,12.18,2.25
44.0,bike_flow_1.7,car_flow_2.7,3.23,12.18,0.27
44.0,bike_flow_1.8,car_flow_1.8,26.49,13.11,2.02
44.0,bike_flow_1.8,car_flow_1.9,24.42,13.11,1.86
44.0,bike_flow_1.8,car_flow_2.6,10.85,13.11,0.83
44.0,bike_flow_1.9,car_flow_1.9,28.94,12.92,2.24
44.0,car_flow_1.7,car_flow_2.7,27.18,10.81,2.51
44.0,car_flow_1.8,car_flow_2.6,16.44,12.45,1.32
44.0,car_flow_1.9,car_flow_2.6,34.93,13.19,2.65
45.0,auto_flow_1.5,bike_flow_1.9,22.66,10.0,2.27
45.0,auto_flow_1.5,car_flow_1.9,8.12,10.0,0.81
45.0,auto_flow_1.5,car_flow_2.6,17.96,10.0,1.8
45.0,auto_flow_1.6,bike_flow_1.8,24.92,10.01,2.49
45.0,auto_flow_1.6,bike_flow_2.0,8.13,10.01,0.81
45.0,auto_flow_1.6,bike_flow_2.1,12.07,10.01,1.21
45.0,auto_flow_1.6,bike_flow_2.2,16.31,10.01,1.63
45.0,auto_flow_1.6,bike_flow_2.3,20.66,10.01,2.06
45.0,auto_flow_1.6,bike_flow_2.4,25.06,10.01,2.5
45.0,auto_flow_1.6,bike_flow_2.5,29.49,10.01,2.95
45.0,auto_flow_1.6,car_flow_1.8,3.31,10.01,0.33
45.0,auto_flow_1.6,car_flow_2.7,17.27,10.01,1.72
45.0,auto_flow_1.7,bike_flow_1.6,24.19,9.87,2.45
45.0,auto_flow_1.7,bike_flow_1.7,21.26,9.87,2.15
45.0,auto_flow_1.7,car_flow_1.7,5.49,9.87,0.56
45.0,auto_flow_1.7,car_flow_2.8,17.52,9.87,1.78
45.0,auto_flow_1.8,bike_flow_1.6,16.99,10.41,1.63
45.0,auto_flow_1.8,car_flow_2.8,23.15,10.41,2.22
45.0,bike_flow_1.6,car_flow_1.7,19.52,12.47,1.57
45.0,bike_flow_1.6,car_flow_2.8,7.21,12.47,0.58
45.0,bike_flow_1.7,bike_flow_2.0,38.09,13.44,2.84
45.0,bike_flow_1.7,bike_flow_2.1,39.49,13.44,2.94
45.0,bike_flow_1.7,car_flow_1.7,25.48,13.44,1.9
45.0,bike_flow_1.7,car_flow_2.7,24.49,13.44,1.82
45.0,bike_flow_1.7,car_flow_2.8,38.68,13.44,2.88
45.0,bike_flow_1.8,bike_flow_2.0,31.04,13.49,2.3
45.0,bike_flow_1.8,bike_flow_2.1,32.74,13.49,2.43
45.0,bike_flow_1.8,bike_flow_2.2,34.94,13.49,2.59
45.0,bike_flow_1.8,bike_flow_2.3,37.56,13.49,2.78
45.0,bike_flow_1.8,car_flow_1.8,25.56,13.49,1.89
45.0,bike_flow_1.8,car_flow_1.9,24.88,13.49,1.84
45.0,bike_flow_1.8,car_flow_2.6,14.75,13.49,1.09
45.0,bike_flow_1.9,car_flow_1.9,29.9,12.06,2.48
45.0,car_flow_1.7,car_flow_2.8,13.45,11.48,1.17
45.0,car_flow_1.8,car_flow_2.7,16.73,12.56,1.33
45.0,car_flow_1.9,car_flow_2.6,10.97,13.02,0.84
46.0,auto_flow_1.5,bike_flow_1.9,3.6,10.76,0.33
46.0,auto_flow_1.5,car_flow_1.10,20.98,10.76,1.95
46.0,auto_flow_1.5,car_flow_1.9,32.2,10.76,2.99
46.0,auto_flow_1.5,car_flow_2.6,18.72,10.76,1.74
46.0,auto_flow_1.6,bike_flow_1.8,3.22,10.97,0.29
46.0,auto_flow_1.6,bike_flow_2.0,17.04,10.97,1.55
46.0,auto_flow_1.6,bike_flow_2.1,19.24,10.97,1.75
46.0,auto_flow_1.6,bike_flow_2.2,22.14,10.97,2.02
46.0,auto_flow_1.6,bike_flow_2.3,25.51,10.97,2.33
46.0,auto_flow_1.6,bike_flow_2.4,29.19,10.97,2.66
46.0,auto_flow_1.6,car_flow_1.8,24.59,10.97,2.24
46.0,auto_flow_1.6,car_flow_1.9,25.02,10.97,2.28
46.0,auto_flow_1.6,car_flow_2.7,18.18,10.97,1.66
46.0,auto_flow_1.7,bike_flow_1.7,3.48,9.57,0.36
46.0,auto_flow_1.7,car_flow_1.7,26.94,9.57,2.82
46.0,auto_flow_1.7,car_flow_2.8,17.15,9.57,1.79
46.0,auto_flow_1.8,bike_flow_1.6,5.36,10.23,0.52
46.0,auto_flow_1.8,car_flow_1.7,13.63,10.23,1.33
46.0,auto_flow_1.8,car_flow_2.8,22.85,10.23,2.23
46.0,bike_flow_1.6,car_flow_1.7,17.55,10.76,1.63
46.0,bike_flow_1.6,car_flow_2.8,27.34,10.76,2.54
46.0,bike_flow_1.7,car_flow_1.7,25.4,12.81,1.98
46.0,bike_flow_1.7,car_flow_2.8,16.12,12.81,1.26
46.0,bike_flow_1.8,bike_flow_2.0,18.85,13.35,1.41
46.0,bike_flow_1.8,bike_flow_2.1,21.54,13.35,1.61
46.0,bike_flow_1.8,bike_flow_2.2,24.75,13.35,1.85
46.0,bike_flow_1.8,bike_flow_2.3,28.33,13.35,2.12
46.0,bike_flow_1.8,bike_flow_2.4,32.13,13.35,2.41
46.0,bike_flow_1.8,bike_flow_2.5,36.1,13.35,2.7
46.0,bike_flow_1.8,car_flow_1.8,24.78,13.35,1.86
46.0,bike_flow_1.8,car_flow_1.9,24.42,13.35,1.83
46.0,bike_flow_1.8,car_flow_2.6,37.88,13.35,2.84
46.0,bike_flow_1.8,car_flow_2.7,18.85,13.35,1.41
46.0,bike_flow_1.9,car_flow_1.10,22.4,13.33,1.68
46.0,bike_flow_1.9,car_flow_1.9,30.38,13.33,2.28
46.0,bike_flow_1.9,car_flow_2.6,17.36,13.33,1.3
46.0,car_flow_1.10,car_flow_2.6,39.59,13.5,2.93
46.0,car_flow_1.7,car_flow_2.8,10.12,12.73,0.8
46.0,car_flow_1.8,car_flow_2.7,6.98,12.57,0.56
46.0,car_flow_1.9,car_flow_2.6,13.7,13.81,0.99
47.0,auto_flow_1.5,bike_flow_1.9,25.97,10.34,2.51
47.0,auto_flow_1.5,car_flow_1.10,4.35,10.34,0.42
47.0,auto_flow_1.5,car_flow_2.6,17.94,10.34,1.73
47.0,auto_flow_1.6,bike_flow_1.8,22.0,10.59,2.08
47.0,auto_flow_1.6,bike_flow_1.9,31.0,10.59,2.93
47.0,auto_flow_1.6,bike_flow_2.0,27.11,10.59,2.56
47.0,auto_flow_1.6,bike_flow_2.1,28.54,10.59,2.7
47.0,auto_flow_1.6,bike_flow_2.2,30.58,10.59,2.89
47.0,auto_flow_1.6,car_flow_1.9,3.22,10.59,0.3
47.0,auto_flow_1.6,car_flow_2.7,17.6,10.59,1.66
47.0,auto_flow_1.7,bike_flow_1.7,23.3,10.77,2.16
47.0,auto_flow_1.7,car_flow_1.8,15.95,10.77,1.48
47.0,auto_flow_1.7,car_flow_2.8,17.82,10.77,1.65
47.0,auto_flow_1.8,bike_flow_1.7,17.41,10.58,1.65
47.0,auto_flow_1.8,car_flow_1.7,8.79,10.58,0.83
47.0,auto_flow_1.8,car_flow_2.8,22.37,10.58,2.11
47.0,auto_flow_1.8,car_flow_2.9,18.82,10.58,1.78
47.0,bike_flow_1.7,car_flow_1.7,25.3,10.96,2.31
47.0,bike_flow_1.7,car_flow_2.8,6.16,10.96,0.56
47.0,bike_flow_1.8,bike_flow_2.0,10.8,11.57,0.93
47.0,bike_flow_1.8,bike_flow_2.1,15.0,11.57,1.3
47.0,bike_flow_1.8,bike_flow_2.2,19.34,11.57,1.67
47.0,bike_flow_1.8,bike_flow_2.3,23.74,11.57,2.05
47.0,bike_flow_1.8,bike_flow_2.4,28.17,11.57,2.44
47.0,bike_flow_1.8,bike_flow_2.5,32.62,11.57,2.82
47.0,bike_flow_1.8,car_flow_1.8,26.41,11.57,2.28
47.0,bike_flow_1.8,car_flow_1.9,22.09,11.57,1.91
47.0,bike_flow_1.8,car_flow_2.7,5.25,11.57,0.45
47.0,bike_flow_1.9,car_flow_1.10,22.82,13.77,1.66
47.0,bike_flow_1.9,car_flow_1.9,30.51,13.77,2.22
47.0,bike_flow_1.9,car_flow_2.6,8.46,13.77,0.61
47.0,car_flow_1.10,car_flow_2.6,15.32,13.35,1.15
47.0,car_flow_1.7,car_flow_2.8,30.73,10.85,2.83
47.0,car_flow_1.7,car_flow_2.9,11.1,10.85,1.02
47.0,car_flow_1.8,car_flow_2.7,30.74,13.2,2.33
47.0,car_flow_1.8,car_flow_2.8,33.59,13.2,2.55
47.0,car_flow_1.9,car_flow_2.6,38.48,13.89,2.77
47.0,car_flow_1.9,car_flow_2.7,18.21,13.89,1.31
48.0,auto_flow_1.5,car_flow_1.10,26.61,10.28,2.59
48.0,auto_flow_1.5,car_flow_2.6,17.36,10.28,1.69
48.0,auto_flow_1.6,bike_flow_1.9,7.04,10.75,0.65
48.0,auto_flow_1.6,car_flow_1.10,29.89,10.75,2.78
48.0,auto_flow_1.6,car_flow_1.9,23.08,10.75,2.15
48.0,auto_flow_1.6,car_flow_2.7,17.76,10.75,1.65
48.0,auto_flow_1.7,bike_flow_1.8,18.21,9.75,1.87
48.0,auto_flow_1.7,bike_flow_2.0,28.51,9.75,2.92
48.0,auto_flow_1.7,car_flow_1.8,7.46,9.75,0.76
48.0,auto_flow_1.7,car_flow_2.8,16.72,9.75,1.71
48.0,auto_flow_1.8,bike_flow_1.7,5.35,10.36,0.52
48.0,auto_flow_1.8,car_flow_1.7,30.73,10.36,2.97
48.0,auto_flow_1.8,car_flow_2.8,22.86,10.36,2.21
48.0,auto_flow_1.8,car_flow_2.9,18.48,10.36,1.78
48.0,bike_flow_1.7,car_flow_1.7,26.27,11.04,2.38
48.0,bike_flow_1.7,car_flow_2.8,27.34,11.04,2.48
48.0,bike_flow_1.7,car_flow_2.9,14.54,11.04,1.32
48.0,bike_flow_1.8,bike_flow_2.0,13.87,14.34,0.97
48.0,bike_flow_1.8,bike_flow_2.1,17.34,14.34,1.21
48.0,bike_flow_1.8,bike_flow_2.2,21.21,14.34,1.48
48.0,bike_flow_1.8,bike_flow_2.3,25.28,14.34,1.76
48.0,bike_flow_1.8,bike_flow_2.4,29.49,14.34,2.06
48.0,bike_flow_1.8,bike_flow_2.5,33.76,14.34,2.35
48.0,bike_flow_1.8,bike_flow_2.6,38.09,14.34,2.66
48.0,bike_flow_1.8,bike_flow_2.7,42.46,14.34,2.96
48.0,bike_flow_1.8,car_flow_1.8,24.67,14.34,1.72
48.0,bike_flow_1.8,car_flow_1.9,23.99,14.34,1.67
48.0,bike_flow_1.8,car_flow_2.7,29.27,14.34,2.04
48.0,bike_flow_1.8,car_flow_2.8,34.8,14.34,2.43
48.0,bike_flow_1.9,car_flow_1.10,23.45,13.82,1.7
48.0,bike_flow_1.9,car_flow_1.9,29.13,13.82,2.11
48.0,bike_flow_1.9,car_flow_2.6,32.67,13.82,2.36
48.0,bike_flow_1.9,car_flow_2.7,24.24,13.82,1.75
48.0,car_flow_1.10,car_flow_2.6,9.6,13.19,0.73
48.0,car_flow_1.7,car_flow_2.9,12.5,12.02,1.04
48.0,car_flow_1.8,car_flow_2.8,10.48,12.61,0.83
48.0,car_flow_1.9,car_flow_2.7,6.02,12.44,0.48
49.0,auto_flow_1.6,bike_flow_1.9,17.2,9.66,1.78
49.0,auto_flow_1.6,car_flow_1.10,7.3,9.66,0.75
49.0,auto_flow_1.6,car_flow_2.7,16.22,9.66,1.68
49.0,auto_flow_1.7,bike_flow_1.8,4.75,9.96,0.48
49.0,auto_flow_1.7,bike_flow_2.0,18.97,9.96,1.9
49.0,auto_flow_1.7,bike_flow_2.1,20.96,9.96,2.1
49.0,auto_flow_1.7,bike_flow_2.2,23.66,9.96,2.37
49.0,auto_flow_1.7,bike_flow_2.3,26.84,9.96,2.69
49.0,auto_flow_1.7,car_flow_1.9,18.59,9.96,1.87
49.0,auto_flow_1.7,car_flow_2.8,16.72,9.96,1.68
49.0,auto_flow_1.8,bike_flow_1.7,27.68,10.66,2.6
49.0,auto_flow_1.8,car_flow_1.8,9.6,10.66,0.9
49.0,auto_flow_1.8,car_flow_2.8,22.16,10.66,2.08
49.0,auto_flow_1.8,car_flow_2.9,18.21,10.66,1.71
49.0,auto_flow_1.9,bike_flow_1.7,14.7,10.38,1.42
49.0,auto_flow_1.9,car_flow_2.9,23.63,10.38,2.28
49.0,bike_flow_1.10,car_flow_2.6,10.24,13.5,0.76
49.0,bike_flow_1.7,car_flow_1.8,36.54,12.54,2.91
49.0,bike_flow_1.7,car_flow_2.9,9.81,12.54,0.78
49.0,bike_flow_1.8,bike_flow_2.0,23.44,11.48,2.04
49.0,bike_flow_1.8,bike_flow_2.1,25.65,11.48,2.23
49.0,bike_flow_1.8,bike_flow_2.2,28.41,11.48,2.47
49.0,bike_flow_1.8,bike_flow_2.3,31.57,11.48,2.75
49.0,bike_flow_1.8,car_flow_1.8,26.32,11.48,2.29
49.0,bike_flow_1.8,car_flow_1.9,21.83,11.48,1.9
49.0,bike_flow_1.8,car_flow_2.8,13.59,11.48,1.18
49.0,bike_flow_1.9,bike_flow_2.0,31.38,13.5,2.32
49.0,bike_flow_1.9,bike_flow_2.1,33.06,13.5,2.45
49.0,bike_flow_1.9,bike_flow_2.2,35.24,13.5,2.61
49.0,bike_flow_1.9,bike_flow_2.3,37.84,13.5,2.8
49.0,bike_flow_1.9,car_flow_1.10,23.46,13.5,1.74
49.0,bike_flow_1.9,car_flow_1.9,29.27,13.5,2.17
49.0,bike_flow_1.9,car_flow_2.7,3.27,13.5,0.24
49.0,car_flow_1.10,car_flow_2.6,33.46,13.5,2.48
49.0,car_flow_1.10,car_flow_2.7,23.0,13.5,1.7
49.0,car_flow_1.8,car_flow_2.8,13.5,13.13,1.03
49.0,car_flow_1.8,car_flow_2.9,27.45,13.13,2.09
49.0,car_flow_1.9,car_flow_2.7,30.13,13.65,2.21
49.0,car_flow_1.9,car_flow_2.8,35.18,13.65,2.58
50.0,auto_flow_1.6,bike_flow_1.10,25.81,10.49,2.46
50.0,auto_flow_1.6,car_flow_1.10,17.53,10.49,1.67
50.0,auto_flow_1.6,car_flow_2.7,17.0,10.49,1.62
50.0,auto_flow_1.7,bike_flow_1.8,27.57,10.29,2.68
50.0,auto_flow_1.7,bike_flow_1.9,24.76,10.29,2.41
50.0,auto_flow_1.7,bike_flow_2.0,9.98,10.29,0.97
50.0,auto_flow_1.7,bike_flow_2.1,13.39,10.29,1.3
50.0,auto_flow_1.7,bike_flow_2.2,17.31,10.29,1.68
50.0,auto_flow_1.7,bike_flow_2.3,21.45,10.29,2.08
50.0,auto_flow_1.7,bike_flow_2.4,25.72,10.29,2.5
50.0,auto_flow_1.7,bike_flow_2.5,30.05,10.29,2.92
50.0,auto_flow_1.7,car_flow_1.9,5.32,10.29,0.52
50.0,auto_flow_1.7,car_flow_2.8,17.07,10.29,1.66
50.0,auto_flow_1.8,bike_flow_1.8,11.34,10.91,1.04
50.0,auto_flow_1.8,car_flow_1.8,15.44,10.91,1.42
50.0,auto_flow_1.8,car_flow_2.8,21.2,10.91,1.94
50.0,auto_flow_1.8,car_flow_2.9,17.89,10.91,1.64
50.0,auto_flow_1.9,bike_flow_1.7,8.88,10.22,0.87
50.0,auto_flow_1.9,car_flow_1.8,27.61,10.22,2.7
50.0,auto_flow_1.9,car_flow_2.9,24.64,10.22,2.41
50.0,bike_flow_1.10,car_flow_2.6,15.65,13.48,1.16
50.0,bike_flow_1.7,car_flow_1.8,35.71,12.41,2.88
50.0,bike_flow_1.7,car_flow_2.9,33.07,12.41,2.67
50.0,bike_flow_1.8,bike_flow_2.0,36.22,13.58,2.67
50.0,bike_flow_1.8,bike_flow_2.1,37.69,13.58,2.78
50.0,bike_flow_1.8,bike_flow_2.2,39.62,13.58,2.92
50.0,bike_flow_1.8,car_flow_1.8,25.98,13.58,1.91
50.0,bike_flow_1.8,car_flow_1.9,23.14,13.58,1.7
50.0,bike_flow_1.8,car_flow_2.8,10.8,13.58,0.8
50.0,bike_flow_1.8,car_flow_2.9,28.95,13.58,2.13
50.0,bike_flow_1.9,bike_flow_2.0,19.68,12.74,1.54
50.0,bike_flow_1.9,bike_flow_2.1,22.27,12.74,1.75
50.0,bike_flow_1.9,bike_flow_2.2,25.39,12.74,1.99
50.0,bike_flow_1.9,bike_flow_2.3,28.88,12.74,2.27
50.0,bike_flow_1.9,bike_flow_2.4,32.62,12.74,2.56
50.0,bike_flow_1.9,bike_flow_2.5,36.54,12.74,2.87
50.0,bike_flow_1.9,car_flow_1.10,22.9,12.74,1.8
50.0,bike_flow_1.9,car_flow_1.9,28.8,12.74,2.26
50.0,bike_flow_1.9,car_flow_2.7,23.36,12.74,1.83
50.0,car_flow_1.10,car_flow_2.7,3.21,13.3,0.24
50.0,car_flow_1.8,car_flow_2.8,36.44,13.24,2.75
50.0,car_flow_1.8,car_flow_2.9,4.24,13.24,0.32
50.0,car_flow_1.9,car_flow_2.8,13.21,12.27,1.08
51.0,auto_flow_1.6,bike_flow_1.10,4.3,9.83,0.44
51.0,auto_flow_1.6,car_flow_1.11,26.47,9.83,2.69
51.0,auto_flow_1.6,car_flow_2.7,16.88,9.83,1.72
51.0,auto_flow_1.7,bike_flow_1.9,3.45,10.47,0.33
51.0,auto_flow_1.7,bike_flow_2.0,7.24,10.47,0.69
51.0,auto_flow_1.7,bike_flow_2.1,11.49,10.47,1.1
51.0,auto_flow_1.7,bike_flow_2.2,15.88,10.47,1.52
51.0,auto_flow_1.7,bike_flow_2.3,20.32,10.47,1.94
51.0,auto_flow_1.7,bike_flow_2.4,24.78,10.47,2.37
51.0,auto_flow_1.7,bike_flow_2.5,29.26,10.47,2.8
51.0,auto_flow_1.7,car_flow_1.10,24.16,10.47,2.31
51.0,auto_flow_1.7,car_flow_1.9,27.95,10.47,2.67
51.0,auto_flow_1.7,car_flow_2.8,17.33,10.47,1.66
51.0,auto_flow_1.8,bike_flow_1.8,10.68,9.32,1.15
51.0,auto_flow_1.8,car_flow_1.9,12.08,9.32,1.29
51.0,auto_flow_1.8,car_flow_2.8,22.08,9.32,2.37
51.0,auto_flow_1.8,car_flow_2.9,16.19,9.32,1.74
51.0,auto_flow_1.9,bike_flow_1.8,31.06,10.77,2.88
51.0,auto_flow_1.9,car_flow_1.8,4.94,10.77,0.46
51.0,auto_flow_1.9,car_flow_2.10,18.99,10.77,1.76
51.0,auto_flow_1.9,car_flow_2.9,24.89,10.77,2.31
51.0,bike_flow_1.10,car_flow_1.11,23.41,12.92,1.81
51.0,bike_flow_1.10,car_flow_2.7,20.0,12.92,1.55
51.0,bike_flow_1.8,car_flow_1.8,27.13,11.74,2.31
51.0,bike_flow_1.8,car_flow_1.9,21.83,11.74,1.86
51.0,bike_flow_1.8,car_flow_2.8,32.42,11.74,2.76
51.0,bike_flow_1.8,car_flow_2.9,6.8,11.74,0.58
51.0,bike_flow_1.9,bike_flow_2.0,10.69,12.8,0.83
51.0,bike_flow_1.9,bike_flow_2.1,14.92,12.8,1.17
51.0,bike_flow_1.9,bike_flow_2.2,19.28,12.8,1.51
51.0,bike_flow_1.9,bike_flow_2.3,23.69,12.8,1.85
51.0,bike_flow_1.9,bike_flow_2.4,28.13,12.8,2.2
51.0,bike_flow_1.9,bike_flow_2.5,32.59,12.8,2.55
51.0,bike_flow_1.9,bike_flow_2.6,37.05,12.8,2.89
51.0,bike_flow_1.9,car_flow_1.10,22.66,12.8,1.77
51.0,bike_flow_1.9,car_flow_1.9,29.05,12.8,2.27
51.0,bike_flow_1.9,car_flow_2.8,18.89,12.8,1.48
51.0,car_flow_1.10,car_flow_2.7,23.44,13.04,1.8
51.0,car_flow_1.8,car_flow_2.10,22.98,12.89,1.78
51.0,car_flow_1.8,car_flow_2.9,21.37,12.89,1.66
51.0,car_flow_1.9,car_flow_2.8,10.91,13.05,0.84
51.0,car_flow_1.9,car_flow_2.9,28.02,13.05,2.15
52.0,auto_flow_1.6,bike_flow_1.10,19.12,9.91,1.93
52.0,auto_flow_1.6,car_flow_1.11,4.35,9.91,0.44
52.0,auto_flow_1.6,car_flow_2.7,17.29,9.91,1.74
52.0,auto_flow_1.7,bike_flow_1.9,20.79,10.59,1.96
52.0,auto_flow_1.7,bike_flow_2.0,15.09,10.59,1.42
52.0,auto_flow_1.7,bike_flow_2.1,17.53,10.59,1.66
52.0,auto_flow_1.7,bike_flow_2.2,20.67,10.59,1.95
52.0,auto_flow_1.7,bike_flow_2.3,24.25,10.59,2.29
52.0,auto_flow_1.7,bike_flow_2.4,28.1,10.59,2.65
52.0,auto_flow_1.7,car_flow_1.10,3.2,10.59,0.3
52.0,auto_flow_1.7,car_flow_2.8,17.27,10.59,1.63
52.0,auto_flow_1.8,bike_flow_1.9,19.19,10.54,1.82
52.0,auto_flow_1.8,bike_flow_2.0,26.72,10.54,2.54
52.0,auto_flow_1.8,bike_flow_2.1,28.17,10.54,2.67
52.0,auto_flow_1.8,bike_flow_2.2,30.23,10.54,2.87
52.0,auto_flow_1.8,car_flow_1.9,12.02,10.54,1.14
52.0,auto_flow_1.8,car_flow_2.8,22.18,10.54,2.1
52.0,auto_flow_1.8,car_flow_2.9,17.39,10.54,1.65
52.0,auto_flow_1.9,bike_flow_1.8,8.75,9.73,0.9
52.0,auto_flow_1.9,car_flow_1.8,18.68,9.73,1.92
52.0,auto_flow_1.9,car_flow_2.10,17.65,9.73,1.81
52.0,auto_flow_1.9,car_flow_2.9,24.5,9.73,2.52
52.0,bike_flow_1.10,car_flow_1.11,21.79,11.8,1.85
52.0,bike_flow_1.10,car_flow_2.7,3.56,11.8,0.3
52.0,bike_flow_1.8,car_flow_1.8,26.55,13.02,2.04
52.0,bike_flow_1.8,car_flow_1.9,22.15,13.02,1.7
52.0,bike_flow_1.8,car_flow_2.10,25.99,13.02,2.0
52.0,bike_flow_1.8,car_flow_2.9,16.67,13.02,1.28
52.0,bike_flow_1.9,bike_flow_2.0,12.03,11.24,1.07
52.0,bike_flow_1.9,bike_flow_2.1,15.91,11.24,1.42
52.0,bike_flow_1.9,bike_flow_2.2,20.05,11.24,1.78
52.0,bike_flow_1.9,bike_flow_2.3,24.33,11.24,2.16
52.0,bike_flow_1.9,bike_flow_2.4,28.67,11.24,2.55
52.0,bike_flow_1.9,bike_flow_2.5,33.05,11.24,2.94
52.0,bike_flow_1.9,car_flow_1.10,20.57,11.24,1.83
52.0,bike_flow_1.9,car_flow_1.9,30.51,11.24,2.71
52.0,bike_flow_1.9,car_flow_2.8,4.57,11.24,0.41
52.0,car_flow_1.10,car_flow_2.8,17.6,13.33,1.32
52.0,car_flow_1.11,car_flow_2.7,20.49,13.42,1.53
52.0,car_flow_1.8,car_flow_2.10,3.29,12.44,0.26
52.0,car_flow_1.9,car_flow_2.8,33.92,12.69,2.67
52.0,car_flow_1.9,car_flow_2.9,6.62,12.69,0.52
53.0,auto_flow_1.6,bike_flow_1.11,9.73,10.17,0.96
53.0,auto_flow_1.6,car_flow_1.11,20.17,10.17,1.98
53.0,auto_flow_1.6,car_flow_2.7,17.55,10.17,1.73
53.0,auto_flow_1.7,bike_flow_1.10,21.72,10.31,2.11
53.0,auto_flow_1.7,bike_flow_2.0,24.77,10.31,2.4
53.0,auto_flow_1.7,bike_flow_2.1,26.33,10.31,2.55
53.0,auto_flow_1.7,bike_flow_2.2,28.52,10.31,2.77
53.0,auto_flow_1.7,car_flow_1.10,21.87,10.31,2.12
53.0,auto_flow_1.7,car_flow_2.8,16.99,10.31,1.65
53.0,auto_flow_1.8,bike_flow_1.9,4.76,9.98,0.48
53.0,auto_flow_1.8,bike_flow_2.0,17.23,9.98,1.73
53.0,auto_flow_1.8,bike_flow_2.1,19.4,9.98,1.94
53.0,auto_flow_1.8,bike_flow_2.2,22.28,9.98,2.23
53.0,auto_flow_1.8,bike_flow_2.3,25.64,9.98,2.57
53.0,auto_flow_1.8,bike_flow_2.4,29.3,9.98,2.94
53.0,auto_flow_1.8,car_flow_1.10,18.44,9.98,1.85
53.0,auto_flow_1.8,car_flow_2.8,22.79,9.98,2.28
53.0,auto_flow_1.8,car_flow_2.9,17.28,9.98,1.73
53.0,auto_flow_1.9,bike_flow_1.8,14.06,9.58,1.47
53.0,auto_flow_1.9,car_flow_1.9,8.02,9.58,0.84
53.0,auto_flow_1.9,car_flow_2.10,17.36,9.58,1.81
53.0,auto_flow_1.9,car_flow_2.9,25.0,9.58,2.61
53.0,bike_flow_1.10,car_flow_1.11,21.85,12.74,1.71
53.0,bike_flow_1.10,car_flow_2.7,24.42,12.74,1.92
53.0,bike_flow_1.11,car_flow_1.11,29.1,12.4,2.35
53.0,bike_flow_1.11,car_flow_2.7,26.92,12.4,2.17
53.0,bike_flow_1.8,car_flow_1.8,27.56,12.25,2.25
53.0,bike_flow_1.8,car_flow_1.9,21.05,12.25,1.72
53.0,bike_flow_1.8,car_flow_2.10,4.86,12.25,0.4
53.0,bike_flow_1.9,bike_flow_2.0,21.77,12.46,1.75
53.0,bike_flow_1.9,bike_flow_2.1,24.13,12.46,1.94
53.0,bike_flow_1.9,bike_flow_2.2,27.04,12.46,2.17
53.0,bike_flow_1.9,bike_flow_2.3,30.35,12.46,2.43
53.0,bike_flow_1.9,bike_flow_2.4,33.93,12.46,2.72
53.0,bike_flow_1.9,car_flow_1.10,21.68,12.46,1.74
53.0,bike_flow_1.9,car_flow_1.9,31.4,12.46,2.52
53.0,bike_flow_1.9,car_flow_2.8,26.51,12.46,2.13
53.0,bike_flow_1.9,car_flow_2.9,14.12,12.46,1.13
53.0,car_flow_1.10,car_flow_2.8,5.63,11.35,0.5
53.0,car_flow_1.11,car_flow_2.7,3.98,12.68,0.31
53.0,car_flow_1.8,car_flow_2.10,24.11,13.26,1.82
53.0,car_flow_1.9,car_flow_2.10,24.92,13.36,1.86
53.0,car_flow_1.9,car_flow_2.9,17.94,13.36,1.34
54.0,auto_flow_1.10,bike_flow_1.8,15.02,10.07,1.49
54.0,auto_flow_1.6,bike_flow_1.11,13.77,10.96,1.26
54.0,auto_flow_1.6,car_flow_2.7,18.57,10.96,1.69
54.0,auto_flow_1.7,bike_flow_1.10,3.2,10.2,0.31
54.0,auto_flow_1.7,car_flow_1.11,20.01,10.2,1.96
54.0,auto_flow_1.7,car_flow_2.8,16.6,10.2,1.63
54.0,auto_flow_1.8,bike_flow_1.9,25.91,9.59,2.7
54.0,auto_flow_1.8,bike_flow_2.0,9.14,9.59,0.95
54.0,auto_flow_1.8,bike_flow_2.1,12.78,9.59,1.33
54.0,auto_flow_1.8,bike_flow_2.2,16.83,9.59,1.76
54.0,auto_flow_1.8,bike_flow_2.3,21.07,9.59,2.2
54.0,auto_flow_1.8,bike_flow_2.4,25.4,9.59,2.65
54.0,auto_flow_1.8,car_flow_1.10,5.44,9.59,0.57
54.0,auto_flow_1.8,car_flow_2.8,23.79,9.59,2.48
54.0,auto_flow_1.8,car_flow_2.9,16.86,9.59,1.76
54.0,auto_flow_1.9,bike_flow_1.9,16.04,10.45,1.53
54.0,auto_flow_1.9,car_flow_1.9,16.03,10.45,1.53
54.0,auto_flow_1.9,car_flow_2.10,18.05,10.45,1.73
54.0,auto_flow_1.9,car_flow_2.9,24.57,10.45,2.35
54.0,bike_flow_1.10,car_flow_1.11,19.75,11.28,1.75
54.0,bike_flow_1.10,car_flow_2.8,16.91,11.28,1.5
54.0,bike_flow_1.11,car_flow_1.11,30.86,11.62,2.66
54.0,bike_flow_1.11,car_flow_2.7,6.08,11.62,0.52
54.0,bike_flow_1.8,car_flow_1.9,20.37,11.93,1.71
54.0,bike_flow_1.8,car_flow_2.10,18.31,11.93,1.53
54.0,bike_flow_1.9,bike_flow_2.0,33.5,12.59,2.66
54.0,bike_flow_1.9,bike_flow_2.1,35.08,12.59,2.79
54.0,bike_flow_1.9,bike_flow_2.2,37.14,12.59,2.95
54.0,bike_flow_1.9,car_flow_1.10,21.31,12.59,1.69
54.0,bike_flow_1.9,car_flow_1.9,31.42,12.59,2.49
54.0,bike_flow_1.9,car_flow_2.10,33.92,12.59,2.69
54.0,bike_flow_1.9,car_flow_2.9,9.41,12.59,0.75
54.0,car_flow_1.10,car_flow_2.8,28.37,12.96,2.19
54.0,car_flow_1.10,car_flow_2.9,12.87,12.96,0.99
54.0,car_flow_1.11,car_flow_2.7,25.88,13.38,1.94
54.0,car_flow_1.11,car_flow_2.8,36.49,13.38,2.73
54.0,car_flow_1.9,car_flow_2.10,3.97,12.61,0.31
55.0,auto_flow_1.10,bike_flow_1.8,9.27,9.9,0.94
55.0,auto_flow_1.10,car_flow_1.9,13.46,9.9,1.36
55.0,auto_flow_1.7,bike_flow_1.10,21.44,9.57,2.24
55.0,auto_flow_1.7,car_flow_1.11,3.52,9.57,0.37
55.0,auto_flow_1.7,car_flow_2.8,15.96,9.57,1.67
55.0,auto_flow_1.8,bike_flow_1.10,19.06,9.98,1.91
55.0,auto_flow_1.8,bike_flow_2.0,7.55,9.98,0.76
55.0,auto_flow_1.8,bike_flow_2.1,11.69,9.98,1.17
55.0,auto_flow_1.8,bike_flow_2.2,16.03,9.98,1.61
55.0,auto_flow_1.8,bike_flow_2.3,20.43,9.98,2.05
55.0,auto_flow_1.8,bike_flow_2.4,24.88,9.98,2.49
55.0,auto_flow_1.8,bike_flow_2.5,29.34,9.98,2.94
55.0,auto_flow_1.8,car_flow_1.10,27.48,9.98,2.75
55.0,auto_flow_1.8,car_flow_2.8,24.03,9.98,2.41
55.0,auto_flow_1.8,car_flow_2.9,16.84,9.98,1.69
55.0,auto_flow_1.9,bike_flow_1.9,9.54,10.97,0.87
55.0,auto_flow_1.9,car_flow_1.10,13.53,10.97,1.23
55.0,auto_flow_1.9,car_flow_2.10,18.58,10.97,1.69
55.0,auto_flow_1.9,car_flow_2.9,23.6,10.97,2.15
55.0,bike_flow_1.10,bike_flow_2.0,24.5,11.62,2.11
55.0,bike_flow_1.10,bike_flow_2.1,26.62,11.62,2.29
55.0,bike_flow_1.10,bike_flow_2.2,29.29,11.62,2.52
55.0,bike_flow_1.10,bike_flow_2.3,32.36,11.62,2.78
55.0,bike_flow_1.10,car_flow_1.11,19.73,11.62,1.7
55.0,bike_flow_1.10,car_flow_2.8,6.14,11.62,0.53
55.0,bike_flow_1.11,car_flow_1.11,30.13,12.37,2.44
55.0,bike_flow_1.11,car_flow_1.12,20.99,12.37,1.7
55.0,bike_flow_1.11,car_flow_2.7,18.35,12.37,1.48
55.0,bike_flow_1.8,car_flow_1.9,21.78,13.49,1.61
55.0,bike_flow_1.9,car_flow_1.10,22.13,13.73,1.61
55.0,bike_flow_1.9,car_flow_1.9,29.77,13.73,2.17
55.0,bike_flow_1.9,car_flow_2.10,10.11,13.73,0.74
55.0,bike_flow_1.9,car_flow_2.9,32.74,13.73,2.39
55.0,car_flow_1.10,car_flow_2.10,31.89,12.91,2.47
55.0,car_flow_1.10,car_flow_2.9,10.93,12.91,0.85
55.0,car_flow_1.11,car_flow_2.8,14.84,11.64,1.27
55.0,car_flow_1.12,car_flow_2.7,4.33,11.88,0.36
55.0,car_flow_1.9,car_flow_2.10,20.43,12.08,1.69
56.0,auto_flow_1.10,bike_flow_1.9,20.07,10.76,1.87
56.0,auto_flow_1.10,car_flow_1.9,11.65,10.76,1.08
56.0,auto_flow_1.7,bike_flow_1.11,9.53,9.61,0.99
56.0,auto_flow_1.7,car_flow_1.11,23.05,9.61,2.4
56.0,auto_flow_1.7,car_flow_1.12,27.3,9.61,2.84
56.0,auto_flow_1.7,car_flow_2.8,16.68,9.61,1.74
56.0,auto_flow_1.8,bike_flow_1.10,4.77,9.78,0.49
56.0,auto_flow_1.8,bike_flow_2.0,14.97,9.78,1.53
56.0,auto_flow_1.8,bike_flow_2.1,17.43,9.78,1.78
56.0,auto_flow_1.8,bike_flow_2.2,20.59,9.78,2.11
56.0,auto_flow_1.8,bike_flow_2.3,24.18,9.78,2.47
56.0,auto_flow_1.8,bike_flow_2.4,28.04,9.78,2.87
56.0,auto_flow_1.8,car_flow_1.11,17.29,9.78,1.77
56.0,auto_flow_1.8,car_flow_2.8,23.14,9.78,2.37
56.0,auto_flow_1.8,car_flow_2.9,16.69,9.78,1.71
56.0,auto_flow_1.9,bike_flow_2.0,27.72,9.86,2.81
56.0,auto_flow_1.9,bike_flow_2.1,29.12,9.86,2.95
56.0,auto_flow_1.9,car_flow_1.10,10.14,9.86,1.03
56.0,auto_flow_1.9,car_flow_2.10,17.54,9.86,1.78
56.0,auto_flow_1.9,car_flow_2.9,23.67,9.86,2.4
56.0,bike_flow_1.10,bike_flow_2.0,13.93,12.56,1.11
56.0,bike_flow_1.10,bike_flow_2.1,17.39,12.56,1.39
56.0,bike_flow_1.10,bike_flow_2.2,21.25,12.56,1.69
56.0,bike_flow_1.10,bike_flow_2.3,25.32,12.56,2.02
56.0,bike_flow_1.10,bike_flow_2.4,29.51,12.56,2.35
56.0,bike_flow_1.10,bike_flow_2.5,33.79,12.56,2.69
56.0,bike_flow_1.10,car_flow_1.11,20.53,12.56,1.64
56.0,bike_flow_1.10,car_flow_2.8,26.88,12.56,2.14
56.0,bike_flow_1.10,car_flow_2.9,13.53,12.56,1.08
56.0,bike_flow_1.11,car_flow_1.12,18.13,10.07,1.8
56.0,bike_flow_1.11,car_flow_2.8,25.86,10.07,2.57
56.0,bike_flow_1.9,car_flow_1.10,21.48,12.27,1.75
56.0,bike_flow_1.9,car_flow_1.9,31.01,12.27,2.53
56.0,bike_flow_1.9,car_flow_2.10,13.94,12.27,1.14
56.0,car_flow_1.10,car_flow_2.10,8.53,12.91,0.66
56.0,car_flow_1.10,car_flow_2.9,33.45,12.91,2.59
56.0,car_flow_1.11,car_flow_2.8,6.94,11.76,0.59
56.0,car_flow_1.11,car_flow_2.9,33.83,11.76,2.88
57.0,auto_flow_1.10,bike_flow_1.9,3.72,10.06,0.37
57.0,auto_flow_1.10,car_flow_1.10,18.55,10.06,1.84
57.0,auto_flow_1.10,car_flow_2.11,28.72,10.06,2.85
57.0,auto_flow_1.7,bike_flow_1.11,13.87,10.18,1.36
57.0,auto_flow_1.7,car_flow_1.12,7.68,10.18,0.75
57.0,auto_flow_1.7,car_flow_2.8,17.15,10.18,1.68
57.0,auto_flow_1.8,bike_flow_1.10,25.7,10.66,2.41
57.0,auto_flow_1.8,bike_flow_1.11,26.04,10.66,2.44
57.0,auto_flow_1.8,bike_flow_2.0,24.99,10.66,2.34
57.0,auto_flow_1.8,bike_flow_2.1,26.53,10.66,2.49
57.0,auto_flow_1.8,bike_flow_2.2,28.71,10.66,2.69
57.0,auto_flow_1.8,bike_flow_2.3,31.38,10.66,2.94
57.0,auto_flow_1.8,car_flow_1.11,7.09,10.66,0.67
57.0,auto_flow_1.8,car_flow_2.8,22.19,10.66,2.08
57.0,auto_flow_1.8,car_flow_2.9,17.8,10.66,1.67
57.0,auto_flow_1.9,bike_flow_1.10,14.87,11.0,1.35
57.0,auto_flow_1.9,bike_flow_2.0,17.24,11.0,1.57
57.0,auto_flow_1.9,bike_flow_2.1,19.41,11.0,1.77
57.0,auto_flow_1.9,bike_flow_2.2,22.29,11.0,2.03
57.0,auto_flow_1.9,bike_flow_2.3,25.65,11.0,2.33
57.0,auto_flow_1.9,bike_flow_2.4,29.31,11.0,2.67
57.0,auto_flow_1.9,car_flow_2.10,18.84,11.0,1.71
57.0,auto_flow_1.9,car_flow_2.9,22.22,11.0,2.02
57.0,bike_flow_1.10,bike_flow_2.0,9.9,11.3,0.88
57.0,bike_flow_1.10,bike_flow_2.1,14.37,11.3,1.27
57.0,bike_flow_1.10,bike_flow_2.2,18.86,11.3,1.67
57.0,bike_flow_1.10,bike_flow_2.3,23.35,11.3,2.07
57.0,bike_flow_1.10,bike_flow_2.4,27.84,11.3,2.46
57.0,bike_flow_1.10,bike_flow_2.5,32.34,11.3,2.86
57.0,bike_flow_1.10,car_flow_1.11,19.17,11.3,1.7
57.0,bike_flow_1.10,car_flow_2.10,33.51,11.3,2.97
57.0,bike_flow_1.10,car_flow_2.9,8.35,11.3,0.74
57.0,bike_flow_1.11,car_flow_1.11,32.17,12.3,2.62
57.0,bike_flow_1.11,car_flow_1.12,20.48,12.3,1.67
57.0,bike_flow_1.11,car_flow_2.8,4.86,12.3,0.39
57.0,bike_flow_1.12,car_flow_1.12,25.88,11.64,2.22
57.0,bike_flow_1.9,car_flow_1.10,20.17,11.65,1.73
57.0,bike_flow_1.9,car_flow_2.11,27.02,11.65,2.32
57.0,car_flow_1.10,car_flow_2.10,15.09,12.96,1.16
57.0,car_flow_1.11,car_flow_2.8,28.7,12.66,2.27
57.0,car_flow_1.11,car_flow_2.9,11.9,12.66,0.94
57.0,car_flow_1.12,car_flow_2.8,24.34,9.95,2.45
58.0,auto_flow_1.10,bike_flow_1.9,26.52,10.78,2.46
58.0,auto_flow_1.10,car_flow_1.10,5.21,10.78,0.48
58.0,auto_flow_1.10,car_flow_2.11,27.61,10.78,2.56
58.0,auto_flow_1.7,bike_flow_1.12,10.71,10.91,0.98
58.0,auto_flow_1.7,car_flow_1.12,15.9,10.91,1.46
58.0,auto_flow_1.7,car_flow_2.8,17.45,10.91,1.6
58.0,auto_flow_1.8,bike_flow_1.11,5.77,10.71,0.54
58.0,auto_flow_1.8,car_flow_1.11,29.11,10.71,2.72
58.0,auto_flow_1.8,car_flow_1.12,24.18,10.71,2.26
58.0,auto_flow_1.8,car_flow_2.8,22.08,10.71,2.06
58.0,auto_flow_1.8,car_flow_2.9,17.8,10.71,1.66
58.0,auto_flow_1.9,bike_flow_1.10,7.29,9.46,0.77
58.0,auto_flow_1.9,bike_flow_2.0,9.24,9.46,0.98
58.0,auto_flow_1.9,bike_flow_2.1,12.85,9.46,1.36
58.0,auto_flow_1.9,bike_flow_2.2,16.89,9.46,1.79
58.0,auto_flow_1.9,bike_flow_2.3,21.12,9.46,2.23
58.0,auto_flow_1.9,bike_flow_2.4,25.44,9.46,2.69
58.0,auto_flow_1.9,car_flow_1.11,12.75,9.46,1.35
58.0,auto_flow_1.9,car_flow_2.10,17.14,9.46,1.81
58.0,auto_flow_1.9,car_flow_2.9,23.47,9.46,2.48
58.0,bike_flow_1.10,bike_flow_2.0,16.29,11.61,1.4
58.0,bike_flow_1.10,bike_flow_2.1,19.34,11.61,1.67
58.0,bike_flow_1.10,bike_flow_2.2,22.87,11.61,1.97
58.0,bike_flow_1.10,bike_flow_2.3,26.69,11.61,2.3
58.0,bike_flow_1.10,bike_flow_2.4,30.7,11.61,2.64
58.0,bike_flow_1.10,car_flow_1.11,18.89,11.61,1.63
58.0,bike_flow_1.10,car_flow_2.10,11.06,11.61,0.95
58.0,bike_flow_1.10,car_flow_2.9,30.19,11.61,2.6
58.0,bike_flow_1.11,car_flow_1.12,19.16,10.33,1.86
58.0,bike_flow_1.11,car_flow_2.8,17.57,10.33,1.7
58.0,bike_flow_1.11,car_flow_2.9,22.83,10.33,2.21
58.0,bike_flow_1.12,car_flow_1.12,25.79,11.73,2.2
58.0,bike_flow_1.12,car_flow_2.8,27.86,11.73,2.37
58.0,bike_flow_1.9,car_flow_1.10,22.22,13.65,1.63
58.0,bike_flow_1.9,car_flow_2.11,3.45,13.65,0.25
58.0,car_flow_1.10,car_flow_2.11,23.72,11.6,2.04
58.0,car_flow_1.11,car_flow_2.10,29.65,11.89,2.49
58.0,car_flow_1.11,car_flow_2.9,11.58,11.89,0.97
58.0,car_flow_1.12,car_flow_2.8,3.71,11.64,0.32
59.0,auto_flow_1.10,bike_flow_1.10,21.79,10.41,2.09
59.0,auto_flow_1.10,car_flow_1.10,27.74,10.41,2.67
59.0,auto_flow_1.10,car_flow_2.11,24.56,10.41,2.36
59.0,auto_flow_1.7,bike_flow_1.12,13.32,10.59,1.26
59.0,auto_flow_1.7,car_flow_1.13,8.96,10.59,0.85
59.0,auto_flow_1.7,car_flow_2.8,17.07,10.59,1.61
59.0,auto_flow_1.8,bike_flow_1.11,15.56,10.14,1.53
59.0,auto_flow_1.8,bike_flow_1.12,27.24,10.14,2.69
59.0,auto_flow_1.8,car_flow_1.12,4.23,10.14,0.42
59.0,auto_flow_1.8,car_flow_2.8,22.91,10.14,2.26
59.0,auto_flow_1.8,car_flow_2.9,16.75,10.14,1.65
59.0,auto_flow_1.9,bike_flow_1.10,29.24,10.49,2.79
59.0,auto_flow_1.9,bike_flow_1.11,25.9,10.49,2.47
59.0,auto_flow_1.9,bike_flow_2.0,7.73,10.49,0.74
59.0,auto_flow_1.9,bike_flow_2.1,11.81,10.49,1.13
59.0,auto_flow_1.9,bike_flow_2.2,16.11,10.49,1.54
59.0,auto_flow_1.9,bike_flow_2.3,20.5,10.49,1.95
59.0,auto_flow_1.9,bike_flow_2.4,24.93,10.49,2.38
59.0,auto_flow_1.9,bike_flow_2.5,29.38,10.49,2.8
59.0,auto_flow_1.9,car_flow_1.11,10.01,10.49,0.95
59.0,auto_flow_1.9,car_flow_2.10,17.85,10.49,1.7
59.0,auto_flow_1.9,car_flow_2.9,24.18,10.49,2.31
59.0,bike_flow_1.10,bike_flow_2.0,26.89,12.02,2.24
59.0,bike_flow_1.10,bike_flow_2.1,28.83,12.02,2.4
59.0,bike_flow_1.10,bike_flow_2.2,31.31,12.02,2.6
59.0,bike_flow_1.10,bike_flow_2.3,34.2,12.02,2.84
59.0,bike_flow_1.10,car_flow_1.11,19.58,12.02,1.63
59.0,bike_flow_1.10,car_flow_2.10,11.67,12.02,0.97
59.0,bike_flow_1.11,car_flow_1.12,17.99,9.89,1.82
59.0,bike_flow_1.11,car_flow_2.9,3.54,9.89,0.36
59.0,bike_flow_1.12,car_flow_1.12,24.29,12.56,1.93
59.0,bike_flow_1.12,car_flow_1.13,21.29,12.56,1.7
59.0,bike_flow_1.12,car_flow_2.8,5.23,12.56,0.42
59.0,bike_flow_1.9,car_flow_1.10,21.88,12.7,1.72
59.0,bike_flow_1.9,car_flow_2.11,25.09,12.7,1.98
59.0,car_flow_1.10,car_flow_2.11,4.39,13.04,0.34
59.0,car_flow_1.11,car_flow_2.10,8.95,11.34,0.79
59.0,car_flow_1.11,car_flow_2.9,33.82,11.34,2.98
59.0,car_flow_1.12,car_flow_2.8,20.4,11.06,1.84
59.0,car_flow_1.12,car_flow_2.9,19.77,11.06,1.79
59.0,car_flow_1.13,car_flow_2.8,25.64,11.17,2.3
60.0,auto_flow_1.10,bike_flow_1.10,3.4,10.52,0.32
60.0,auto_flow_1.10,car_flow_1.11,18.59,10.52,1.77
60.0,auto_flow_1.10,car_flow_2.11,21.82,10.52,2.07
60.0,auto_flow_1.7,car_flow_1.13,14.55,10.03,1.45
60.0,auto_flow_1.7,car_flow_2.8,16.41,10.03,1.64
60.0,auto_flow_1.8,bike_flow_1.12,5.52,10.87,0.51
60.0,auto_flow_1.8,car_flow_1.12,18.78,10.87,1.73
60.0,auto_flow_1.8,car_flow_1.13,25.15,10.87,2.31
60.0,auto_flow_1.8,car_flow_2.8,22.73,10.87,2.09
60.0,auto_flow_1.8,car_flow_2.9,17.77,10.87,1.63
60.0,auto_flow_1.9,bike_flow_1.11,6.89,9.89,0.7
60.0,auto_flow_1.9,bike_flow_2.0,15.41,9.89,1.56
60.0,auto_flow_1.9,bike_flow_2.1,17.81,9.89,1.8
60.0,auto_flow_1.9,bike_flow_2.2,20.91,9.89,2.11
60.0,auto_flow_1.9,bike_flow_2.3,24.45,9.89,2.47
60.0,auto_flow_1.9,bike_flow_2.4,28.27,9.89,2.86
60.0,auto_flow_1.9,car_flow_1.12,23.61,9.89,2.39
60.0,auto_flow_1.9,car_flow_2.10,17.61,9.89,1.78
60.0,auto_flow_1.9,car_flow_2.9,24.14,9.89,2.44
60.0,bike_flow_1.10,car_flow_1.11,19.46,12.19,1.6
60.0,bike_flow_1.10,car_flow_2.10,33.69,12.19,2.76
60.0,bike_flow_1.10,car_flow_2.11,20.92,12.19,1.72
60.0,bike_flow_1.11,bike_flow_2.0,22.29,9.71,2.3
60.0,bike_flow_1.11,bike_flow_2.1,24.61,9.71,2.54
60.0,bike_flow_1.11,bike_flow_2.2,27.47,9.71,2.83
60.0,bike_flow_1.11,car_flow_1.12,17.29,9.71,1.78
60.0,bike_flow_1.11,car_flow_2.10,23.92,9.71,2.46
60.0,bike_flow_1.11,car_flow_2.9,18.32,9.71,1.89
60.0,bike_flow_1.12,car_flow_1.12,23.01,11.68,1.97
60.0,bike_flow_1.12,car_flow_1.13,20.45,11.68,1.75
60.0,bike_flow_1.12,car_flow_2.8,18.51,11.68,1.58
60.0,bike_flow_1.12,car_flow_2.9,22.49,11.68,1.93
60.0,car_flow_1.10,car_flow_2.11,29.44,13.01,2.26
60.0,car_flow_1.11,car_flow_2.10,14.44,12.3,1.17
60.0,car_flow_1.12,car_flow_2.9,3.29,10.4,0.32
60.0,car_flow_1.13,car_flow_2.8,3.89,12.53,0.31
61.0,auto_flow_1.10,bike_flow_1.10,23.42,9.63,2.43
61.0,auto_flow_1.10,bike_flow_2.0,27.25,9.63,2.83
61.0,auto_flow_1.10,bike_flow_2.1,28.68,9.63,2.98
61.0,auto_flow_1.10,car_flow_1.11,4.49,9.63,0.47
61.0,auto_flow_1.10,car_flow_2.11,19.16,9.63,1.99
61.0,auto_flow_1.8,bike_flow_1.12,17.79,10.35,1.72
61.0,auto_flow_1.8,bike_flow_1.13,30.29,10.35,2.93
61.0,auto_flow_1.8,car_flow_1.13,4.1,10.35,0.4
61.0,auto_flow_1.8,car_flow_2.8,22.2,10.35,2.14
61.0,auto_flow_1.8,car_flow_2.9,17.0,10.35,1.64
61.0,auto_flow_1.9,bike_flow_1.11,16.88,10.81,1.56
61.0,auto_flow_1.9,bike_flow_1.12,24.16,10.81,2.24
61.0,auto_flow_1.9,bike_flow_2.0,25.6,10.81,2.37
61.0,auto_flow_1.9,bike_flow_2.1,27.11,10.81,2.51
61.0,auto_flow_1.9,bike_flow_2.2,29.24,10.81,2.71
61.0,auto_flow_1.9,bike_flow_2.3,31.87,10.81,2.95
61.0,auto_flow_1.9,car_flow_1.12,4.05,10.81,0.37
61.0,auto_flow_1.9,car_flow_2.10,18.18,10.81,1.68
61.0,auto_flow_1.9,car_flow_2.9,24.44,10.81,2.26
61.0,bike_flow_1.10,car_flow_1.11,20.05,12.42,1.61
61.0,bike_flow_1.10,car_flow_2.11,5.16,12.42,0.42
61.0,bike_flow_1.11,bike_flow_2.0,12.75,11.87,1.07
61.0,bike_flow_1.11,bike_flow_2.1,16.46,11.87,1.39
61.0,bike_flow_1.11,bike_flow_2.2,20.49,11.87,1.73
61.0,bike_flow_1.11,bike_flow_2.3,24.69,11.87,2.08
61.0,bike_flow_1.11,bike_flow_2.4,28.98,11.87,2.44
61.0,bike_flow_1.11,bike_flow_2.5,33.32,11.87,2.81
61.0,bike_flow_1.11,car_flow_1.12,19.06,11.87,1.61
61.0,bike_flow_1.11,car_flow_2.10,3.58,11.87,0.3
61.0,bike_flow_1.12,car_flow_1.12,21.47,11.64,1.84
61.0,bike_flow_1.12,car_flow_1.13,20.06,11.64,1.72
61.0,bike_flow_1.12,car_flow_2.9,3.24,11.64,0.28
61.0,bike_flow_1.13,car_flow_1.13,27.56,11.41,2.41
61.0,bike_flow_1.13,car_flow_2.8,8.55,11.41,0.75
61.0,car_flow_1.11,car_flow_2.11,16.32,11.83,1.38
61.0,car_flow_1.12,car_flow_2.10,20.91,10.11,2.07
61.0,car_flow_1.12,car_flow_2.9,22.2,10.11,2.2
61.0,car_flow_1.13,car_flow_2.8,19.89,12.03,1.65
61.0,car_flow_1.13,car_flow_2.9,19.83,12.03,1.65
62.0,auto_flow_1.10,bike_flow_1.11,12.22,10.9,1.12
62.0,auto_flow_1.10,bike_flow_2.0,16.88,10.9,1.55
62.0,auto_flow_1.10,bike_flow_2.1,19.1,10.9,1.75
62.0,auto_flow_1.10,bike_flow_2.2,22.02,10.9,2.02
62.0,auto_flow_1.10,bike_flow_2.3,25.41,10.9,2.33
62.0,auto_flow_1.10,bike_flow_2.4,29.1,10.9,2.67
62.0,auto_flow_1.10,car_flow_1.11,27.07,10.9,2.48
62.0,auto_flow_1.10,car_flow_1.12,31.01,10.9,2.84
62.0,auto_flow_1.10,car_flow_2.11,19.6,10.9,1.8
62.0,auto_flow_1.8,bike_flow_1.13,8.7,9.58,0.91
62.0,auto_flow_1.8,car_flow_1.13,19.24,9.58,2.01
62.0,auto_flow_1.8,car_flow_2.9,16.64,9.58,1.74
62.0,auto_flow_1.9,bike_flow_1.12,5.17,10.44,0.5
62.0,auto_flow_1.9,car_flow_1.12,20.12,10.44,1.93
62.0,auto_flow_1.9,car_flow_1.13,21.86,10.44,2.09
62.0,auto_flow_1.9,car_flow_2.10,17.49,10.44,1.68
62.0,auto_flow_1.9,car_flow_2.9,23.95,10.44,2.3
62.0,bike_flow_1.10,car_flow_1.11,20.11,12.88,1.56
62.0,bike_flow_1.10,car_flow_2.11,27.58,12.88,2.14
62.0,bike_flow_1.11,bike_flow_2.0,10.49,11.9,0.88
62.0,bike_flow_1.11,bike_flow_2.1,14.78,11.9,1.24
62.0,bike_flow_1.11,bike_flow_2.2,19.17,11.9,1.61
62.0,bike_flow_1.11,bike_flow_2.3,23.6,11.9,1.98
62.0,bike_flow_1.11,bike_flow_2.4,28.06,11.9,2.36
62.0,bike_flow_1.11,bike_flow_2.5,32.52,11.9,2.73
62.0,bike_flow_1.11,car_flow_1.12,19.05,11.9,1.6
62.0,bike_flow_1.11,car_flow_2.10,21.66,11.9,1.82
62.0,bike_flow_1.11,car_flow_2.11,31.56,11.9,2.65
62.0,bike_flow_1.12,car_flow_1.12,23.92,9.45,2.53
62.0,bike_flow_1.12,car_flow_1.13,17.56,9.45,1.86
62.0,bike_flow_1.12,car_flow_2.10,21.79,9.45,2.31
62.0,bike_flow_1.12,car_flow_2.9,20.14,9.45,2.13
62.0,bike_flow_1.13,car_flow_1.13,27.06,12.45,2.17
62.0,bike_flow_1.13,car_flow_2.9,24.94,12.45,2.0
62.0,car_flow_1.11,car_flow_2.11,7.95,12.83,0.62
62.0,car_flow_1.12,car_flow_2.10,3.98,11.9,0.33
62.0,car_flow_1.13,car_flow_2.9,3.96,11.95,0.33
63.0,auto_flow_1.10,bike_flow_1.11,9.37,9.87,0.95
63.0,auto_flow_1.10,bike_flow_2.0,8.7,9.87,0.88
63.0,auto_flow_1.10,bike_flow_2.1,12.47,9.87,1.26
63.0,auto_flow_1.10,bike_flow_2.2,16.6,9.87,1.68
63.0,auto_flow_1.10,bike_flow_2.3,20.89,9.87,2.12
63.0,auto_flow_1.10,bike_flow_2.4,25.25,9.87,2.56
63.0,auto_flow_1.10,car_flow_1.12,9.51,9.87,0.96
63.0,auto_flow_1.10,car_flow_2.11,17.59,9.87,1.78
63.0,auto_flow_1.11,bike_flow_1.10,14.16,10.67,1.33
63.0,auto_flow_1.8,bike_flow_1.13,13.86,9.65,1.44
63.0,auto_flow_1.8,car_flow_1.14,8.52,9.65,0.88
63.0,auto_flow_1.8,car_flow_2.9,16.46,9.65,1.71
63.0,auto_flow_1.9,bike_flow_1.12,16.76,10.52,1.59
63.0,auto_flow_1.9,bike_flow_1.13,26.43,10.52,2.51
63.0,auto_flow_1.9,car_flow_1.13,3.3,10.52,0.31
63.0,auto_flow_1.9,car_flow_2.10,17.66,10.52,1.68
63.0,auto_flow_1.9,car_flow_2.9,23.26,10.52,2.21
63.0,bike_flow_1.10,car_flow_1.11,18.79,11.5,1.63
63.0,bike_flow_1.11,bike_flow_2.0,17.48,10.74,1.63
63.0,bike_flow_1.11,bike_flow_2.1,20.35,10.74,1.9
63.0,bike_flow_1.11,bike_flow_2.2,23.73,10.74,2.21
63.0,bike_flow_1.11,bike_flow_2.3,27.44,10.74,2.56
63.0,bike_flow_1.11,bike_flow_2.4,31.35,10.74,2.92
63.0,bike_flow_1.11,car_flow_1.12,17.76,10.74,1.65
63.0,bike_flow_1.11,car_flow_2.11,9.35,10.74,0.87
63.0,bike_flow_1.12,car_flow_1.12,25.95,9.99,2.6
63.0,bike_flow_1.12,car_flow_1.13,17.25,9.99,1.73
63.0,bike_flow_1.12,car_flow_2.10,3.42,9.99,0.34
63.0,bike_flow_1.13,car_flow_1.13,25.43,11.92,2.13
63.0,bike_flow_1.13,car_flow_1.14,21.38,11.92,1.79
63.0,bike_flow_1.13,car_flow_2.9,4.37,11.92,0.37
63.0,car_flow_1.11,car_flow_2.11,32.13,12.82,2.51
63.0,car_flow_1.12,car_flow_2.10,24.95,12.02,2.08
63.0,car_flow_1.12,car_flow_2.11,26.74,12.02,2.22
63.0,car_flow_1.13,car_flow_2.10,18.74,10.3,1.82
63.0,car_flow_1.13,car_flow_2.9,22.68,10.3,2.2
63.0,car_flow_1.14,car_flow_2.9,24.56,10.74,2.29
64.0,auto_flow_1.10,bike_flow_1.11,31.48,10.75,2.93
64.0,auto_flow_1.10,bike_flow_1.12,11.65,10.75,1.08
64.0,auto_flow_1.10,bike_flow_2.0,8.33,10.75,0.77
64.0,auto_flow_1.10,bike_flow_2.1,12.21,10.75,1.14
64.0,auto_flow_1.10,bike_flow_2.2,16.41,10.75,1.53
64.0,auto_flow_1.10,bike_flow_2.3,20.74,10.75,1.93
64.0,auto_flow_1.10,bike_flow_2.4,25.12,10.75,2.34
64.0,auto_flow_1.10,bike_flow_2.5,29.55,10.75,2.75
64.0,auto_flow_1.10,car_flow_1.12,12.4,10.75,1.15
64.0,auto_flow_1.10,car_flow_1.13,31.76,10.75,2.95
64.0,auto_flow_1.10,car_flow_2.11,18.32,10.75,1.7
64.0,auto_flow_1.11,bike_flow_1.10,10.51,10.42,1.01
64.0,auto_flow_1.11,car_flow_1.11,11.24,10.42,1.08
64.0,auto_flow_1.8,car_flow_1.14,14.56,10.02,1.45
64.0,auto_flow_1.8,car_flow_2.9,16.76,10.02,1.67
64.0,auto_flow_1.9,bike_flow_1.13,4.81,9.93,0.48
64.0,auto_flow_1.9,car_flow_1.13,19.2,9.93,1.93
64.0,auto_flow_1.9,car_flow_1.14,25.8,9.93,2.6
64.0,auto_flow_1.9,car_flow_2.10,17.12,9.93,1.72
64.0,auto_flow_1.9,car_flow_2.9,23.05,9.93,2.32
64.0,bike_flow_1.10,car_flow_1.11,20.79,13.39,1.55
64.0,bike_flow_1.11,bike_flow_2.0,28.01,11.76,2.38
64.0,bike_flow_1.11,bike_flow_2.1,29.88,11.76,2.54
64.0,bike_flow_1.11,bike_flow_2.2,32.28,11.76,2.75
64.0,bike_flow_1.11,bike_flow_2.3,35.09,11.76,2.98
64.0,bike_flow_1.11,car_flow_1.12,19.33,11.76,1.64
64.0,bike_flow_1.11,car_flow_2.11,13.39,11.76,1.14
64.0,bike_flow_1.12,bike_flow_2.0,19.01,12.95,1.47
64.0,bike_flow_1.12,bike_flow_2.1,21.67,12.95,1.67
64.0,bike_flow_1.12,bike_flow_2.2,24.87,12.95,1.92
64.0,bike_flow_1.12,bike_flow_2.3,28.43,12.95,2.2
64.0,bike_flow_1.12,bike_flow_2.4,32.22,12.95,2.49
64.0,bike_flow_1.12,bike_flow_2.5,36.18,12.95,2.79
64.0,bike_flow_1.12,car_flow_1.12,23.19,12.95,1.79
64.0,bike_flow_1.12,car_flow_1.13,20.4,12.95,1.57
64.0,bike_flow_1.12,car_flow_2.10,22.44,12.95,1.73
64.0,bike_flow_1.12,car_flow_2.11,29.69,12.95,2.29
64.0,bike_flow_1.13,car_flow_1.13,22.52,12.72,1.77
64.0,bike_flow_1.13,car_flow_1.14,22.02,12.72,1.73
64.0,bike_flow_1.13,car_flow_2.10,20.95,12.72,1.65
64.0,bike_flow_1.13,car_flow_2.9,19.72,12.72,1.55
64.0,car_flow_1.12,car_flow_2.11,7.1,10.19,0.7
64.0,car_flow_1.13,car_flow_2.10,3.68,9.81,0.38
64.0,car_flow_1.14,car_flow_2.9,4.1,12.08,0.34
65.0,auto_flow_1.10,bike_flow_1.12,10.41,9.74,1.07
65.0,auto_flow_1.10,bike_flow_2.0,16.23,9.74,1.67
65.0,auto_flow_1.10,bike_flow_2.1,18.52,9.74,1.9
65.0,auto_flow_1.10,bike_flow_2.2,21.52,9.74,2.21
65.0,auto_flow_1.10,bike_flow_2.3,24.98,9.74,2.56
65.0,auto_flow_1.10,bike_flow_2.4,28.72,9.74,2.95
65.0,auto_flow_1.10,car_flow_1.13,10.65,9.74,1.09
65.0,auto_flow_1.10,car_flow_2.11,17.03,9.74,1.75
65.0,auto_flow_1.11,bike_flow_1.11,29.38,9.82,2.99
65.0,auto_flow_1.11,car_flow_1.11,12.62,9.82,1.29
65.0,auto_flow_1.9,bike_flow_1.13,17.9,10.92,1.64
65.0,auto_flow_1.9,bike_flow_1.14,29.94,10.92,2.74
65.0,auto_flow_1.9,car_flow_1.14,4.19,10.92,0.38
65.0,auto_flow_1.9,car_flow_2.10,17.6,10.92,1.61
65.0,auto_flow_1.9,car_flow_2.9,22.1,10.92,2.02
65.0,bike_flow_1.10,car_flow_1.11,20.76,13.14,1.58
65.0,bike_flow_1.11,car_flow_1.12,19.86,12.14,1.64
65.0,bike_flow_1.11,car_flow_2.11,36.31,12.14,2.99
65.0,bike_flow_1.12,bike_flow_2.0,10.97,11.37,0.96
65.0,bike_flow_1.12,bike_flow_2.1,15.12,11.37,1.33
65.0,bike_flow_1.12,bike_flow_2.2,19.44,11.37,1.71
65.0,bike_flow_1.12,bike_flow_2.3,23.82,11.37,2.1
65.0,bike_flow_1.12,bike_flow_2.4,28.24,11.37,2.48
65.0,bike_flow_1.12,bike_flow_2.5,32.68,11.37,2.87
65.0,bike_flow_1.12,car_flow_1.12,23.43,11.37,2.06
65.0,bike_flow_1.12,car_flow_1.13,20.06,11.37,1.76
65.0,bike_flow_1.12,car_flow_2.11,7.81,11.37,0.69
65.0,bike_flow_1.13,car_flow_1.13,23.94,10.29,2.33
65.0,bike_flow_1.13,car_flow_1.14,20.32,10.29,1.98
65.0,bike_flow_1.13,car_flow_2.10,3.2,10.29,0.31
65.0,bike_flow_1.14,car_flow_1.14,27.06,11.32,2.39
65.0,bike_flow_1.14,car_flow_2.9,8.3,11.32,0.73
65.0,car_flow_1.12,car_flow_2.11,16.62,11.61,1.43
65.0,car_flow_1.13,car_flow_2.10,24.17,11.7,2.06
65.0,car_flow_1.13,car_flow_2.11,27.37,11.7,2.34
65.0,car_flow_1.14,car_flow_2.10,20.56,11.98,1.72
65.0,car_flow_1.14,car_flow_2.9,19.66,11.98,1.64
66.0,auto_flow_1.10,bike_flow_1.13,11.7,10.35,1.13
66.0,auto_flow_1.10,bike_flow_2.0,25.81,10.35,2.49
66.0,auto_flow_1.10,bike_flow_2.1,27.51,10.35,2.66
66.0,auto_flow_1.10,bike_flow_2.2,29.61,10.35,2.86
66.0,auto_flow_1.10,car_flow_1.13,12.54,10.35,1.21
66.0,auto_flow_1.10,car_flow_2.11,17.9,10.35,1.73
66.0,auto_flow_1.11,bike_flow_1.11,7.8,9.76,0.8
66.0,auto_flow_1.11,car_flow_1.12,27.23,9.76,2.79
66.0,auto_flow_1.9,bike_flow_1.14,8.69,9.83,0.88
66.0,auto_flow_1.9,car_flow_1.14,18.32,9.83,1.86
66.0,auto_flow_1.9,car_flow_2.10,16.42,9.83,1.67
66.0,bike_flow_1.11,car_flow_1.12,19.94,12.33,1.62
66.0,bike_flow_1.12,bike_flow_2.0,11.25,11.8,0.95
66.0,bike_flow_1.12,bike_flow_2.1,15.87,11.8,1.35
66.0,bike_flow_1.12,bike_flow_2.2,20.02,11.8,1.7
66.0,bike_flow_1.12,bike_flow_2.3,24.3,11.8,2.06
66.0,bike_flow_1.12,bike_flow_2.4,28.64,11.8,2.43
66.0,bike_flow_1.12,bike_flow_2.5,33.03,11.8,2.8
66.0,bike_flow_1.12,car_flow_1.12,23.89,11.8,2.02
66.0,bike_flow_1.12,car_flow_1.13,19.92,11.8,1.69
66.0,bike_flow_1.12,car_flow_2.11,14.51,11.8,1.23
66.0,bike_flow_1.13,car_flow_1.13,23.38,12.5,1.87
66.0,bike_flow_1.13,car_flow_1.14,21.9,12.5,1.75
66.0,bike_flow_1.13,car_flow_2.10,23.74,12.5,1.9
66.0,bike_flow_1.13,car_flow_2.11,29.33,12.5,2.35
66.0,bike_flow_1.14,car_flow_1.14,26.12,11.86,2.2
66.0,bike_flow_1.14,car_flow_2.10,24.71,11.86,2.08
66.0,car_flow_1.13,car_flow_2.11,6.6,11.94,0.55
66.0,car_flow_1.14,car_flow_2.10,3.59,10.92,0.33
67.0,auto_flow_1.10,bike_flow_1.13,9.71,9.76,1.0
67.0,auto_flow_1.10,car_flow_1.14,12.09,9.76,1.24
67.0,auto_flow_1.10,car_flow_2.11,17.43,9.76,1.79
67.0,auto_flow_1.11,bike_flow_1.11,13.33,9.78,1.36
67.0,auto_flow_1.11,bike_flow_1.12,29.22,9.78,2.99
67.0,auto_flow_1.11,car_flow_1.12,5.72,9.78,0.58
67.0,auto_flow_1.9,bike_flow_1.14,14.49,10.13,1.43
67.0,auto_flow_1.9,car_flow_1.15,7.52,10.13,0.74
67.0,auto_flow_1.9,car_flow_2.10,16.74,10.13,1.65
67.0,bike_flow_1.11,car_flow_1.12,17.68,10.27,1.72
67.0,bike_flow_1.12,bike_flow_2.0,20.42,12.11,1.69
67.0,bike_flow_1.12,bike_flow_2.1,23.57,12.11,1.95
67.0,bike_flow_1.12,bike_flow_2.2,26.73,12.11,2.21
67.0,bike_flow_1.12,bike_flow_2.3,30.06,12.11,2.48
67.0,bike_flow_1.12,bike_flow_2.4,33.67,12.11,2.78
67.0,bike_flow_1.12,car_flow_1.12,24.3,12.11,2.01
67.0,bike_flow_1.12,car_flow_1.13,19.67,12.11,1.62
67.0,bike_flow_1.13,bike_flow_2.0,26.32,10.67,2.47
67.0,bike_flow_1.13,bike_flow_2.1,29.29,10.67,2.75
67.0,bike_flow_1.13,bike_flow_2.2,31.89,10.67,2.99
67.0,bike_flow_1.13,car_flow_1.13,25.08,10.67,2.35
67.0,bike_flow_1.13,car_flow_1.14,20.83,10.67,1.95
67.0,bike_flow_1.13,car_flow_2.11,8.85,10.67,0.83
67.0,bike_flow_1.14,car_flow_1.14,25.78,12.08,2.13
67.0,bike_flow_1.14,car_flow_1.15,20.94,12.08,1.73
67.0,bike_flow_1.14,car_flow_2.10,4.13,12.08,0.34
67.0,car_flow_1.13,car_flow_2.11,17.13,12.37,1.38
67.0,car_flow_1.14,car_flow_2.10,23.39,11.74,1.99
67.0,car_flow_1.14,car_flow_2.11,29.26,11.74,2.49
67.0,car_flow_1.15,car_flow_2.10,23.76,11.5,2.07
68.0,auto_flow_1.10,bike_flow_1.14,15.93,10.13,1.57
68.0,auto_flow_1.10,car_flow_1.14,10.93,10.13,1.08
68.0,auto_flow_1.10,car_flow_2.11,17.65,10.13,1.74
68.0,auto_flow_1.11,bike_flow_1.12,6.5,10.3,0.63
68.0,auto_flow_1.11,car_flow_1.12,16.05,10.3,1.56
68.0,auto_flow_1.11,car_flow_1.13,26.32,10.3,2.56
68.0,auto_flow_1.9,car_flow_1.15,17.12,10.79,1.59
68.0,auto_flow_1.9,car_flow_2.10,17.7,10.79,1.64
68.0,bike_flow_1.11,car_flow_1.12,19.26,11.74,1.64
68.0,bike_flow_1.11,car_flow_2.12,12.49,11.74,1.06
68.0,bike_flow_1.12,bike_flow_2.0,34.13,13.08,2.61
68.0,bike_flow_1.12,bike_flow_2.1,34.22,13.08,2.62
68.0,bike_flow_1.12,bike_flow_2.2,37.07,13.08,2.83
68.0,bike_flow_1.12,car_flow_1.12,21.38,13.08,1.63
68.0,bike_flow_1.12,car_flow_1.13,20.46,13.08,1.56
68.0,bike_flow_1.13,bike_flow_2.0,12.96,11.79,1.1
68.0,bike_flow_1.13,bike_flow_2.1,18.37,11.79,1.56
68.0,bike_flow_1.13,bike_flow_2.2,23.24,11.79,1.97
68.0,bike_flow_1.13,bike_flow_2.3,27.17,11.79,2.3
68.0,bike_flow_1.13,bike_flow_2.4,31.12,11.79,2.64
68.0,bike_flow_1.13,bike_flow_2.5,35.2,11.79,2.99
68.0,bike_flow_1.13,car_flow_1.13,25.58,11.79,2.17
68.0,bike_flow_1.13,car_flow_1.14,20.64,11.79,1.75
68.0,bike_flow_1.13,car_flow_2.11,13.82,11.79,1.17
68.0,bike_flow_1.14,car_flow_1.14,26.06,11.7,2.23
68.0,bike_flow_1.14,car_flow_1.15,19.8,11.7,1.69
68.0,bike_flow_1.14,car_flow_2.10,19.19,11.7,1.64
68.0,bike_flow_1.14,car_flow_2.11,33.4,11.7,2.86
68.0,bike_flow_2.0,bike_flow_2.1,7.75,2.82,2.75
68.0,car_flow_1.14,car_flow_2.11,7.87,11.98,0.66
68.0,car_flow_1.15,car_flow_2.10,3.32,12.84,0.26
69.0,auto_flow_1.10,bike_flow_1.14,7.4,10.73,0.69
69.0,auto_flow_1.10,car_flow_1.15,12.79,10.73,1.19
69.0,auto_flow_1.10,car_flow_2.11,18.15,10.73,1.69
69.0,auto_flow_1.11,bike_flow_1.12,16.3,10.87,1.5
69.0,auto_flow_1.11,bike_flow_1.13,27.94,10.87,2.57
69.0,auto_flow_1.11,bike_flow_2.0,32.27,10.87,2.97
69.0,auto_flow_1.11,bike_flow_2.1,27.98,10.87,2.57
69.0,auto_flow_1.11,bike_flow_2.2,30.34,10.87,2.79
69.0,auto_flow_1.11,car_flow_1.13,3.75,10.87,0.34
69.0,auto_flow_1.12,bike_flow_1.11,15.95,11.0,1.45
69.0,auto_flow_1.12,car_flow_2.12,27.27,11.0,2.48
69.0,bike_flow_1.11,car_flow_1.12,17.97,10.16,1.77
69.0,bike_flow_1.11,car_flow_2.12,12.07,10.16,1.19
69.0,bike_flow_1.12,car_flow_1.12,22.06,10.77,2.05
69.0,bike_flow_1.12,car_flow_1.13,17.94,10.77,1.67
69.0,bike_flow_1.12,car_flow_2.12,28.57,10.77,2.65
69.0,bike_flow_1.13,bike_flow_2.0,5.55,13.07,0.42
69.0,bike_flow_1.13,bike_flow_2.1,11.07,13.07,0.85
69.0,bike_flow_1.13,bike_flow_2.2,17.33,13.07,1.33
69.0,bike_flow_1.13,bike_flow_2.3,23.22,13.07,1.78
69.0,bike_flow_1.13,bike_flow_2.4,27.82,13.07,2.13
69.0,bike_flow_1.13,bike_flow_2.5,32.32,13.07,2.47
69.0,bike_flow_1.13,bike_flow_2.6,36.82,13.07,2.82
69.0,bike_flow_1.13,car_flow_1.13,25.8,13.07,1.97
69.0,bike_flow_1.13,car_flow_1.14,22.12,13.07,1.69
69.0,bike_flow_1.13,car_flow_2.11,36.88,13.07,2.82
69.0,bike_flow_1.14,car_flow_1.14,26.1,11.55,2.26
69.0,bike_flow_1.14,car_flow_1.15,19.06,11.55,1.65
69.0,bike_flow_1.14,car_flow_2.11,11.92,11.55,1.03
69.0,bike_flow_2.0,bike_flow_2.1,9.49,3.9,2.44
69.0,car_flow_1.12,car_flow_2.12,7.09,11.44,0.62
69.0,car_flow_1.14,car_flow_2.11,14.97,11.59,1.29
69.0,car_flow_1.15,car_flow_2.10,22.67,12.29,1.85
69.0,car_flow_1.15,car_flow_2.11,30.7,12.29,2.5
70.0,auto_flow_1.10,bike_flow_1.14,30.22,10.46,2.89
70.0,auto_flow_1.10,bike_flow_1.15,30.22,10.46,2.89
70.0,auto_flow_1.10,car_flow_1.15,10.59,10.46,1.01
70.0,auto_flow_1.10,car_flow_2.11,17.25,10.46,1.65
70.0,auto_flow_1.11,bike_flow_1.13,5.44,10.61,0.51
70.0,auto_flow_1.11,bike_flow_2.0,28.24,10.61,2.66
70.0,auto_flow_1.11,bike_flow_2.1,17.74,10.61,1.67
70.0,auto_flow_1.11,bike_flow_2.2,21.11,10.61,1.99
70.0,auto_flow_1.11,bike_flow_2.3,25.25,10.61,2.38
70.0,auto_flow_1.11,bike_flow_2.4,29.42,10.61,2.77
70.0,auto_flow_1.11,car_flow_1.13,19.47,10.61,1.83
70.0,auto_flow_1.11,car_flow_1.14,27.15,10.61,2.56
70.0,auto_flow_1.12,bike_flow_1.11,7.64,10.49,0.73
70.0,auto_flow_1.12,car_flow_1.12,12.89,10.49,1.23
70.0,auto_flow_1.12,car_flow_2.12,30.09,10.49,2.87
70.0,bike_flow_1.11,car_flow_1.12,19.42,12.07,1.61
70.0,bike_flow_1.12,car_flow_1.12,21.65,11.03,1.96
70.0,bike_flow_1.12,car_flow_1.13,18.42,11.03,1.67
70.0,bike_flow_1.12,car_flow_2.12,5.16,11.03,0.47
70.0,bike_flow_1.13,bike_flow_2.0,24.06,12.75,1.89
70.0,bike_flow_1.13,bike_flow_2.1,15.71,12.75,1.23
70.0,bike_flow_1.13,bike_flow_2.2,20.46,12.75,1.6
70.0,bike_flow_1.13,bike_flow_2.3,25.45,12.75,2.0
70.0,bike_flow_1.13,bike_flow_2.4,30.16,12.75,2.36
70.0,bike_flow_1.13,bike_flow_2.5,34.41,12.75,2.7
70.0,bike_flow_1.13,car_flow_1.13,23.6,12.75,1.85
70.0,bike_flow_1.13,car_flow_1.14,22.56,12.75,1.77
70.0,bike_flow_1.14,bike_flow_2.0,24.42,12.92,1.89
70.0,bike_flow_1.14,bike_flow_2.1,37.64,12.92,2.91
70.0,bike_flow_1.14,car_flow_1.14,25.49,12.92,1.97
70.0,bike_flow_1.14,car_flow_1.15,19.96,12.92,1.55
70.0,bike_flow_1.14,car_flow_2.11,13.2,12.92,1.02
70.0,bike_flow_2.0,bike_flow_2.1,13.95,6.58,2.12
70.0,bike_flow_2.0,bike_flow_2.2,18.04,6.58,2.74
70.0,bike_flow_2.0,car_flow_1.14,3.45,6.58,0.52
70.0,car_flow_1.12,car_flow_2.12,17.89,10.63,1.68
70.0,car_flow_1.13,car_flow_2.12,22.7,10.55,2.15
70.0,car_flow_1.15,car_flow_2.11,7.84,12.02,0.65
71.0,auto_flow_1.10,bike_flow_1.15,8.18,10.7,0.76
71.0,auto_flow_1.10,car_flow_2.11,17.8,10.7,1.66
71.0,auto_flow_1.11,bike_flow_1.13,18.99,10.78,1.76
71.0,auto_flow_1.11,bike_flow_1.14,30.05,10.78,2.79
71.0,auto_flow_1.11,bike_flow_2.0,25.1,10.78,2.33
71.0,auto_flow_1.11,bike_flow_2.1,8.62,10.78,0.8
71.0,auto_flow_1.11,bike_flow_2.2,13.1,10.78,1.21
71.0,auto_flow_1.11,bike_flow_2.3,19.8,10.78,1.84
71.0,auto_flow_1.11,bike_flow_2.4,24.77,10.78,2.3
71.0,auto_flow_1.11,bike_flow_2.5,29.57,10.78,2.74
71.0,auto_flow_1.11,car_flow_1.14,5.69,10.78,0.53
71.0,auto_flow_1.12,bike_flow_1.12,14.04,10.82,1.3
71.0,auto_flow_1.12,car_flow_1.12,11.19,10.82,1.03
71.0,auto_flow_1.12,car_flow_1.13,30.57,10.82,2.82
71.0,auto_flow_1.12,car_flow_2.12,32.42,10.82,3.0
71.0,bike_flow_1.12,car_flow_1.12,24.39,9.65,2.53
71.0,bike_flow_1.12,car_flow_1.13,16.74,9.65,1.73
71.0,bike_flow_1.12,car_flow_2.12,19.02,9.65,1.97
71.0,bike_flow_1.13,bike_flow_2.1,26.12,12.33,2.12
71.0,bike_flow_1.13,bike_flow_2.2,28.51,12.33,2.31
71.0,bike_flow_1.13,bike_flow_2.3,32.85,12.33,2.66
71.0,bike_flow_1.13,bike_flow_2.4,36.52,12.33,2.96
71.0,bike_flow_1.13,car_flow_1.13,22.6,12.33,1.83
71.0,bike_flow_1.13,car_flow_1.14,23.42,12.33,1.9
71.0,bike_flow_1.13,car_flow_2.12,20.83,12.33,1.69
71.0,bike_flow_1.14,bike_flow_2.0,5.75,11.79,0.49
71.0,bike_flow_1.14,bike_flow_2.1,26.33,11.79,2.23
71.0,bike_flow_1.14,bike_flow_2.2,28.7,11.79,2.43
71.0,bike_flow_1.14,bike_flow_2.3,33.01,11.79,2.8
71.0,bike_flow_1.14,car_flow_1.14,25.17,11.79,2.13
71.0,bike_flow_1.14,car_flow_1.15,18.63,11.79,1.58
71.0,bike_flow_1.14,car_flow_2.11,34.89,11.79,2.96
71.0,bike_flow_1.15,car_flow_2.11,25.52,11.83,2.16
71.0,bike_flow_2.0,bike_flow_2.1,20.73,7.64,2.71
71.0,bike_flow_2.0,car_flow_1.14,20.64,7.64,2.7
71.0,car_flow_1.13,car_flow_2.12,3.78,11.33,0.33
71.0,car_flow_1.15,car_flow_2.11,16.43,13.12,1.25
72.0,auto_flow_1.10,bike_flow_1.15,13.5,9.57,1.41
72.0,auto_flow_1.10,car_flow_1.16,7.5,9.57,0.78
72.0,auto_flow_1.10,car_flow_2.11,16.9,9.57,1.77
72.0,auto_flow_1.11,bike_flow_1.14,9.27,9.85,0.94
72.0,auto_flow_1.11,bike_flow_2.0,25.2,9.85,2.56
72.0,auto_flow_1.11,bike_flow_2.1,7.95,9.85,0.81
72.0,auto_flow_1.11,bike_flow_2.2,12.16,9.85,1.24
72.0,auto_flow_1.11,bike_flow_2.3,17.01,9.85,1.73
72.0,auto_flow_1.11,bike_flow_2.4,24.28,9.85,2.47
72.0,auto_flow_1.11,bike_flow_2.5,29.32,9.85,2.98
72.0,auto_flow_1.11,car_flow_1.14,17.29,9.85,1.76
72.0,auto_flow_1.11,car_flow_1.15,27.68,9.85,2.81
72.0,auto_flow_1.12,bike_flow_1.12,7.75,10.58,0.73
72.0,auto_flow_1.12,bike_flow_1.13,31.72,10.58,3.0
72.0,auto_flow_1.12,car_flow_1.13,10.29,10.58,0.97
72.0,bike_flow_1.12,car_flow_1.12,27.17,10.15,2.68
72.0,bike_flow_1.12,car_flow_1.13,16.84,10.15,1.66
72.0,bike_flow_1.13,car_flow_1.13,21.78,10.86,2.01
72.0,bike_flow_1.13,car_flow_1.14,22.43,10.86,2.06
72.0,bike_flow_1.13,car_flow_2.12,5.04,10.86,0.46
72.0,bike_flow_1.14,bike_flow_2.0,16.8,11.33,1.48
72.0,bike_flow_1.14,bike_flow_2.1,16.36,11.33,1.44
72.0,bike_flow_1.14,bike_flow_2.2,19.56,11.33,1.73
72.0,bike_flow_1.14,bike_flow_2.3,23.59,11.33,2.08
72.0,bike_flow_1.14,bike_flow_2.4,30.07,11.33,2.65
72.0,bike_flow_1.14,car_flow_1.14,25.7,11.33,2.27
72.0,bike_flow_1.14,car_flow_1.15,18.79,11.33,1.66
72.0,bike_flow_1.15,car_flow_1.16,19.9,11.07,1.8
72.0,bike_flow_1.15,car_flow_2.11,4.96,11.07,0.45
72.0,bike_flow_2.0,car_flow_1.15,3.94,9.94,0.4
72.0,bike_flow_2.3,bike_flow_2.4,7.45,2.59,2.87
72.0,car_flow_1.13,car_flow_2.12,25.88,10.05,2.58
72.0,car_flow_1.14,car_flow_2.12,18.81,11.86,1.59
72.0,car_flow_1.16,car_flow_2.11,23.9,11.19,2.14
73.0,auto_flow_1.10,car_flow_1.16,15.57,10.47,1.49
73.0,auto_flow_1.10,car_flow_2.11,17.68,10.47,1.69
73.0,auto_flow_1.11,bike_flow_1.14,14.81,10.54,1.41
73.0,auto_flow_1.11,bike_flow_2.0,27.0,10.54,2.56
73.0,auto_flow_1.11,bike_flow_2.1,16.32,10.54,1.55
73.0,auto_flow_1.11,bike_flow_2.2,18.66,10.54,1.77
73.0,auto_flow_1.11,bike_flow_2.3,21.83,10.54,2.07
73.0,auto_flow_1.11,bike_flow_2.4,27.12,10.54,2.57
73.0,auto_flow_1.11,car_flow_1.15,6.24,10.54,0.59
73.0,auto_flow_1.12,bike_flow_1.12,29.77,9.94,3.0
73.0,auto_flow_1.12,bike_flow_1.13,11.93,9.94,1.2
73.0,auto_flow_1.12,car_flow_1.13,10.53,9.94,1.06
73.0,bike_flow_1.12,car_flow_1.13,19.57,12.6,1.55
73.0,bike_flow_1.12,car_flow_2.13,10.72,12.6,0.85
73.0,bike_flow_1.13,car_flow_1.13,21.52,10.13,2.12
73.0,bike_flow_1.13,car_flow_1.14,20.52,10.13,2.03
73.0,bike_flow_1.13,car_flow_2.12,27.42,10.13,2.71
73.0,bike_flow_1.14,bike_flow_2.1,9.83,12.62,0.78
73.0,bike_flow_1.14,bike_flow_2.2,14.42,12.62,1.14
73.0,bike_flow_1.14,bike_flow_2.3,19.14,12.62,1.52
73.0,bike_flow_1.14,bike_flow_2.4,25.85,12.62,2.05
73.0,bike_flow_1.14,bike_flow_2.5,31.74,12.62,2.51
73.0,bike_flow_1.14,bike_flow_2.6,36.73,12.62,2.91
73.0,bike_flow_1.14,car_flow_1.14,25.11,12.62,1.99
73.0,bike_flow_1.14,car_flow_1.15,19.82,12.62,1.57
73.0,bike_flow_1.14,car_flow_2.12,18.68,12.62,1.48
73.0,bike_flow_1.15,bike_flow_2.0,20.77,10.95,1.9
73.0,bike_flow_1.15,car_flow_1.16,19.31,10.95,1.76
73.0,bike_flow_1.15,car_flow_2.11,17.16,10.95,1.57
73.0,bike_flow_2.0,car_flow_1.15,21.88,12.35,1.77
73.0,car_flow_1.14,car_flow_2.12,7.43,12.04,0.62
73.0,car_flow_1.16,car_flow_2.11,4.03,11.54,0.35
74.0,auto_flow_1.11,bike_flow_1.15,27.3,10.03,2.72
74.0,auto_flow_1.11,bike_flow_2.0,30.1,10.03,3.0
74.0,auto_flow_1.11,bike_flow_2.1,25.81,10.03,2.57
74.0,auto_flow_1.11,bike_flow_2.2,27.34,10.03,2.72
74.0,auto_flow_1.11,bike_flow_2.3,29.53,10.03,2.94
74.0,auto_flow_1.11,car_flow_1.15,17.2,10.03,1.71
74.0,auto_flow_1.11,car_flow_2.12,29.83,10.03,2.97
74.0,auto_flow_1.12,bike_flow_1.13,7.96,10.0,0.8
74.0,auto_flow_1.12,car_flow_1.14,11.29,10.0,1.13
74.0,bike_flow_1.12,car_flow_1.13,21.34,13.57,1.57
74.0,bike_flow_1.12,car_flow_2.13,17.08,13.57,1.26
74.0,bike_flow_1.13,car_flow_1.13,24.53,8.78,2.79
74.0,bike_flow_1.13,car_flow_1.14,18.12,8.78,2.06
74.0,bike_flow_1.14,bike_flow_2.1,14.61,11.29,1.29
74.0,bike_flow_1.14,bike_flow_2.2,18.0,11.29,1.59
74.0,bike_flow_1.14,bike_flow_2.3,21.86,11.29,1.94
74.0,bike_flow_1.14,bike_flow_2.4,26.81,11.29,2.37
74.0,bike_flow_1.14,bike_flow_2.5,33.38,11.29,2.96
74.0,bike_flow_1.14,car_flow_1.14,25.0,11.29,2.21
74.0,bike_flow_1.14,car_flow_1.15,18.89,11.29,1.67
74.0,bike_flow_1.14,car_flow_2.12,6.77,11.29,0.6
74.0,bike_flow_1.15,bike_flow_2.0,4.38,10.38,0.42
74.0,bike_flow_1.15,car_flow_1.16,18.49,10.38,1.78
74.0,bike_flow_2.0,car_flow_1.16,15.83,13.13,1.21
74.0,bike_flow_2.0,car_flow_2.11,35.3,13.13,2.69
74.0,car_flow_1.13,car_flow_2.13,5.58,11.79,0.47
74.0,car_flow_1.14,car_flow_2.12,31.14,11.19,2.78
74.0,car_flow_1.15,car_flow_2.12,13.32,12.22,1.09
74.0,car_flow_1.16,car_flow_2.11,20.05,11.2,1.79
75.0,auto_flow_1.11,bike_flow_1.15,7.6,10.03,0.76
75.0,auto_flow_1.11,car_flow_1.16,25.42,10.03,2.53
75.0,auto_flow_1.11,car_flow_2.12,26.14,10.03,2.61
75.0,auto_flow_1.12,bike_flow_1.13,27.09,10.47,2.59
75.0,auto_flow_1.12,bike_flow_1.14,13.13,10.47,1.25
75.0,auto_flow_1.12,car_flow_1.14,10.12,10.47,0.97
75.0,bike_flow_1.13,car_flow_1.14,17.29,9.13,1.89
75.0,bike_flow_1.13,car_flow_2.13,7.31,9.13,0.8
75.0,bike_flow_1.14,bike_flow_2.1,25.43,12.63,2.01
75.0,bike_flow_1.14,bike_flow_2.2,27.5,12.63,2.18
75.0,bike_flow_1.14,bike_flow_2.3,30.17,12.63,2.39
75.0,bike_flow_1.14,bike_flow_2.4,33.65,12.63,2.66
75.0,bike_flow_1.14,car_flow_1.14,22.33,12.63,1.77
75.0,bike_flow_1.14,car_flow_1.15,20.26,12.63,1.6
75.0,bike_flow_1.14,car_flow_2.12,32.46,12.63,2.57
75.0,bike_flow_1.15,bike_flow_2.0,26.45,10.19,2.6
75.0,bike_flow_1.15,car_flow_1.16,18.32,10.19,1.8
75.0,bike_flow_1.16,bike_flow_2.0,28.35,10.27,2.76
75.0,bike_flow_2.0,car_flow_1.16,8.55,13.08,0.65
75.0,car_flow_1.13,car_flow_2.13,21.94,12.88,1.7
75.0,car_flow_1.14,car_flow_2.13,24.08,9.96,2.42
75.0,car_flow_1.15,car_flow_2.12,12.47,11.26,1.11
76.0,auto_flow_1.11,bike_flow_1.15,13.3,9.84,1.35
76.0,auto_flow_1.11,car_flow_1.16,5.69,9.84,0.58
76.0,auto_flow_1.11,car_flow_2.12,22.86,9.84,2.32
76.0,auto_flow_1.12,bike_flow_1.14,9.57,10.69,0.9
76.0,auto_flow_1.12,bike_flow_2.1,26.35,10.69,2.47
76.0,auto_flow_1.12,bike_flow_2.2,27.83,10.69,2.6
76.0,auto_flow_1.12,bike_flow_2.3,29.94,10.69,2.8
76.0,auto_flow_1.12,car_flow_1.14,29.76,10.69,2.78
76.0,auto_flow_1.12,car_flow_1.15,10.33,10.69,0.97
76.0,auto_flow_1.12,car_flow_2.13,30.97,10.69,2.9
76.0,auto_flow_1.13,bike_flow_1.13,25.35,11.0,2.3
76.0,bike_flow_1.13,car_flow_1.14,18.26,10.27,1.78
76.0,bike_flow_1.13,car_flow_2.13,17.18,10.27,1.67
76.0,bike_flow_1.14,car_flow_1.14,20.57,11.06,1.86
76.0,bike_flow_1.14,car_flow_1.15,18.84,11.06,1.7
76.0,bike_flow_1.14,car_flow_2.13,22.18,11.06,2.01
76.0,bike_flow_1.15,car_flow_1.16,17.61,9.96,1.77
76.0,bike_flow_1.15,car_flow_2.12,10.45,9.96,1.05
76.0,bike_flow_1.16,bike_flow_2.0,4.06,12.19,0.33
76.0,bike_flow_1.16,car_flow_1.16,34.58,12.19,2.84
76.0,bike_flow_2.0,car_flow_1.16,32.24,13.47,2.39
76.0,car_flow_1.14,car_flow_2.13,3.49,9.29,0.38
76.0,car_flow_1.16,car_flow_2.12,27.74,10.68,2.6
77.0,auto_flow_1.11,bike_flow_1.16,14.5,10.2,1.42
77.0,auto_flow_1.11,car_flow_1.16,15.84,10.2,1.55
77.0,auto_flow_1.11,car_flow_2.12,21.57,10.2,2.11
77.0,auto_flow_1.12,bike_flow_1.14,28.91,9.84,2.94
77.0,auto_flow_1.12,bike_flow_2.1,17.0,9.84,1.73
77.0,auto_flow_1.12,bike_flow_2.2,19.21,9.84,1.95
77.0,auto_flow_1.12,bike_flow_2.3,22.13,9.84,2.25
77.0,auto_flow_1.12,bike_flow_2.4,25.85,9.84,2.63
77.0,auto_flow_1.12,car_flow_1.15,11.94,9.84,1.21
77.0,auto_flow_1.12,car_flow_2.13,27.1,9.84,2.75
77.0,auto_flow_1.13,bike_flow_1.13,4.32,10.52,0.41
77.0,auto_flow_1.13,car_flow_1.14,22.67,10.52,2.16
77.0,bike_flow_1.13,car_flow_1.14,19.54,11.72,1.67
77.0,bike_flow_1.14,car_flow_1.14,21.14,9.87,2.14
77.0,bike_flow_1.14,car_flow_1.15,17.24,9.87,1.75
77.0,bike_flow_1.14,car_flow_2.13,3.59,9.87,0.36
77.0,bike_flow_1.15,bike_flow_2.1,24.58,9.37,2.62
77.0,bike_flow_1.15,bike_flow_2.2,26.71,9.37,2.85
77.0,bike_flow_1.15,car_flow_1.16,16.96,9.37,1.81
77.0,bike_flow_1.15,car_flow_2.12,11.37,9.37,1.21
77.0,bike_flow_1.16,bike_flow_2.0,26.6,14.94,1.78
77.0,bike_flow_1.16,car_flow_1.16,29.66,14.94,1.98
77.0,bike_flow_1.16,car_flow_2.12,35.85,14.94,2.4
77.0,car_flow_1.14,car_flow_2.13,23.01,10.45,2.2
77.0,car_flow_1.15,car_flow_2.13,15.92,11.48,1.39
77.0,car_flow_1.16,car_flow_2.12,6.84,10.02,0.68
78.0,auto_flow_1.11,bike_flow_1.16,8.37,9.65,0.87
78.0,auto_flow_1.11,car_flow_1.17,28.8,9.65,2.98
78.0,auto_flow_1.11,car_flow_2.12,19.22,9.65,1.99
78.0,auto_flow_1.12,bike_flow_1.15,17.55,10.95,1.6
78.0,auto_flow_1.12,bike_flow_2.1,8.11,10.95,0.74
78.0,auto_flow_1.12,bike_flow_2.2,12.06,10.95,1.1
78.0,auto_flow_1.12,bike_flow_2.3,16.32,10.95,1.49
78.0,auto_flow_1.12,bike_flow_2.4,21.05,10.95,1.92
78.0,auto_flow_1.12,bike_flow_2.5,25.53,10.95,2.33
78.0,auto_flow_1.12,bike_flow_2.6,30.22,10.95,2.76
78.0,auto_flow_1.12,car_flow_2.13,24.41,10.95,2.23
78.0,auto_flow_1.13,bike_flow_1.13,19.25,10.74,1.79
78.0,auto_flow_1.13,bike_flow_1.14,22.04,10.74,2.05
78.0,auto_flow_1.13,car_flow_1.14,3.2,10.74,0.3
78.0,bike_flow_1.13,car_flow_1.14,18.88,11.14,1.69
78.0,bike_flow_1.14,car_flow_1.14,21.92,11.04,1.99
78.0,bike_flow_1.14,car_flow_1.15,17.96,11.04,1.63
78.0,bike_flow_1.14,car_flow_2.13,26.51,11.04,2.4
78.0,bike_flow_1.15,bike_flow_2.1,15.92,10.0,1.59
78.0,bike_flow_1.15,bike_flow_2.2,19.02,10.0,1.9
78.0,bike_flow_1.15,bike_flow_2.3,22.63,10.0,2.26
78.0,bike_flow_1.15,bike_flow_2.4,26.83,10.0,2.68
78.0,bike_flow_1.15,car_flow_1.16,16.88,10.0,1.69
78.0,bike_flow_1.16,car_flow_1.16,27.52,12.22,2.25
78.0,bike_flow_1.16,car_flow_1.17,36.35,12.22,2.98
78.0,bike_flow_1.16,car_flow_2.12,11.93,12.22,0.98
78.0,car_flow_1.15,car_flow_2.13,8.94,10.31,0.87
78.0,car_flow_1.16,car_flow_2.12,16.34,10.08,1.62
79.0,auto_flow_1.11,car_flow_1.17,7.42,9.73,0.76
79.0,auto_flow_1.11,car_flow_2.12,18.61,9.73,1.91
79.0,auto_flow_1.12,bike_flow_1.15,4.28,10.61,0.4
79.0,auto_flow_1.12,bike_flow_2.1,8.85,10.61,0.83
79.0,auto_flow_1.12,bike_flow_2.2,12.57,10.61,1.18
79.0,auto_flow_1.12,bike_flow_2.3,16.7,10.61,1.57
79.0,auto_flow_1.12,bike_flow_2.4,21.3,10.61,2.01
79.0,auto_flow_1.12,bike_flow_2.5,25.75,10.61,2.43
79.0,auto_flow_1.12,bike_flow_2.6,30.27,10.61,2.85
79.0,auto_flow_1.12,car_flow_1.16,14.36,10.61,1.35
79.0,auto_flow_1.12,car_flow_2.13,21.84,10.61,2.06
79.0,auto_flow_1.13,bike_flow_1.14,3.27,10.36,0.32
79.0,auto_flow_1.13,car_flow_1.14,21.69,10.36,2.09
79.0,auto_flow_1.13,car_flow_1.15,18.83,10.36,1.82
79.0,auto_flow_1.13,car_flow_2.14,29.61,10.36,2.86
79.0,bike_flow_1.14,car_flow_1.14,20.77,12.13,1.71
79.0,bike_flow_1.14,car_flow_1.15,19.23,12.13,1.59
79.0,bike_flow_1.14,car_flow_2.14,29.11,12.13,2.4
79.0,bike_flow_1.15,bike_flow_2.1,10.27,9.49,1.08
79.0,bike_flow_1.15,bike_flow_2.2,14.62,9.49,1.54
79.0,bike_flow_1.15,bike_flow_2.3,19.07,9.49,2.01
79.0,bike_flow_1.15,bike_flow_2.4,23.86,9.49,2.51
79.0,bike_flow_1.15,bike_flow_2.5,28.43,9.49,3.0
79.0,bike_flow_1.15,car_flow_1.16,16.84,9.49,1.77
79.0,bike_flow_1.15,car_flow_2.13,19.26,9.49,2.03
79.0,bike_flow_1.16,car_flow_1.16,23.99,13.06,1.84
79.0,bike_flow_1.16,car_flow_1.17,37.22,13.06,2.85
79.0,bike_flow_1.16,car_flow_2.12,12.34,13.06,0.94
79.0,car_flow_1.14,car_flow_2.14,8.77,10.99,0.8
79.0,car_flow_1.15,car_flow_2.13,32.55,10.86,3.0
79.0,car_flow_1.17,car_flow_2.12,25.51,12.2,2.09
80.0,auto_flow_1.11,bike_flow_1.17,12.49,9.83,1.27
80.0,auto_flow_1.11,car_flow_1.17,16.45,9.83,1.67
80.0,auto_flow_1.11,car_flow_2.12,18.4,9.83,1.87
80.0,auto_flow_1.12,bike_flow_1.15,22.55,9.92,2.27
80.0,auto_flow_1.12,bike_flow_1.16,17.97,9.92,1.81
80.0,auto_flow_1.12,bike_flow_2.1,17.15,9.92,1.73
80.0,auto_flow_1.12,bike_flow_2.2,19.33,9.92,1.95
80.0,auto_flow_1.12,bike_flow_2.3,22.23,9.92,2.24
80.0,auto_flow_1.12,bike_flow_2.4,25.82,9.92,2.6
80.0,auto_flow_1.12,bike_flow_2.5,29.57,9.92,2.98
80.0,auto_flow_1.12,car_flow_1.16,6.52,9.92,0.66
80.0,auto_flow_1.12,car_flow_2.13,19.8,9.92,2.0
80.0,auto_flow_1.13,bike_flow_1.14,19.81,9.59,2.07
80.0,auto_flow_1.13,car_flow_1.15,4.17,9.59,0.44
80.0,auto_flow_1.13,car_flow_2.14,25.67,9.59,2.68
80.0,bike_flow_1.14,car_flow_1.14,23.55,9.29,2.54
80.0,bike_flow_1.14,car_flow_1.15,16.87,9.29,1.82
80.0,bike_flow_1.14,car_flow_2.14,6.9,9.29,0.74
80.0,bike_flow_1.15,bike_flow_2.1,11.76,9.55,1.23
80.0,bike_flow_1.15,bike_flow_2.2,15.71,9.55,1.64
80.0,bike_flow_1.15,bike_flow_2.3,19.91,9.55,2.08
80.0,bike_flow_1.15,bike_flow_2.4,24.48,9.55,2.56
80.0,bike_flow_1.15,car_flow_1.16,16.64,9.55,1.74
80.0,bike_flow_1.15,car_flow_2.13,4.07,9.55,0.43
80.0,bike_flow_1.16,car_flow_1.16,23.36,10.38,2.25
80.0,bike_flow_1.17,car_flow_1.17,28.21,11.05,2.55
80.0,bike_flow_1.17,car_flow_2.12,30.64,11.05,2.77
80.0,car_flow_1.14,car_flow_2.14,17.73,12.07,1.47
80.0,car_flow_1.15,car_flow_2.14,23.21,11.65,1.99
80.0,car_flow_1.16,car_flow_2.13,14.47,9.76,1.48
80.0,car_flow_1.17,car_flow_2.12,3.92,13.01,0.3
81.0,auto_flow_1.11,bike_flow_1.17,12.37,10.12,1.22
81.0,auto_flow_1.11,car_flow_2.12,17.83,10.12,1.76
81.0,auto_flow_1.12,bike_flow_1.16,4.98,9.75,0.51
81.0,auto_flow_1.12,bike_flow_2.1,26.41,9.75,2.71
81.0,auto_flow_1.12,bike_flow_2.2,27.88,9.75,2.86
81.0,auto_flow_1.12,car_flow_1.16,25.13,9.75,2.58
81.0,auto_flow_1.12,car_flow_1.17,29.01,9.75,2.98
81.0,auto_flow_1.12,car_flow_2.13,18.88,9.75,1.94
81.0,auto_flow_1.13,bike_flow_1.15,29.11,10.25,2.84
81.0,auto_flow_1.13,car_flow_1.15,22.48,10.25,2.19
81.0,auto_flow_1.13,car_flow_2.14,23.33,10.25,2.28
81.0,auto_flow_1.14,bike_flow_1.14,12.15,11.0,1.1
81.0,auto_flow_1.14,car_flow_1.15,29.37,11.0,2.67
81.0,auto_flow_1.14,car_flow_2.14,28.11,11.0,2.56
81.0,bike_flow_1.14,car_flow_1.15,17.47,9.92,1.76
81.0,bike_flow_1.14,car_flow_2.14,16.7,9.92,1.68
81.0,bike_flow_1.15,bike_flow_2.1,20.6,11.62,1.77
81.0,bike_flow_1.15,bike_flow_2.2,23.08,11.62,1.99
81.0,bike_flow_1.15,bike_flow_2.3,26.12,11.62,2.25
81.0,bike_flow_1.15,bike_flow_2.4,29.61,11.62,2.55
81.0,bike_flow_1.15,bike_flow_2.5,33.48,11.62,2.88
81.0,bike_flow_1.15,car_flow_1.16,18.76,11.62,1.62
81.0,bike_flow_1.15,car_flow_2.13,25.01,11.62,2.15
81.0,bike_flow_1.16,bike_flow_2.1,23.86,11.75,2.03
81.0,bike_flow_1.16,bike_flow_2.2,26.03,11.75,2.21
81.0,bike_flow_1.16,bike_flow_2.3,28.76,11.75,2.45
81.0,bike_flow_1.16,bike_flow_2.4,31.96,11.75,2.72
81.0,bike_flow_1.16,car_flow_1.16,21.1,11.75,1.8
81.0,bike_flow_1.16,car_flow_1.17,32.65,11.75,2.78
81.0,bike_flow_1.16,car_flow_2.13,15.4,11.75,1.31
81.0,bike_flow_1.17,car_flow_1.17,28.0,13.9,2.01
81.0,bike_flow_1.17,car_flow_2.12,6.7,13.9,0.48
81.0,car_flow_1.15,car_flow_2.14,3.38,9.32,0.36
81.0,car_flow_1.16,car_flow_2.13,6.84,9.49,0.72
81.0,car_flow_1.17,car_flow_2.12,22.35,13.69,1.63
82.0,auto_flow_1.12,bike_flow_1.16,24.53,9.96,2.46
82.0,auto_flow_1.12,car_flow_1.17,6.64,9.96,0.67
82.0,auto_flow_1.12,car_flow_2.13,18.85,9.96,1.89
82.0,auto_flow_1.13,bike_flow_1.15,9.34,9.88,0.95
82.0,auto_flow_1.13,car_flow_1.16,27.06,9.88,2.74
82.0,auto_flow_1.13,car_flow_2.14,20.81,9.88,2.11
82.0,auto_flow_1.14,bike_flow_1.14,11.71,10.08,1.16
82.0,auto_flow_1.14,car_flow_1.15,10.02,10.08,0.99
82.0,bike_flow_1.14,car_flow_1.15,20.76,12.91,1.61
82.0,bike_flow_1.15,bike_flow_2.1,30.05,10.29,2.92
82.0,bike_flow_1.15,car_flow_1.16,18.09,10.29,1.76
82.0,bike_flow_1.15,car_flow_2.14,29.76,10.29,2.89
82.0,bike_flow_1.16,bike_flow_2.1,14.89,10.54,1.41
82.0,bike_flow_1.16,bike_flow_2.2,18.17,10.54,1.72
82.0,bike_flow_1.16,bike_flow_2.3,21.9,10.54,2.08
82.0,bike_flow_1.16,bike_flow_2.4,25.89,10.54,2.46
82.0,bike_flow_1.16,bike_flow_2.5,30.26,10.54,2.87
82.0,bike_flow_1.16,car_flow_1.16,21.52,10.54,2.04
82.0,bike_flow_1.16,car_flow_1.17,30.15,10.54,2.86
82.0,bike_flow_1.16,car_flow_2.13,6.34,10.54,0.6
82.0,bike_flow_1.17,car_flow_1.17,27.23,13.81,1.97
82.0,bike_flow_1.17,car_flow_1.18,24.71,13.81,1.79
82.0,bike_flow_1.17,car_flow_2.12,18.73,13.81,1.36
82.0,car_flow_1.15,car_flow_2.14,21.18,9.62,2.2
82.0,car_flow_1.16,car_flow_2.13,27.19,10.96,2.48
82.0,car_flow_1.17,car_flow_2.13,24.88,13.04,1.91
82.0,car_flow_1.18,car_flow_2.12,7.03,12.46,0.56
83.0,auto_flow_1.12,bike_flow_1.17,8.29,10.53,0.79
83.0,auto_flow_1.12,car_flow_1.17,18.62,10.53,1.77
83.0,auto_flow_1.12,car_flow_2.13,19.17,10.53,1.82
83.0,auto_flow_1.13,bike_flow_1.15,12.98,10.41,1.25
83.0,auto_flow_1.13,bike_flow_1.16,27.24,10.41,2.62
83.0,auto_flow_1.13,bike_flow_2.1,27.57,10.41,2.65
83.0,auto_flow_1.13,bike_flow_2.2,28.98,10.41,2.78
83.0,auto_flow_1.13,bike_flow_2.3,30.98,10.41,2.98
83.0,auto_flow_1.13,car_flow_1.16,7.1,10.41,0.68
83.0,auto_flow_1.13,car_flow_2.14,19.94,10.41,1.91
83.0,auto_flow_1.14,car_flow_1.15,12.78,10.51,1.22
83.0,auto_flow_1.14,car_flow_2.14,31.21,10.51,2.97
83.0,auto_flow_1.14,car_flow_2.15,18.59,10.51,1.77
83.0,bike_flow_1.15,car_flow_1.16,18.93,10.95,1.73
83.0,bike_flow_1.15,car_flow_2.14,8.02,10.95,0.73
83.0,bike_flow_1.16,bike_flow_2.1,9.81,10.92,0.9
83.0,bike_flow_1.16,bike_flow_2.2,14.3,10.92,1.31
83.0,bike_flow_1.16,bike_flow_2.3,18.81,10.92,1.72
83.0,bike_flow_1.16,bike_flow_2.4,23.32,10.92,2.13
83.0,bike_flow_1.16,bike_flow_2.5,27.98,10.92,2.56
83.0,bike_flow_1.16,bike_flow_2.6,32.69,10.92,2.99
83.0,bike_flow_1.16,car_flow_1.16,20.71,10.92,1.9
83.0,bike_flow_1.16,car_flow_1.17,27.43,10.92,2.51
83.0,bike_flow_1.16,car_flow_2.13,26.79,10.92,2.45
83.0,bike_flow_1.17,car_flow_1.17,25.99,14.88,1.75
83.0,bike_flow_1.17,car_flow_1.18,25.93,14.88,1.74
83.0,bike_flow_1.17,car_flow_2.13,27.01,14.88,1.82
83.0,car_flow_1.15,car_flow_2.15,6.99,11.36,0.62
83.0,car_flow_1.16,car_flow_2.14,26.48,10.11,2.62
83.0,car_flow_1.17,car_flow_2.13,3.31,13.64,0.24
84.0,auto_flow_1.12,bike_flow_1.17,16.76,9.63,1.74
84.0,auto_flow_1.12,car_flow_1.18,11.27,9.63,1.17
84.0,auto_flow_1.12,car_flow_2.13,18.0,9.63,1.87
84.0,auto_flow_1.13,bike_flow_1.16,6.61,10.37,0.64
84.0,auto_flow_1.13,bike_flow_2.1,17.68,10.37,1.7
84.0,auto_flow_1.13,bike_flow_2.2,19.8,10.37,1.91
84.0,auto_flow_1.13,bike_flow_2.3,22.63,10.37,2.18
84.0,auto_flow_1.13,bike_flow_2.4,25.95,10.37,2.5
84.0,auto_flow_1.13,bike_flow_2.5,29.69,10.37,2.86
84.0,auto_flow_1.13,car_flow_1.16,14.98,10.37,1.45
84.0,auto_flow_1.13,car_flow_2.14,18.74,10.37,1.81
84.0,auto_flow_1.14,bike_flow_1.15,16.98,10.76,1.58
84.0,auto_flow_1.14,car_flow_2.14,32.02,10.76,2.98
84.0,auto_flow_1.14,car_flow_2.15,18.97,10.76,1.76
84.0,bike_flow_1.15,car_flow_1.16,19.44,11.13,1.75
84.0,bike_flow_1.15,car_flow_2.14,15.68,11.13,1.41
84.0,bike_flow_1.16,bike_flow_2.1,14.45,10.9,1.33
84.0,bike_flow_1.16,bike_flow_2.2,17.81,10.9,1.63
84.0,bike_flow_1.16,bike_flow_2.3,21.59,10.9,1.98
84.0,bike_flow_1.16,bike_flow_2.4,25.61,10.9,2.35
84.0,bike_flow_1.16,bike_flow_2.5,29.89,10.9,2.74
84.0,bike_flow_1.16,car_flow_1.16,20.42,10.9,1.87
84.0,bike_flow_1.16,car_flow_1.17,25.41,10.9,2.33
84.0,bike_flow_1.16,car_flow_2.14,24.72,10.9,2.27
84.0,bike_flow_1.17,bike_flow_2.1,40.44,14.47,2.79
84.0,bike_flow_1.17,bike_flow_2.2,41.76,14.47,2.89
84.0,bike_flow_1.17,car_flow_1.17,24.44,14.47,1.69
84.0,bike_flow_1.17,car_flow_1.18,27.26,14.47,1.88
84.0,bike_flow_1.17,car_flow_2.13,3.55,14.47,0.25
84.0,bike_flow_1.18,car_flow_1.18,29.8,13.51,2.21
84.0,car_flow_1.16,car_flow_2.14,5.2,10.61,0.49
84.0,car_flow_1.17,car_flow_2.13,23.12,12.92,1.79
84.0,car_flow_1.18,car_flow_2.13,28.98,13.15,2.2
85.0,auto_flow_1.12,bike_flow_1.18,18.94,10.04,1.89
85.0,auto_flow_1.12,car_flow_1.18,12.78,10.04,1.27
85.0,auto_flow_1.12,car_flow_2.13,18.36,10.04,1.83
85.0,auto_flow_1.13,bike_flow_1.16,15.02,10.08,1.49
85.0,auto_flow_1.13,bike_flow_2.1,9.14,10.08,0.91
85.0,auto_flow_1.13,bike_flow_2.2,12.77,10.08,1.27
85.0,auto_flow_1.13,bike_flow_2.3,16.83,10.08,1.67
85.0,auto_flow_1.13,bike_flow_2.4,21.08,10.08,2.09
85.0,auto_flow_1.13,bike_flow_2.5,25.5,10.08,2.53
85.0,auto_flow_1.13,bike_flow_2.6,29.99,10.08,2.97
85.0,auto_flow_1.13,car_flow_1.17,8.37,10.08,0.83
85.0,auto_flow_1.13,car_flow_2.14,17.58,10.08,1.74
85.0,auto_flow_1.14,bike_flow_1.15,5.6,10.4,0.54
85.0,auto_flow_1.14,car_flow_1.16,14.53,10.4,1.4
85.0,auto_flow_1.14,car_flow_2.15,17.84,10.4,1.72
85.0,auto_flow_1.15,car_flow_2.15,23.9,11.0,2.17
85.0,bike_flow_1.15,car_flow_1.16,18.77,10.87,1.73
85.0,bike_flow_1.15,car_flow_2.15,13.63,10.87,1.25
85.0,bike_flow_1.16,bike_flow_2.1,23.16,10.37,2.23
85.0,bike_flow_1.16,bike_flow_2.2,25.4,10.37,2.45
85.0,bike_flow_1.16,bike_flow_2.3,28.18,10.37,2.72
85.0,bike_flow_1.16,car_flow_1.16,21.6,10.37,2.08
85.0,bike_flow_1.16,car_flow_1.17,22.4,10.37,2.16
85.0,bike_flow_1.16,car_flow_2.14,4.32,10.37,0.42
85.0,bike_flow_1.17,bike_flow_2.1,28.47,12.5,2.28
85.0,bike_flow_1.17,bike_flow_2.2,30.32,12.5,2.42
85.0,bike_flow_1.17,bike_flow_2.3,32.68,12.5,2.61
85.0,bike_flow_1.17,bike_flow_2.4,35.47,12.5,2.84
85.0,bike_flow_1.17,car_flow_1.17,25.32,12.5,2.03
85.0,bike_flow_1.17,car_flow_1.18,26.62,12.5,2.13
85.0,bike_flow_1.17,car_flow_2.13,20.88,12.5,1.67
85.0,bike_flow_1.18,car_flow_1.18,31.05,11.9,2.61
85.0,car_flow_1.16,car_flow_2.14,18.96,11.55,1.64
85.0,car_flow_1.16,car_flow_2.15,32.18,11.55,2.79
85.0,car_flow_1.17,car_flow_2.14,25.51,13.38,1.91
85.0,car_flow_1.18,car_flow_2.13,6.79,13.14,0.52
86.0,auto_flow_1.12,bike_flow_1.18,5.96,10.76,0.55
86.0,auto_flow_1.12,car_flow_1.19,17.11,10.76,1.59
86.0,auto_flow_1.12,car_flow_2.13,18.74,10.76,1.74
86.0,auto_flow_1.13,bike_flow_1.17,10.91,10.11,1.08
86.0,auto_flow_1.13,bike_flow_2.1,7.61,10.11,0.75
86.0,auto_flow_1.13,bike_flow_2.2,11.73,10.11,1.16
86.0,auto_flow_1.13,bike_flow_2.3,16.06,10.11,1.59
86.0,auto_flow_1.13,bike_flow_2.4,20.46,10.11,2.02
86.0,auto_flow_1.13,bike_flow_2.5,24.97,10.11,2.47
86.0,auto_flow_1.13,bike_flow_2.6,29.47,10.11,2.91
86.0,auto_flow_1.13,car_flow_1.17,14.59,10.11,1.44
86.0,auto_flow_1.13,car_flow_2.14,17.32,10.11,1.71
86.0,auto_flow_1.14,bike_flow_1.15,26.82,10.82,2.48
86.0,auto_flow_1.14,bike_flow_1.16,14.79,10.82,1.37
86.0,auto_flow_1.14,car_flow_1.16,8.09,10.82,0.75
86.0,auto_flow_1.14,car_flow_2.14,32.41,10.82,3.0
86.0,auto_flow_1.14,car_flow_2.15,17.8,10.82,1.65
86.0,auto_flow_1.15,bike_flow_1.15,16.3,9.94,1.64
86.0,auto_flow_1.15,car_flow_2.15,24.82,9.94,2.5
86.0,bike_flow_1.15,car_flow_1.16,19.2,11.22,1.71
86.0,bike_flow_1.15,car_flow_2.15,9.39,11.22,0.84
86.0,bike_flow_1.16,car_flow_1.16,21.88,10.51,2.08
86.0,bike_flow_1.16,car_flow_1.17,21.06,10.51,2.0
86.0,bike_flow_1.16,car_flow_2.14,18.25,10.51,1.74
86.0,bike_flow_1.17,bike_flow_2.1,17.28,12.51,1.38
86.0,bike_flow_1.17,bike_flow_2.2,20.17,12.51,1.61
86.0,bike_flow_1.17,bike_flow_2.3,23.58,12.51,1.89
86.0,bike_flow_1.17,bike_flow_2.4,27.31,12.51,2.18
86.0,bike_flow_1.17,bike_flow_2.5,31.3,12.51,2.5
86.0,bike_flow_1.17,bike_flow_2.6,35.41,12.51,2.83
86.0,bike_flow_1.17,car_flow_1.17,24.67,12.51,1.97
86.0,bike_flow_1.17,car_flow_1.18,25.38,12.51,2.03
86.0,bike_flow_1.17,car_flow_2.14,27.94,12.51,2.23
86.0,bike_flow_1.18,car_flow_1.18,31.85,12.94,2.46
86.0,bike_flow_1.18,car_flow_1.19,21.84,12.94,1.69
86.0,bike_flow_1.18,car_flow_2.13,14.08,12.94,1.09
86.0,car_flow_1.16,car_flow_2.15,10.85,10.79,1.01
86.0,car_flow_1.17,car_flow_2.14,4.45,11.86,0.37
86.0,car_flow_1.18,car_flow_2.13,18.42,13.74,1.34
86.0,car_flow_1.19,car_flow_2.13,35.69,13.06,2.73
87.0,auto_flow_1.12,bike_flow_1.18,29.53,10.36,2.85
87.0,auto_flow_1.12,car_flow_1.19,7.31,10.36,0.71
87.0,auto_flow_1.12,car_flow_2.13,17.78,10.36,1.72
87.0,auto_flow_1.13,bike_flow_1.17,11.92,10.59,1.13
87.0,auto_flow_1.13,bike_flow_2.1,15.83,10.59,1.49
87.0,auto_flow_1.13,bike_flow_2.2,18.17,10.59,1.72
87.0,auto_flow_1.13,bike_flow_2.3,21.22,10.59,2.0
87.0,auto_flow_1.13,bike_flow_2.4,24.72,10.59,2.33
87.0,auto_flow_1.13,bike_flow_2.5,28.52,10.59,2.69
87.0,auto_flow_1.13,car_flow_1.18,11.82,10.59,1.12
87.0,auto_flow_1.13,car_flow_2.14,17.51,10.59,1.65
87.0,auto_flow_1.14,bike_flow_1.16,7.67,10.61,0.72
87.0,auto_flow_1.14,car_flow_1.16,29.24,10.61,2.76
87.0,auto_flow_1.14,car_flow_1.17,13.6,10.61,1.28
87.0,auto_flow_1.14,car_flow_2.15,17.82,10.61,1.68
87.0,auto_flow_1.15,bike_flow_1.15,5.11,9.79,0.52
87.0,auto_flow_1.15,car_flow_1.16,14.73,9.79,1.51
87.0,auto_flow_1.15,car_flow_2.15,25.62,9.79,2.62
87.0,auto_flow_1.15,car_flow_2.16,17.73,9.79,1.81
87.0,bike_flow_1.15,car_flow_1.16,18.36,10.19,1.8
87.0,bike_flow_1.15,car_flow_2.15,29.78,10.19,2.92
87.0,bike_flow_1.15,car_flow_2.16,14.11,10.19,1.39
87.0,bike_flow_1.16,car_flow_1.16,22.09,10.81,2.04
87.0,bike_flow_1.16,car_flow_1.17,20.19,10.81,1.87
87.0,bike_flow_1.16,car_flow_2.15,11.31,10.81,1.05
87.0,bike_flow_1.17,bike_flow_2.1,10.22,11.33,0.9
87.0,bike_flow_1.17,bike_flow_2.2,14.59,11.33,1.29
87.0,bike_flow_1.17,bike_flow_2.3,19.03,11.33,1.68
87.0,bike_flow_1.17,bike_flow_2.4,23.49,11.33,2.07
87.0,bike_flow_1.17,bike_flow_2.5,27.98,11.33,2.47
87.0,bike_flow_1.17,bike_flow_2.6,32.53,11.33,2.87
87.0,bike_flow_1.17,car_flow_1.17,25.02,11.33,2.21
87.0,bike_flow_1.17,car_flow_1.18,22.87,11.33,2.02
87.0,bike_flow_1.17,car_flow_2.14,6.82,11.33,0.6
87.0,bike_flow_1.18,car_flow_1.18,31.73,13.97,2.27
87.0,bike_flow_1.18,car_flow_1.19,22.78,13.97,1.63
87.0,bike_flow_1.18,car_flow_2.13,12.01,13.97,0.86
87.0,car_flow_1.16,car_flow_2.15,11.69,11.02,1.06
87.0,car_flow_1.16,car_flow_2.16,32.26,11.02,2.93
87.0,car_flow_1.17,car_flow_2.14,19.26,11.67,1.65
87.0,car_flow_1.17,car_flow_2.15,31.2,11.67,2.67
87.0,car_flow_1.18,car_flow_2.14,29.07,13.84,2.1
87.0,car_flow_1.19,car_flow_2.13,11.65,13.02,0.89
88.0,auto_flow_1.12,car_flow_1.19,29.96,10.06,2.98
88.0,auto_flow_1.12,car_flow_2.13,17.61,10.06,1.75
88.0,auto_flow_1.13,bike_flow_1.18,21.04,10.54,2.0
88.0,auto_flow_1.13,bike_flow_2.1,25.79,10.54,2.45
88.0,auto_flow_1.13,bike_flow_2.2,27.29,10.54,2.59
88.0,auto_flow_1.13,bike_flow_2.3,29.41,10.54,2.79
88.0,auto_flow_1.13,car_flow_1.18,12.09,10.54,1.15
88.0,auto_flow_1.13,car_flow_2.14,17.31,10.54,1.64
88.0,auto_flow_1.14,bike_flow_1.16,28.18,10.6,2.66
88.0,auto_flow_1.14,bike_flow_1.17,16.09,10.6,1.52
88.0,auto_flow_1.14,bike_flow_2.1,25.6,10.6,2.42
88.0,auto_flow_1.14,bike_flow_2.2,27.11,10.6,2.56
88.0,auto_flow_1.14,bike_flow_2.3,29.25,10.6,2.76
88.0,auto_flow_1.14,car_flow_1.17,9.22,10.6,0.87
88.0,auto_flow_1.14,car_flow_2.15,17.38,10.6,1.64
88.0,auto_flow_1.15,bike_flow_1.15,23.87,10.0,2.39
88.0,auto_flow_1.15,bike_flow_1.16,16.36,10.0,1.64
88.0,auto_flow_1.15,car_flow_1.16,6.88,10.0,0.69
88.0,auto_flow_1.15,car_flow_2.15,26.66,10.0,2.67
88.0,auto_flow_1.15,car_flow_2.16,17.41,10.0,1.74
88.0,bike_flow_1.15,car_flow_1.16,17.56,9.68,1.82
88.0,bike_flow_1.15,car_flow_2.16,7.02,9.68,0.73
88.0,bike_flow_1.16,car_flow_1.16,22.14,10.42,2.12
88.0,bike_flow_1.16,car_flow_1.17,19.35,10.42,1.86
88.0,bike_flow_1.16,car_flow_2.15,11.08,10.42,1.06
88.0,bike_flow_1.17,bike_flow_2.1,13.28,11.86,1.12
88.0,bike_flow_1.17,bike_flow_2.2,16.88,11.86,1.42
88.0,bike_flow_1.17,bike_flow_2.3,20.83,11.86,1.76
88.0,bike_flow_1.17,bike_flow_2.4,24.97,11.86,2.1
88.0,bike_flow_1.17,bike_flow_2.5,29.23,11.86,2.46
88.0,bike_flow_1.17,bike_flow_2.6,33.59,11.86,2.83
88.0,bike_flow_1.17,car_flow_1.17,24.42,11.86,2.06
88.0,bike_flow_1.17,car_flow_1.18,22.23,11.86,1.87
88.0,bike_flow_1.17,car_flow_2.14,16.9,11.86,1.42
88.0,bike_flow_1.17,car_flow_2.15,33.31,11.86,2.81
88.0,bike_flow_1.18,car_flow_1.18,32.46,11.78,2.76
88.0,bike_flow_1.18,car_flow_1.19,21.4,11.78,1.82
88.0,bike_flow_1.18,car_flow_2.13,33.73,11.78,2.86
88.0,car_flow_1.16,car_flow_2.16,11.76,10.48,1.12
88.0,car_flow_1.17,car_flow_2.15,9.31,11.26,0.83
88.0,car_flow_1.18,car_flow_2.14,6.49,12.5,0.52
88.0,car_flow_1.19,car_flow_2.13,12.59,13.15,0.96
89.0,auto_flow_1.13,bike_flow_1.18,3.5,9.7,0.36
89.0,auto_flow_1.13,car_flow_1.19,20.55,9.7,2.12
89.0,auto_flow_1.13,car_flow_2.14,16.09,9.7,1.66
89.0,auto_flow_1.14,bike_flow_1.17,7.58,10.38,0.73
89.0,auto_flow_1.14,bike_flow_2.1,15.8,10.38,1.52
89.0,auto_flow_1.14,bike_flow_2.2,18.15,10.38,1.75
89.0,auto_flow_1.14,bike_flow_2.3,21.2,10.38,2.04
89.0,auto_flow_1.14,bike_flow_2.4,24.7,10.38,2.38
89.0,auto_flow_1.14,bike_flow_2.5,28.49,10.38,2.74
89.0,auto_flow_1.14,car_flow_1.17,29.77,10.38,2.87
89.0,auto_flow_1.14,car_flow_1.18,15.46,10.38,1.49
89.0,auto_flow_1.14,car_flow_2.15,17.37,10.38,1.67
89.0,auto_flow_1.15,bike_flow_1.16,5.4,9.86,0.55
89.0,auto_flow_1.15,car_flow_1.16,26.04,9.86,2.64
89.0,auto_flow_1.15,car_flow_1.17,15.3,9.86,1.55
89.0,auto_flow_1.15,car_flow_2.15,27.2,9.86,2.76
89.0,auto_flow_1.15,car_flow_2.16,16.67,9.86,1.69
89.0,auto_flow_1.16,car_flow_1.16,14.11,10.31,1.37
89.0,auto_flow_1.16,car_flow_2.16,22.92,10.31,2.22
89.0,bike_flow_1.16,car_flow_1.16,21.5,10.53,2.04
89.0,bike_flow_1.16,car_flow_1.17,19.31,10.53,1.83
89.0,bike_flow_1.16,car_flow_2.16,12.73,10.53,1.21
89.0,bike_flow_1.17,bike_flow_2.1,23.38,12.26,1.91
89.0,bike_flow_1.17,bike_flow_2.2,25.59,12.26,2.09
89.0,bike_flow_1.17,bike_flow_2.3,28.35,12.26,2.31
89.0,bike_flow_1.17,bike_flow_2.4,31.52,12.26,2.57
89.0,bike_flow_1.17,bike_flow_2.5,34.98,12.26,2.85
89.0,bike_flow_1.17,car_flow_1.17,22.73,12.26,1.85
89.0,bike_flow_1.17,car_flow_1.18,22.0,12.26,1.79
89.0,bike_flow_1.17,car_flow_2.15,10.97,12.26,0.9
89.0,bike_flow_1.18,bike_flow_2.1,34.62,12.52,2.77
89.0,bike_flow_1.18,bike_flow_2.2,36.15,12.52,2.89
89.0,bike_flow_1.18,car_flow_1.18,32.43,12.52,2.59
89.0,bike_flow_1.18,car_flow_1.19,21.72,12.52,1.74
89.0,bike_flow_1.18,car_flow_2.14,15.01,12.52,1.2
89.0,bike_flow_1.19,car_flow_2.13,7.8,12.36,0.63
89.0,car_flow_1.16,car_flow_2.16,9.72,9.89,0.98
89.0,car_flow_1.17,car_flow_2.15,12.64,10.57,1.2
89.0,car_flow_1.18,car_flow_2.14,18.04,12.49,1.44
89.0,car_flow_1.18,car_flow_2.15,32.65,12.49,2.61
89.0,car_flow_1.19,car_flow_2.13,34.41,12.2,2.82
89.0,car_flow_1.19,car_flow_2.14,36.53,12.2,2.99
90.0,auto_flow_1.13,bike_flow_1.18,23.71,10.37,2.29
90.0,auto_flow_1.13,car_flow_1.19,4.47,10.37,0.43
90.0,auto_flow_1.13,car_flow_2.14,17.32,10.37,1.67
90.0,auto_flow_1.14,bike_flow_1.17,28.49,10.65,2.68
90.0,auto_flow_1.14,bike_flow_1.18,25.42,10.65,2.39
90.0,auto_flow_1.14,bike_flow_2.1,7.57,10.65,0.71
90.0,auto_flow_1.14,bike_flow_2.2,11.7,10.65,1.1
90.0,auto_flow_1.14,bike_flow_2.3,16.04,10.65,1.51
90.0,auto_flow_1.14,bike_flow_2.4,20.44,10.65,1.92
90.0,auto_flow_1.14,bike_flow_2.5,24.88,10.65,2.34
90.0,auto_flow_1.14,bike_flow_2.6,29.35,10.65,2.76
90.0,auto_flow_1.14,car_flow_1.18,8.76,10.65,0.82
90.0,auto_flow_1.14,car_flow_2.14,31.39,10.65,2.95
90.0,auto_flow_1.14,car_flow_2.15,17.78,10.65,1.67
90.0,auto_flow_1.15,bike_flow_1.16,25.39,10.03,2.53
90.0,auto_flow_1.15,bike_flow_1.17,17.17,10.03,1.71
90.0,auto_flow_1.15,car_flow_1.17,6.7,10.03,0.67
90.0,auto_flow_1.15,car_flow_2.15,27.4,10.03,2.73
90.0,auto_flow_1.15,car_flow_2.16,17.36,10.03,1.73
90.0,auto_flow_1.16,bike_flow_1.16,14.48,10.31,1.4
90.0,auto_flow_1.16,car_flow_1.16,8.99,10.31,0.87
90.0,auto_flow_1.16,car_flow_2.16,21.95,10.31,2.13
90.0,bike_flow_1.16,car_flow_1.16,22.53,10.81,2.08
90.0,bike_flow_1.16,car_flow_1.17,19.3,10.81,1.79
90.0,bike_flow_1.16,car_flow_2.16,8.46,10.81,0.78
90.0,bike_flow_1.17,car_flow_1.17,22.76,10.79,2.11
90.0,bike_flow_1.17,car_flow_1.18,20.16,10.79,1.87
90.0,bike_flow_1.17,car_flow_2.15,11.01,10.79,1.02
90.0,bike_flow_1.18,bike_flow_2.1,23.64,11.69,2.02
90.0,bike_flow_1.18,bike_flow_2.2,25.83,11.69,2.21
90.0,bike_flow_1.18,bike_flow_2.3,28.57,11.69,2.44
90.0,bike_flow_1.18,bike_flow_2.4,31.71,11.69,2.71
90.0,bike_flow_1.18,car_flow_1.18,33.37,11.69,2.85
90.0,bike_flow_1.18,car_flow_1.19,20.38,11.69,1.74
90.0,bike_flow_1.18,car_flow_2.14,6.95,11.69,0.59
90.0,bike_flow_1.19,car_flow_1.19,40.11,14.3,2.81
90.0,car_flow_1.16,car_flow_2.16,30.52,11.84,2.58
90.0,car_flow_1.17,car_flow_2.16,11.91,10.82,1.1
90.0,car_flow_1.18,car_flow_2.15,10.14,12.64,0.8
90.0,car_flow_1.19,car_flow_2.14,14.56,13.04,1.12
91.0,auto_flow_1.13,bike_flow_1.19,13.71,10.67,1.29
91.0,auto_flow_1.13,car_flow_1.19,26.36,10.67,2.47
91.0,auto_flow_1.13,car_flow_2.14,17.22,10.67,1.61
91.0,auto_flow_1.14,bike_flow_1.18,3.39,9.8,0.35
91.0,auto_flow_1.14,bike_flow_2.1,8.99,9.8,0.92
91.0,auto_flow_1.14,bike_flow_2.2,12.67,9.8,1.29
91.0,auto_flow_1.14,bike_flow_2.3,16.75,9.8,1.71
91.0,auto_flow_1.14,bike_flow_2.4,21.01,9.8,2.14
91.0,auto_flow_1.14,bike_flow_2.5,25.35,9.8,2.59
91.0,auto_flow_1.14,car_flow_1.18,29.29,9.8,2.99
91.0,auto_flow_1.14,car_flow_1.19,23.62,9.8,2.41
91.0,auto_flow_1.14,car_flow_2.15,16.66,9.8,1.7
91.0,auto_flow_1.15,bike_flow_1.17,5.98,10.63,0.56
91.0,auto_flow_1.15,car_flow_1.17,27.36,10.63,2.57
91.0,auto_flow_1.15,car_flow_1.18,15.58,10.63,1.47
91.0,auto_flow_1.15,car_flow_2.15,27.7,10.63,2.61
91.0,auto_flow_1.15,car_flow_2.16,17.72,10.63,1.67
91.0,auto_flow_1.16,bike_flow_1.16,7.78,10.17,0.76
91.0,auto_flow_1.16,car_flow_1.17,12.99,10.17,1.28
91.0,auto_flow_1.16,car_flow_2.16,22.04,10.17,2.17
91.0,auto_flow_1.16,car_flow_2.17,18.48,10.17,1.82
91.0,bike_flow_1.16,car_flow_1.17,19.68,11.03,1.78
91.0,bike_flow_1.16,car_flow_2.16,29.31,11.03,2.66
91.0,bike_flow_1.16,car_flow_2.17,11.84,11.03,1.07
91.0,bike_flow_1.17,car_flow_1.17,22.11,11.29,1.96
91.0,bike_flow_1.17,car_flow_1.18,20.3,11.29,1.8
91.0,bike_flow_1.17,car_flow_2.15,32.91,11.29,2.91
91.0,bike_flow_1.17,car_flow_2.16,13.06,11.29,1.16
91.0,bike_flow_1.18,bike_flow_2.1,12.17,14.3,0.85
91.0,bike_flow_1.18,bike_flow_2.2,16.02,14.3,1.12
91.0,bike_flow_1.18,bike_flow_2.3,20.14,14.3,1.41
91.0,bike_flow_1.18,bike_flow_2.4,24.39,14.3,1.71
91.0,bike_flow_1.18,bike_flow_2.5,28.73,14.3,2.01
91.0,bike_flow_1.18,bike_flow_2.6,33.1,14.3,2.31
91.0,bike_flow_1.18,bike_flow_2.7,37.52,14.3,2.62
91.0,bike_flow_1.18,bike_flow_2.8,42.03,14.3,2.94
91.0,bike_flow_1.18,car_flow_1.18,30.22,14.3,2.11
91.0,bike_flow_1.18,car_flow_1.19,22.3,14.3,1.56
91.0,bike_flow_1.18,car_flow_2.14,31.4,14.3,2.2
91.0,bike_flow_1.18,car_flow_2.15,18.05,14.3,1.26
91.0,bike_flow_1.19,car_flow_1.20,24.29,13.0,1.87
91.0,bike_flow_1.19,car_flow_2.14,30.73,13.0,2.36
91.0,car_flow_1.17,car_flow_2.16,9.98,10.65,0.94
91.0,car_flow_1.17,car_flow_2.17,31.24,10.65,2.93
91.0,car_flow_1.18,car_flow_2.15,12.86,11.15,1.15
91.0,car_flow_1.18,car_flow_2.16,33.12,11.15,2.97
91.0,car_flow_1.19,car_flow_2.14,9.5,12.38,0.77
92.0,auto_flow_1.13,bike_flow_1.19,10.09,10.43,0.97
92.0,auto_flow_1.13,car_flow_1.20,14.19,10.43,1.36
92.0,auto_flow_1.13,car_flow_2.14,17.51,10.43,1.68
92.0,auto_flow_1.14,bike_flow_1.18,23.24,9.84,2.36
92.0,auto_flow_1.14,bike_flow_2.1,17.26,9.84,1.75
92.0,auto_flow_1.14,bike_flow_2.2,19.43,9.84,1.97
92.0,auto_flow_1.14,bike_flow_2.3,22.31,9.84,2.27
92.0,auto_flow_1.14,bike_flow_2.4,25.66,9.84,2.61
92.0,auto_flow_1.14,bike_flow_2.5,29.32,9.84,2.98
92.0,auto_flow_1.14,car_flow_1.19,3.2,9.84,0.33
92.0,auto_flow_1.14,car_flow_2.15,16.31,9.84,1.66
92.0,auto_flow_1.15,bike_flow_1.17,24.75,9.59,2.58
92.0,auto_flow_1.15,bike_flow_1.18,21.83,9.59,2.28
92.0,auto_flow_1.15,car_flow_1.18,7.09,9.59,0.74
92.0,auto_flow_1.15,car_flow_2.15,28.3,9.59,2.95
92.0,auto_flow_1.15,car_flow_2.16,16.75,9.59,1.75
92.0,auto_flow_1.16,bike_flow_1.16,29.42,10.25,2.87
92.0,auto_flow_1.16,bike_flow_1.17,14.91,10.25,1.46
92.0,auto_flow_1.16,car_flow_1.17,9.6,10.25,0.94
92.0,auto_flow_1.16,car_flow_2.16,22.36,10.25,2.18
92.0,auto_flow_1.16,car_flow_2.17,17.81,10.25,1.74
92.0,bike_flow_1.16,car_flow_1.17,20.19,11.91,1.7
92.0,bike_flow_1.16,car_flow_2.17,11.87,11.91,1.0
92.0,bike_flow_1.17,car_flow_1.17,23.61,9.9,2.39
92.0,bike_flow_1.17,car_flow_1.18,18.22,9.9,1.84
92.0,bike_flow_1.17,car_flow_2.16,8.42,9.9,0.85
92.0,bike_flow_1.18,bike_flow_2.1,12.09,14.28,0.85
92.0,bike_flow_1.18,bike_flow_2.2,15.96,14.28,1.12
92.0,bike_flow_1.18,bike_flow_2.3,20.09,14.28,1.41
92.0,bike_flow_1.18,bike_flow_2.4,24.35,14.28,1.71
92.0,bike_flow_1.18,bike_flow_2.5,28.69,14.28,2.01
92.0,bike_flow_1.18,bike_flow_2.6,33.07,14.28,2.32
92.0,bike_flow_1.18,bike_flow_2.7,37.49,14.28,2.62
92.0,bike_flow_1.18,bike_flow_2.8,41.99,14.28,2.94
92.0,bike_flow_1.18,car_flow_1.18,27.91,14.28,1.95
92.0,bike_flow_1.18,car_flow_1.19,22.99,14.28,1.61
92.0,bike_flow_1.18,car_flow_2.15,7.43,14.28,0.52
92.0,bike_flow_1.18,car_flow_2.16,38.47,14.28,2.69
92.0,bike_flow_1.19,car_flow_1.20,23.4,12.48,1.88
92.0,bike_flow_1.19,car_flow_2.14,8.55,12.48,0.69
92.0,car_flow_1.17,car_flow_2.16,31.57,11.4,2.77
92.0,car_flow_1.17,car_flow_2.17,9.32,11.4,0.82
92.0,car_flow_1.18,car_flow_2.15,34.77,11.98,2.9
92.0,car_flow_1.18,car_flow_2.16,10.91,11.98,0.91
92.0,car_flow_1.19,car_flow_2.14,32.84,13.59,2.42
92.0,car_flow_1.19,car_flow_2.15,16.6,13.59,1.22
92.0,car_flow_1.20,car_flow_2.14,31.49,13.37,2.36
93.0,auto_flow_1.13,bike_flow_1.20,20.25,10.2,1.98
93.0,auto_flow_1.13,car_flow_1.20,10.68,10.2,1.05
93.0,auto_flow_1.13,car_flow_2.14,17.46,10.2,1.71
93.0,auto_flow_1.14,bike_flow_1.19,17.39,10.73,1.62
93.0,auto_flow_1.14,bike_flow_2.1,27.48,10.73,2.56
93.0,auto_flow_1.14,bike_flow_2.2,28.9,10.73,2.69
93.0,auto_flow_1.14,bike_flow_2.3,30.91,10.73,2.88
93.0,auto_flow_1.14,car_flow_1.19,23.93,10.73,2.23
93.0,auto_flow_1.14,car_flow_2.14,32.16,10.73,3.0
93.0,auto_flow_1.14,car_flow_2.15,17.13,10.73,1.6
93.0,auto_flow_1.15,bike_flow_1.18,3.99,9.69,0.41
93.0,auto_flow_1.15,bike_flow_2.1,20.09,9.69,2.07
93.0,auto_flow_1.15,bike_flow_2.2,21.98,9.69,2.27
93.0,auto_flow_1.15,bike_flow_2.3,24.57,9.69,2.54
93.0,auto_flow_1.15,bike_flow_2.4,27.65,9.69,2.85
93.0,auto_flow_1.15,car_flow_1.18,26.69,9.69,2.75
93.0,auto_flow_1.15,car_flow_1.19,22.17,9.69,2.29
93.0,auto_flow_1.15,car_flow_2.15,28.53,9.69,2.94
93.0,auto_flow_1.15,car_flow_2.16,17.16,9.69,1.77
93.0,auto_flow_1.16,bike_flow_1.17,9.49,10.84,0.88
93.0,auto_flow_1.16,car_flow_1.17,32.09,10.84,2.96
93.0,auto_flow_1.16,car_flow_1.18,11.89,10.84,1.1
93.0,auto_flow_1.16,car_flow_2.16,20.79,10.84,1.92
93.0,auto_flow_1.16,car_flow_2.17,17.81,10.84,1.64
93.0,bike_flow_1.17,car_flow_1.17,22.99,12.65,1.82
93.0,bike_flow_1.17,car_flow_1.18,20.39,12.65,1.61
93.0,bike_flow_1.17,car_flow_2.16,29.9,12.65,2.36
93.0,bike_flow_1.17,car_flow_2.17,9.44,12.65,0.75
93.0,bike_flow_1.18,bike_flow_2.1,23.5,14.28,1.65
93.0,bike_flow_1.18,bike_flow_2.2,25.7,14.28,1.8
93.0,bike_flow_1.18,bike_flow_2.3,28.46,14.28,1.99
93.0,bike_flow_1.18,bike_flow_2.4,31.61,14.28,2.21
93.0,bike_flow_1.18,bike_flow_2.5,35.06,14.28,2.45
93.0,bike_flow_1.18,bike_flow_2.6,38.73,14.28,2.71
93.0,bike_flow_1.18,bike_flow_2.7,42.56,14.28,2.98
93.0,bike_flow_1.18,car_flow_1.18,24.12,14.28,1.69
93.0,bike_flow_1.18,car_flow_1.19,24.33,14.28,1.7
93.0,bike_flow_1.18,car_flow_2.15,31.07,14.28,2.18
93.0,bike_flow_1.18,car_flow_2.16,15.12,14.28,1.06
93.0,bike_flow_1.19,car_flow_1.20,22.35,12.76,1.75
93.0,bike_flow_1.19,car_flow_2.14,15.41,12.76,1.21
93.0,bike_flow_1.19,car_flow_2.15,34.37,12.76,2.69
93.0,bike_flow_1.20,car_flow_1.20,30.18,13.28,2.27
93.0,bike_flow_1.20,car_flow_2.14,37.6,13.28,2.83
93.0,car_flow_1.17,car_flow_2.17,14.47,12.03,1.2
93.0,car_flow_1.18,car_flow_2.16,9.87,10.49,0.94
93.0,car_flow_1.18,car_flow_2.17,29.44,10.49,2.81
93.0,car_flow_1.19,car_flow_2.15,7.32,12.95,0.57
93.0,car_flow_1.20,car_flow_2.14,7.95,13.81,0.58
94.0,auto_flow_1.13,bike_flow_1.20,5.42,10.21,0.53
94.0,auto_flow_1.13,car_flow_2.14,17.7,10.21,1.73
94.0,auto_flow_1.14,bike_flow_1.19,6.0,9.97,0.6
94.0,auto_flow_1.14,car_flow_1.20,16.71,9.97,1.68
94.0,auto_flow_1.14,car_flow_2.15,16.2,9.97,1.63
94.0,auto_flow_1.15,bike_flow_1.18,24.68,10.7,2.31
94.0,auto_flow_1.15,bike_flow_2.1,10.58,10.7,0.99
94.0,auto_flow_1.15,bike_flow_2.2,13.84,10.7,1.29
94.0,auto_flow_1.15,bike_flow_2.3,17.66,10.7,1.65
94.0,auto_flow_1.15,bike_flow_2.4,21.74,10.7,2.03
94.0,auto_flow_1.15,bike_flow_2.5,25.96,10.7,2.43
94.0,auto_flow_1.15,bike_flow_2.6,30.26,10.7,2.83
94.0,auto_flow_1.15,car_flow_1.19,3.69,10.7,0.34
94.0,auto_flow_1.15,car_flow_2.15,28.72,10.7,2.68
94.0,auto_flow_1.15,car_flow_2.16,18.03,10.7,1.68
94.0,auto_flow_1.16,bike_flow_1.18,15.52,9.0,1.72
94.0,auto_flow_1.16,car_flow_1.18,9.59,9.0,1.07
94.0,auto_flow_1.16,car_flow_2.16,21.62,9.0,2.4
94.0,auto_flow_1.16,car_flow_2.17,16.0,9.0,1.78
94.0,auto_flow_1.17,bike_flow_1.17,20.7,9.88,2.09
94.0,bike_flow_1.17,car_flow_1.18,21.08,12.18,1.73
94.0,bike_flow_1.17,car_flow_2.17,14.48,12.18,1.19
94.0,bike_flow_1.18,car_flow_1.18,24.23,11.38,2.13
94.0,bike_flow_1.18,car_flow_1.19,22.63,11.38,1.99
94.0,bike_flow_1.18,car_flow_2.16,7.19,11.38,0.63
94.0,bike_flow_1.18,car_flow_2.17,31.35,11.38,2.76
94.0,bike_flow_1.19,bike_flow_2.1,33.05,12.2,2.71
94.0,bike_flow_1.19,bike_flow_2.2,34.66,12.2,2.84
94.0,bike_flow_1.19,car_flow_1.20,21.48,12.2,1.76
94.0,bike_flow_1.19,car_flow_2.15,11.57,12.2,0.95
94.0,bike_flow_1.20,car_flow_1.20,29.09,14.17,2.05
94.0,bike_flow_1.20,car_flow_2.14,13.7,14.17,0.97
94.0,car_flow_1.18,car_flow_2.16,30.83,11.49,2.68
94.0,car_flow_1.18,car_flow_2.17,7.66,11.49,0.67
94.0,car_flow_1.19,car_flow_2.15,30.72,13.07,2.35
94.0,car_flow_1.19,car_flow_2.16,16.51,13.07,1.26
94.0,car_flow_1.20,car_flow_2.14,16.09,13.07,1.23
94.0,car_flow_1.20,car_flow_2.15,32.76,13.07,2.51
95.0,auto_flow_1.13,bike_flow_1.20,28.35,9.73,2.91
95.0,auto_flow_1.13,car_flow_1.21,4.35,9.73,0.45
95.0,auto_flow_1.13,car_flow_2.14,16.56,9.73,1.7
95.0,auto_flow_1.14,bike_flow_1.19,29.2,10.68,2.73
95.0,auto_flow_1.14,bike_flow_1.20,21.0,10.68,1.97
95.0,auto_flow_1.14,car_flow_1.20,7.84,10.68,0.73
95.0,auto_flow_1.14,car_flow_2.15,16.86,10.68,1.58
95.0,auto_flow_1.15,bike_flow_1.19,16.86,10.02,1.68
95.0,auto_flow_1.15,bike_flow_2.1,6.83,10.02,0.68
95.0,auto_flow_1.15,bike_flow_2.2,11.24,10.02,1.12
95.0,auto_flow_1.15,bike_flow_2.3,15.7,10.02,1.57
95.0,auto_flow_1.15,bike_flow_2.4,20.18,10.02,2.01
95.0,auto_flow_1.15,bike_flow_2.5,24.67,10.02,2.46
95.0,auto_flow_1.15,bike_flow_2.6,29.16,10.02,2.91
95.0,auto_flow_1.15,car_flow_1.19,24.92,10.02,2.49
95.0,auto_flow_1.15,car_flow_2.15,28.72,10.02,2.87
95.0,auto_flow_1.15,car_flow_2.16,17.33,10.02,1.73
95.0,auto_flow_1.16,bike_flow_1.18,7.7,10.0,0.77
95.0,auto_flow_1.16,car_flow_1.19,15.3,10.0,1.53
95.0,auto_flow_1.16,car_flow_2.16,22.34,10.0,2.23
95.0,auto_flow_1.16,car_flow_2.17,17.13,10.0,1.71
95.0,auto_flow_1.17,bike_flow_1.17,4.36,10.74,0.41
95.0,auto_flow_1.17,car_flow_1.18,17.98,10.74,1.67
95.0,bike_flow_1.17,car_flow_1.18,20.65,12.67,1.63
95.0,bike_flow_1.17,car_flow_2.17,35.79,12.67,2.83
95.0,bike_flow_1.18,car_flow_1.18,25.13,12.2,2.06
95.0,bike_flow_1.18,car_flow_1.19,21.97,12.2,1.8
95.0,bike_flow_1.18,car_flow_2.16,29.52,12.2,2.42
95.0,bike_flow_1.18,car_flow_2.17,10.62,12.2,0.87
95.0,bike_flow_1.19,bike_flow_2.1,20.76,13.27,1.56
95.0,bike_flow_1.19,bike_flow_2.2,23.22,13.27,1.75
95.0,bike_flow_1.19,bike_flow_2.3,26.24,13.27,1.98
95.0,bike_flow_1.19,bike_flow_2.4,29.63,13.27,2.23
95.0,bike_flow_1.19,bike_flow_2.5,33.29,13.27,2.51
95.0,bike_flow_1.19,bike_flow_2.6,37.13,13.27,2.8
95.0,bike_flow_1.19,car_flow_1.20,21.87,13.27,1.65
95.0,bike_flow_1.19,car_flow_2.15,12.58,13.27,0.95
95.0,bike_flow_1.19,car_flow_2.16,34.03,13.27,2.56
95.0,bike_flow_1.20,car_flow_1.20,27.91,14.06,1.99
95.0,bike_flow_1.20,car_flow_1.21,25.22,14.06,1.79
95.0,bike_flow_1.20,car_flow_2.14,12.04,14.06,0.86
95.0,bike_flow_1.20,car_flow_2.15,37.75,14.06,2.68
95.0,car_flow_1.18,car_flow_2.17,15.34,13.1,1.17
95.0,car_flow_1.19,car_flow_2.16,8.05,12.86,0.63
95.0,car_flow_1.19,car_flow_2.17,32.26,12.86,2.51
95.0,car_flow_1.20,car_flow_2.15,10.21,12.88,0.79
95.0,car_flow_1.21,car_flow_2.14,13.99,13.25,1.06
96.0,auto_flow_1.14,bike_flow_1.20,4.38,10.34,0.42
96.0,auto_flow_1.14,car_flow_1.21,23.51,10.34,2.27
96.0,auto_flow_1.14,car_flow_2.15,17.28,10.34,1.67
96.0,auto_flow_1.15,bike_flow_1.19,8.46,9.57,0.88
96.0,auto_flow_1.15,bike_flow_2.1,13.1,9.57,1.37
96.0,auto_flow_1.15,bike_flow_2.2,15.85,9.57,1.66
96.0,auto_flow_1.15,bike_flow_2.3,19.27,9.57,2.01
96.0,auto_flow_1.15,bike_flow_2.4,23.07,9.57,2.41
96.0,auto_flow_1.15,bike_flow_2.5,27.08,9.57,2.83
96.0,auto_flow_1.15,car_flow_1.20,15.4,9.57,1.61
96.0,auto_flow_1.15,car_flow_2.16,16.71,9.57,1.75
96.0,auto_flow_1.16,bike_flow_1.18,29.8,10.04,2.97
96.0,auto_flow_1.16,bike_flow_2.1,28.66,10.04,2.86
96.0,auto_flow_1.16,bike_flow_2.2,30.02,10.04,2.99
96.0,auto_flow_1.16,car_flow_1.19,9.08,10.04,0.91
96.0,auto_flow_1.16,car_flow_2.16,22.5,10.04,2.24
96.0,auto_flow_1.16,car_flow_2.17,17.06,10.04,1.7
96.0,auto_flow_1.17,bike_flow_1.18,20.35,10.14,2.01
96.0,auto_flow_1.17,car_flow_1.18,6.24,10.14,0.62
96.0,auto_flow_1.17,car_flow_2.18,18.88,10.14,1.86
96.0,bike_flow_1.18,car_flow_1.18,25.46,12.59,2.02
96.0,bike_flow_1.18,car_flow_1.19,21.13,12.59,1.68
96.0,bike_flow_1.18,car_flow_2.17,12.98,12.59,1.03
96.0,bike_flow_1.19,bike_flow_2.1,10.4,14.81,0.7
96.0,bike_flow_1.19,bike_flow_2.2,14.72,14.81,0.99
96.0,bike_flow_1.19,bike_flow_2.3,19.12,14.81,1.29
96.0,bike_flow_1.19,bike_flow_2.4,23.56,14.81,1.59
96.0,bike_flow_1.19,bike_flow_2.5,28.02,14.81,1.89
96.0,bike_flow_1.19,bike_flow_2.6,32.49,14.81,2.19
96.0,bike_flow_1.19,bike_flow_2.7,36.97,14.81,2.5
96.0,bike_flow_1.19,bike_flow_2.8,41.46,14.81,2.8
96.0,bike_flow_1.19,car_flow_1.19,39.88,14.81,2.69
96.0,bike_flow_1.19,car_flow_1.20,22.9,14.81,1.55
96.0,bike_flow_1.19,car_flow_2.15,37.03,14.81,2.5
96.0,bike_flow_1.19,car_flow_2.16,9.43,14.81,0.64
96.0,bike_flow_1.20,car_flow_1.20,28.29,13.4,2.11
96.0,bike_flow_1.20,car_flow_1.21,26.28,13.4,1.96
96.0,bike_flow_1.20,car_flow_2.14,34.66,13.4,2.59
96.0,bike_flow_1.20,car_flow_2.15,14.65,13.4,1.09
96.0,car_flow_1.18,car_flow_2.17,38.17,12.91,2.96
96.0,car_flow_1.18,car_flow_2.18,13.89,12.91,1.08
96.0,car_flow_1.19,car_flow_2.16,31.17,13.43,2.32
96.0,car_flow_1.19,car_flow_2.17,9.14,13.43,0.68
96.0,car_flow_1.20,car_flow_2.15,14.35,13.78,1.04
96.0,car_flow_1.20,car_flow_2.16,31.93,13.78,2.32
96.0,car_flow_1.21,car_flow_2.14,8.84,12.35,0.72
97.0,auto_flow_1.14,bike_flow_1.20,27.76,9.67,2.87
97.0,auto_flow_1.14,car_flow_1.21,3.39,9.67,0.35
97.0,auto_flow_1.14,car_flow_2.15,16.83,9.67,1.74
97.0,auto_flow_1.15,bike_flow_1.20,18.51,10.21,1.81
97.0,auto_flow_1.15,bike_flow_2.1,22.51,10.21,2.21
97.0,auto_flow_1.15,bike_flow_2.2,24.22,10.21,2.37
97.0,auto_flow_1.15,bike_flow_2.3,26.58,10.21,2.6
97.0,auto_flow_1.15,bike_flow_2.4,29.45,10.21,2.89
97.0,auto_flow_1.15,car_flow_1.20,9.44,10.21,0.93
97.0,auto_flow_1.15,car_flow_2.15,28.98,10.21,2.84
97.0,auto_flow_1.15,car_flow_2.16,16.84,10.21,1.65
97.0,auto_flow_1.16,bike_flow_1.19,7.96,9.85,0.81
97.0,auto_flow_1.16,bike_flow_2.1,19.22,9.85,1.95
97.0,auto_flow_1.16,bike_flow_2.2,21.19,9.85,2.15
97.0,auto_flow_1.16,bike_flow_2.3,23.86,9.85,2.42
97.0,auto_flow_1.16,bike_flow_2.4,27.02,9.85,2.74
97.0,auto_flow_1.16,car_flow_2.16,22.73,9.85,2.31
97.0,auto_flow_1.16,car_flow_2.17,17.1,9.85,1.74
97.0,auto_flow_1.17,bike_flow_1.18,5.49,10.54,0.52
97.0,auto_flow_1.17,car_flow_1.18,29.71,10.54,2.82
97.0,auto_flow_1.17,car_flow_1.19,17.93,10.54,1.7
97.0,auto_flow_1.17,car_flow_2.18,18.83,10.54,1.79
97.0,bike_flow_1.18,car_flow_1.18,25.07,14.02,1.79
97.0,bike_flow_1.18,car_flow_1.19,22.11,14.02,1.58
97.0,bike_flow_1.18,car_flow_2.17,36.54,14.02,2.61
97.0,bike_flow_1.18,car_flow_2.18,14.71,14.02,1.05
97.0,bike_flow_1.19,bike_flow_2.1,14.55,14.24,1.02
97.0,bike_flow_1.19,bike_flow_2.2,17.9,14.24,1.26
97.0,bike_flow_1.19,bike_flow_2.3,21.66,14.24,1.52
97.0,bike_flow_1.19,bike_flow_2.4,25.67,14.24,1.8
97.0,bike_flow_1.19,bike_flow_2.5,29.81,14.24,2.09
97.0,bike_flow_1.19,bike_flow_2.6,34.05,14.24,2.39
97.0,bike_flow_1.19,bike_flow_2.7,38.35,14.24,2.69
97.0,bike_flow_1.19,bike_flow_2.8,42.69,14.24,3.0
97.0,bike_flow_1.19,car_flow_1.19,38.68,14.24,2.72
97.0,bike_flow_1.19,car_flow_1.20,23.4,14.24,1.64
97.0,bike_flow_1.19,car_flow_2.16,15.77,14.24,1.11
97.0,bike_flow_1.19,car_flow_2.17,24.6,14.24,1.73
97.0,bike_flow_1.20,bike_flow_2.1,40.94,14.92,2.74
97.0,bike_flow_1.20,bike_flow_2.2,42.25,14.92,2.83
97.0,bike_flow_1.20,bike_flow_2.3,43.98,14.92,2.95
97.0,bike_flow_1.20,car_flow_1.20,27.12,14.92,1.82
97.0,bike_flow_1.20,car_flow_1.21,28.7,14.92,1.92
97.0,bike_flow_1.20,car_flow_2.15,11.21,14.92,0.75
97.0,bike_flow_1.20,car_flow_2.16,35.22,14.92,2.36
97.0,bike_flow_1.21,car_flow_1.21,27.85,13.72,2.03
97.0,car_flow_1.18,car_flow_2.18,11.18,13.64,0.82
97.0,car_flow_1.19,car_flow_2.17,14.64,13.04,1.12
97.0,car_flow_1.19,car_flow_2.18,36.61,13.04,2.81
97.0,car_flow_1.20,car_flow_2.15,38.0,13.75,2.76
97.0,car_flow_1.20,car_flow_2.16,8.58,13.75,0.62
97.0,car_flow_1.21,car_flow_2.15,18.23,12.5,1.46
98.0,auto_flow_1.14,bike_flow_1.21,4.74,10.85,0.44
98.0,auto_flow_1.14,car_flow_1.21,22.81,10.85,2.1
98.0,auto_flow_1.14,car_flow_1.22,15.45,10.85,1.42
98.0,auto_flow_1.14,car_flow_2.15,17.64,10.85,1.63
98.0,auto_flow_1.15,bike_flow_1.20,6.22,10.03,0.62
98.0,auto_flow_1.15,car_flow_1.21,24.26,10.03,2.42
98.0,auto_flow_1.15,car_flow_2.15,28.99,10.03,2.89
98.0,auto_flow_1.15,car_flow_2.16,16.54,10.03,1.65
98.0,auto_flow_1.16,bike_flow_1.19,18.45,10.71,1.72
98.0,auto_flow_1.16,bike_flow_2.1,9.87,10.71,0.92
98.0,auto_flow_1.16,bike_flow_2.2,13.31,10.71,1.24
98.0,auto_flow_1.16,bike_flow_2.3,17.24,10.71,1.61
98.0,auto_flow_1.16,bike_flow_2.4,21.4,10.71,2.0
98.0,auto_flow_1.16,bike_flow_2.5,25.68,10.71,2.4
98.0,auto_flow_1.16,bike_flow_2.6,30.02,10.71,2.8
98.0,auto_flow_1.16,car_flow_1.20,7.29,10.71,0.68
98.0,auto_flow_1.16,car_flow_2.16,22.36,10.71,2.09
98.0,auto_flow_1.16,car_flow_2.17,17.65,10.71,1.65
98.0,auto_flow_1.17,bike_flow_1.18,28.24,9.59,2.94
98.0,auto_flow_1.17,car_flow_1.19,6.02,9.59,0.63
98.0,auto_flow_1.17,car_flow_2.18,17.5,9.59,1.83
98.0,bike_flow_1.18,car_flow_1.19,22.96,14.0,1.64
98.0,bike_flow_1.18,car_flow_2.18,11.03,14.0,0.79
98.0,bike_flow_1.19,bike_flow_2.1,27.33,14.76,1.85
98.0,bike_flow_1.19,bike_flow_2.2,29.25,14.76,1.98
98.0,bike_flow_1.19,bike_flow_2.3,31.69,14.76,2.15
98.0,bike_flow_1.19,bike_flow_2.4,34.56,14.76,2.34
98.0,bike_flow_1.19,bike_flow_2.5,37.74,14.76,2.56
98.0,bike_flow_1.19,bike_flow_2.6,41.17,14.76,2.79
98.0,bike_flow_1.19,car_flow_1.19,37.08,14.76,2.51
98.0,bike_flow_1.19,car_flow_1.20,24.73,14.76,1.68
98.0,bike_flow_1.19,car_flow_2.16,40.66,14.76,2.76
98.0,bike_flow_1.19,car_flow_2.17,3.24,14.76,0.22
98.0,bike_flow_1.20,bike_flow_2.1,27.99,13.54,2.07
98.0,bike_flow_1.20,bike_flow_2.2,29.86,13.54,2.21
98.0,bike_flow_1.20,bike_flow_2.3,32.26,13.54,2.38
98.0,bike_flow_1.20,bike_flow_2.4,35.08,13.54,2.59
98.0,bike_flow_1.20,bike_flow_2.5,38.21,13.54,2.82
98.0,bike_flow_1.20,car_flow_1.20,27.0,13.54,1.99
98.0,bike_flow_1.20,car_flow_1.21,29.38,13.54,2.17
98.0,bike_flow_1.20,car_flow_2.15,34.48,13.54,2.55
98.0,bike_flow_1.20,car_flow_2.16,11.65,13.54,0.86
98.0,bike_flow_1.21,car_flow_1.21,26.08,14.63,1.78
98.0,bike_flow_1.21,car_flow_1.22,11.63,14.63,0.79
98.0,bike_flow_1.21,car_flow_2.15,21.37,14.63,1.46
98.0,car_flow_1.19,car_flow_2.17,37.74,13.16,2.87
98.0,car_flow_1.19,car_flow_2.18,12.81,13.16,0.97
98.0,car_flow_1.20,car_flow_2.16,16.12,13.42,1.2
98.0,car_flow_1.20,car_flow_2.17,24.42,13.42,1.82
98.0,car_flow_1.21,car_flow_1.22,37.7,12.86,2.93
98.0,car_flow_1.21,car_flow_2.15,5.89,12.86,0.46
99.0,auto_flow_1.14,bike_flow_1.21,21.14,10.88,1.94
99.0,auto_flow_1.14,car_flow_1.22,6.29,10.88,0.58
99.0,auto_flow_1.14,car_flow_2.15,17.44,10.88,1.6
99.0,auto_flow_1.15,bike_flow_1.20,30.16,10.97,2.75
99.0,auto_flow_1.15,bike_flow_1.21,25.84,10.97,2.36
99.0,auto_flow_1.15,car_flow_1.21,3.28,10.97,0.3
99.0,auto_flow_1.15,car_flow_2.15,29.09,10.97,2.65
99.0,auto_flow_1.15,car_flow_2.16,17.89,10.97,1.63
99.0,auto_flow_1.16,bike_flow_1.20,9.78,10.64,0.92
99.0,auto_flow_1.16,bike_flow_2.1,7.38,10.64,0.69
99.0,auto_flow_1.16,bike_flow_2.2,11.58,10.64,1.09
99.0,auto_flow_1.16,bike_flow_2.3,15.95,10.64,1.5
99.0,auto_flow_1.16,bike_flow_2.4,20.37,10.64,1.91
99.0,auto_flow_1.16,bike_flow_2.5,24.83,10.64,2.33
99.0,auto_flow_1.16,bike_flow_2.6,29.29,10.64,2.75
99.0,auto_flow_1.16,car_flow_1.20,17.44,10.64,1.64
99.0,auto_flow_1.16,car_flow_2.16,21.33,10.64,2.0
99.0,auto_flow_1.16,car_flow_2.17,17.42,10.64,1.64
99.0,auto_flow_1.17,bike_flow_1.19,9.02,9.97,0.91
99.0,auto_flow_1.17,car_flow_1.19,28.56,9.97,2.86
99.0,auto_flow_1.17,car_flow_2.18,17.77,9.97,1.78
99.0,bike_flow_1.18,car_flow_1.19,23.72,14.07,1.69
99.0,bike_flow_1.18,car_flow_2.18,34.48,14.07,2.45
99.0,bike_flow_1.19,bike_flow_2.1,40.3,13.58,2.97
99.0,bike_flow_1.19,car_flow_1.19,36.81,13.58,2.71
99.0,bike_flow_1.19,car_flow_1.20,25.24,13.58,1.86
99.0,bike_flow_1.19,car_flow_2.17,25.17,13.58,1.85
99.0,bike_flow_1.19,car_flow_2.18,26.4,13.58,1.94
99.0,bike_flow_1.20,bike_flow_2.1,15.91,13.68,1.16
99.0,bike_flow_1.20,bike_flow_2.2,19.02,13.68,1.39
99.0,bike_flow_1.20,bike_flow_2.3,22.6,13.68,1.65
99.0,bike_flow_1.20,bike_flow_2.4,26.46,13.68,1.93
99.0,bike_flow_1.20,bike_flow_2.5,30.5,13.68,2.23
99.0,bike_flow_1.20,bike_flow_2.6,34.65,13.68,2.53
99.0,bike_flow_1.20,bike_flow_2.7,38.88,13.68,2.84
99.0,bike_flow_1.20,car_flow_1.20,26.38,13.68,1.93
99.0,bike_flow_1.20,car_flow_1.21,30.7,13.68,2.24
99.0,bike_flow_1.20,car_flow_2.16,12.51,13.68,0.91
99.0,bike_flow_1.20,car_flow_2.17,26.85,13.68,1.96
99.0,bike_flow_1.21,car_flow_1.21,24.92,13.51,1.84
99.0,bike_flow_1.21,car_flow_1.22,15.48,13.51,1.15
99.0,bike_flow_1.21,car_flow_2.15,4.71,13.51,0.35
99.0,car_flow_1.19,car_flow_2.18,11.08,13.31,0.83
99.0,car_flow_1.20,car_flow_2.16,38.61,13.06,2.96
99.0,car_flow_1.20,car_flow_2.17,3.21,13.06,0.25
99.0,car_flow_1.21,car_flow_2.15,28.56,12.36,2.31
99.0,car_flow_1.21,car_flow_2.16,18.88,12.36,1.53
99.0,car_flow_1.22,car_flow_2.15,12.44,9.66,1.29
100.0,auto_flow_1.15,bike_flow_1.21,4.71,9.58,0.49
100.0,auto_flow_1.15,car_flow_1.21,21.44,9.58,2.24
100.0,auto_flow_1.15,car_flow_1.22,21.65,9.58,2.26
100.0,auto_flow_1.15,car_flow_2.16,16.14,9.58,1.68
100.0,auto_flow_1.16,bike_flow_1.20,15.16,10.11,1.5
100.0,auto_flow_1.16,bike_flow_2.1,14.95,10.11,1.48
100.0,auto_flow_1.16,bike_flow_2.2,17.41,10.11,1.72
100.0,auto_flow_1.16,bike_flow_2.3,20.58,10.11,2.03
100.0,auto_flow_1.16,bike_flow_2.4,24.17,10.11,2.39
100.0,auto_flow_1.16,bike_flow_2.5,28.02,10.11,2.77
100.0,auto_flow_1.16,car_flow_1.21,17.78,10.11,1.76
100.0,auto_flow_1.16,car_flow_2.16,22.55,10.11,2.23
100.0,auto_flow_1.16,car_flow_2.17,17.19,10.11,1.7
100.0,auto_flow_1.17,bike_flow_1.19,16.02,9.6,1.67
100.0,auto_flow_1.17,car_flow_1.20,10.79,9.6,1.12
100.0,auto_flow_1.17,car_flow_2.18,16.75,9.6,1.75
100.0,bike_flow_1.19,car_flow_1.19,35.5,14.54,2.44
100.0,bike_flow_1.19,car_flow_1.20,26.0,14.54,1.79
100.0,bike_flow_1.19,car_flow_2.18,3.37,14.54,0.23
100.0,bike_flow_1.20,bike_flow_2.1,9.9,13.95,0.71
100.0,bike_flow_1.20,bike_flow_2.2,14.37,13.95,1.03
100.0,bike_flow_1.20,bike_flow_2.3,18.86,13.95,1.35
100.0,bike_flow_1.20,bike_flow_2.4,23.35,13.95,1.67
100.0,bike_flow_1.20,bike_flow_2.5,27.84,13.95,2.0
100.0,bike_flow_1.20,bike_flow_2.6,32.34,13.95,2.32
100.0,bike_flow_1.20,bike_flow_2.7,36.83,13.95,2.64
100.0,bike_flow_1.20,bike_flow_2.8,41.33,13.95,2.96
100.0,bike_flow_1.20,car_flow_1.20,26.22,13.95,1.88
100.0,bike_flow_1.20,car_flow_1.21,32.31,13.95,2.32
100.0,bike_flow_1.20,car_flow_2.16,37.51,13.95,2.69
100.0,bike_flow_1.20,car_flow_2.17,3.98,13.95,0.29
100.0,bike_flow_1.21,car_flow_1.21,24.66,12.6,1.96
100.0,bike_flow_1.21,car_flow_1.22,17.96,12.6,1.43
100.0,bike_flow_1.21,car_flow_2.15,26.69,12.6,2.12
100.0,bike_flow_1.21,car_flow_2.16,19.86,12.6,1.58
100.0,bike_flow_1.22,car_flow_1.22,22.78,11.69,1.95
100.0,bike_flow_1.22,car_flow_2.15,14.59,11.69,1.25
100.0,car_flow_1.19,car_flow_2.18,34.6,13.23,2.62
100.0,car_flow_1.20,car_flow_2.17,24.06,13.78,1.75
100.0,car_flow_1.20,car_flow_2.18,27.24,13.78,1.98
100.0,car_flow_1.21,car_flow_2.16,5.99,12.34,0.49
100.0,car_flow_1.21,car_flow_2.17,34.83,12.34,2.82
100.0,car_flow_1.22,car_flow_2.15,9.12,10.12,0.9
101.0,auto_flow_1.15,bike_flow_1.21,18.65,9.63,1.94
101.0,auto_flow_1.15,bike_flow_1.22,25.02,9.63,2.6
101.0,auto_flow_1.15,car_flow_1.22,3.91,9.63,0.41
101.0,auto_flow_1.15,car_flow_2.16,16.14,9.63,1.68
101.0,auto_flow_1.16,bike_flow_1.21,20.64,9.56,2.16
101.0,auto_flow_1.16,bike_flow_2.1,23.9,9.56,2.5
101.0,auto_flow_1.16,bike_flow_2.2,25.51,9.56,2.67
101.0,auto_flow_1.16,bike_flow_2.3,27.77,9.56,2.9
101.0,auto_flow_1.16,car_flow_1.21,6.14,9.56,0.64
101.0,auto_flow_1.16,car_flow_2.16,22.62,9.56,2.37
101.0,auto_flow_1.16,car_flow_2.17,17.03,9.56,1.78
101.0,auto_flow_1.17,bike_flow_1.20,12.06,10.51,1.15
101.0,auto_flow_1.17,bike_flow_2.1,28.21,10.51,2.68
101.0,auto_flow_1.17,bike_flow_2.2,29.58,10.51,2.82
101.0,auto_flow_1.17,car_flow_1.20,13.68,10.51,1.3
101.0,auto_flow_1.17,car_flow_2.18,17.88,10.51,1.7
101.0,bike_flow_1.19,car_flow_1.20,26.76,13.85,1.93
101.0,bike_flow_1.19,car_flow_2.18,22.41,13.85,1.62
101.0,bike_flow_1.20,bike_flow_2.1,18.59,14.38,1.29
101.0,bike_flow_1.20,bike_flow_2.2,21.31,14.38,1.48
101.0,bike_flow_1.20,bike_flow_2.3,24.56,14.38,1.71
101.0,bike_flow_1.20,bike_flow_2.4,28.15,14.38,1.96
101.0,bike_flow_1.20,bike_flow_2.5,31.98,14.38,2.22
101.0,bike_flow_1.20,bike_flow_2.6,35.96,14.38,2.5
101.0,bike_flow_1.20,bike_flow_2.7,40.05,14.38,2.78
101.0,bike_flow_1.20,car_flow_1.20,24.93,14.38,1.73
101.0,bike_flow_1.20,car_flow_1.21,33.53,14.38,2.33
101.0,bike_flow_1.20,car_flow_2.17,21.97,14.38,1.53
101.0,bike_flow_1.20,car_flow_2.18,29.68,14.38,2.06
101.0,bike_flow_1.21,car_flow_1.21,25.63,12.2,2.1
101.0,bike_flow_1.21,car_flow_1.22,20.62,12.2,1.69
101.0,bike_flow_1.21,car_flow_2.16,3.9,12.2,0.32
101.0,bike_flow_1.22,car_flow_1.22,22.57,9.75,2.32
101.0,bike_flow_1.22,car_flow_2.15,8.0,9.75,0.82
101.0,car_flow_1.20,car_flow_2.18,5.59,13.09,0.43
101.0,car_flow_1.21,car_flow_2.16,28.04,13.17,2.13
101.0,car_flow_1.21,car_flow_2.17,12.21,13.17,0.93
101.0,car_flow_1.22,car_flow_2.16,18.67,9.53,1.96
102.0,auto_flow_1.15,bike_flow_1.22,6.03,10.74,0.56
102.0,auto_flow_1.15,car_flow_1.22,18.55,10.74,1.73
102.0,auto_flow_1.15,car_flow_2.16,17.4,10.74,1.62
102.0,auto_flow_1.16,bike_flow_1.21,4.87,9.55,0.51
102.0,auto_flow_1.16,car_flow_1.21,27.52,9.55,2.88
102.0,auto_flow_1.16,car_flow_1.22,21.91,9.55,2.29
102.0,auto_flow_1.16,car_flow_2.16,22.54,9.55,2.36
102.0,auto_flow_1.16,car_flow_2.17,16.72,9.55,1.75
102.0,auto_flow_1.17,bike_flow_1.20,13.12,10.5,1.25
102.0,auto_flow_1.17,bike_flow_2.1,18.17,10.5,1.73
102.0,auto_flow_1.17,bike_flow_2.2,20.24,10.5,1.93
102.0,auto_flow_1.17,bike_flow_2.3,23.02,10.5,2.19
102.0,auto_flow_1.17,bike_flow_2.4,26.28,10.5,2.5
102.0,auto_flow_1.17,bike_flow_2.5,29.86,10.5,2.85
102.0,auto_flow_1.17,car_flow_1.21,22.34,10.5,2.13
102.0,auto_flow_1.17,car_flow_2.18,17.84,10.5,1.7
102.0,auto_flow_1.18,bike_flow_1.19,7.97,10.89,0.73
102.0,bike_flow_1.19,car_flow_1.20,25.93,12.83,2.02
102.0,bike_flow_1.20,bike_flow_2.1,31.23,13.86,2.25
102.0,bike_flow_1.20,bike_flow_2.2,32.92,13.86,2.38
102.0,bike_flow_1.20,bike_flow_2.3,35.11,13.86,2.53
102.0,bike_flow_1.20,bike_flow_2.4,37.72,13.86,2.72
102.0,bike_flow_1.20,bike_flow_2.5,40.65,13.86,2.93
102.0,bike_flow_1.20,car_flow_1.20,24.73,13.86,1.78
102.0,bike_flow_1.20,car_flow_1.21,34.84,13.86,2.51
102.0,bike_flow_1.20,car_flow_2.18,6.03,13.86,0.43
102.0,bike_flow_1.21,bike_flow_2.1,30.47,14.51,2.1
102.0,bike_flow_1.21,bike_flow_2.2,32.21,14.51,2.22
102.0,bike_flow_1.21,bike_flow_2.3,34.44,14.51,2.37
102.0,bike_flow_1.21,bike_flow_2.4,37.09,14.51,2.56
102.0,bike_flow_1.21,bike_flow_2.5,40.07,14.51,2.76
102.0,bike_flow_1.21,bike_flow_2.6,43.32,14.51,2.99
102.0,bike_flow_1.21,car_flow_1.21,23.67,14.51,1.63
102.0,bike_flow_1.21,car_flow_1.22,25.34,14.51,1.75
102.0,bike_flow_1.21,car_flow_2.16,26.41,14.51,1.82
102.0,bike_flow_1.21,car_flow_2.17,13.44,14.51,0.93
102.0,bike_flow_1.22,car_flow_1.22,23.39,8.97,2.61
102.0,bike_flow_1.22,car_flow_2.16,22.75,8.97,2.54
102.0,car_flow_1.20,car_flow_2.18,19.88,13.66,1.46
102.0,car_flow_1.21,car_flow_2.17,11.08,12.54,0.88
102.0,car_flow_1.22,car_flow_2.16,3.32,9.79,0.34
103.0,auto_flow_1.15,bike_flow_1.22,16.7,10.65,1.57
103.0,auto_flow_1.15,car_flow_1.23,10.67,10.65,1.0
103.0,auto_flow_1.15,car_flow_2.16,17.0,10.65,1.6
103.0,auto_flow_1.16,bike_flow_1.21,26.21,10.54,2.49
103.0,auto_flow_1.16,bike_flow_1.22,23.89,10.54,2.27
103.0,auto_flow_1.16,car_flow_1.22,3.42,10.54,0.32
103.0,auto_flow_1.16,car_flow_2.16,23.05,10.54,2.19
103.0,auto_flow_1.16,car_flow_2.17,17.16,10.54,1.63
103.0,auto_flow_1.17,bike_flow_1.21,24.4,9.79,2.49
103.0,auto_flow_1.17,bike_flow_2.1,9.72,9.79,0.99
103.0,auto_flow_1.17,bike_flow_2.2,13.2,9.79,1.35
103.0,auto_flow_1.17,bike_flow_2.3,17.16,9.79,1.75
103.0,auto_flow_1.17,bike_flow_2.4,21.33,9.79,2.18
103.0,auto_flow_1.17,bike_flow_2.5,25.62,9.79,2.62
103.0,auto_flow_1.17,car_flow_1.21,3.25,9.79,0.33
103.0,auto_flow_1.17,car_flow_2.18,16.91,9.79,1.73
103.0,auto_flow_1.18,bike_flow_1.19,16.49,10.39,1.59
103.0,auto_flow_1.18,car_flow_1.20,9.62,10.39,0.93
103.0,bike_flow_1.19,car_flow_1.20,25.25,13.09,1.93
103.0,bike_flow_1.20,car_flow_1.20,25.09,13.4,1.87
103.0,bike_flow_1.20,car_flow_1.21,35.36,13.4,2.64
103.0,bike_flow_1.20,car_flow_2.18,19.28,13.4,1.44
103.0,bike_flow_1.21,bike_flow_2.1,19.67,11.8,1.67
103.0,bike_flow_1.21,bike_flow_2.2,22.26,11.8,1.89
103.0,bike_flow_1.21,bike_flow_2.3,25.39,11.8,2.15
103.0,bike_flow_1.21,bike_flow_2.4,28.88,11.8,2.45
103.0,bike_flow_1.21,bike_flow_2.5,32.62,11.8,2.77
103.0,bike_flow_1.21,car_flow_1.21,24.76,11.8,2.1
103.0,bike_flow_1.21,car_flow_1.22,27.22,11.8,2.31
103.0,bike_flow_1.21,car_flow_2.17,9.41,11.8,0.8
103.0,bike_flow_1.22,car_flow_1.22,22.46,10.85,2.07
103.0,bike_flow_1.22,car_flow_1.23,26.56,10.85,2.45
103.0,bike_flow_1.22,car_flow_2.16,3.26,10.85,0.3
103.0,car_flow_1.21,car_flow_2.17,33.76,12.89,2.62
103.0,car_flow_1.21,car_flow_2.18,16.66,12.89,1.29
103.0,car_flow_1.22,car_flow_2.16,22.08,9.92,2.23
103.0,car_flow_1.22,car_flow_2.17,18.65,9.92,1.88
103.0,car_flow_1.23,car_flow_2.16,27.37,10.86,2.52
104.0,auto_flow_1.15,car_flow_1.23,11.93,9.68,1.23
104.0,auto_flow_1.15,car_flow_2.16,16.12,9.68,1.66
104.0,auto_flow_1.16,bike_flow_1.22,3.86,10.81,0.36
104.0,auto_flow_1.16,car_flow_1.22,19.28,10.81,1.78
104.0,auto_flow_1.16,car_flow_1.23,27.63,10.81,2.56
104.0,auto_flow_1.16,car_flow_2.16,22.82,10.81,2.11
104.0,auto_flow_1.16,car_flow_2.17,17.2,10.81,1.59
104.0,auto_flow_1.17,bike_flow_1.21,3.67,10.01,0.37
104.0,auto_flow_1.17,bike_flow_2.1,7.2,10.01,0.72
104.0,auto_flow_1.17,bike_flow_2.2,11.47,10.01,1.15
104.0,auto_flow_1.17,bike_flow_2.3,15.87,10.01,1.58
104.0,auto_flow_1.17,bike_flow_2.4,20.31,10.01,2.03
104.0,auto_flow_1.17,bike_flow_2.5,24.77,10.01,2.47
104.0,auto_flow_1.17,bike_flow_2.6,29.25,10.01,2.92
104.0,auto_flow_1.17,car_flow_1.21,23.21,10.01,2.32
104.0,auto_flow_1.17,car_flow_2.18,16.79,10.01,1.68
104.0,auto_flow_1.18,bike_flow_1.20,10.21,10.72,0.95
104.0,auto_flow_1.18,car_flow_1.20,15.27,10.72,1.42
104.0,auto_flow_1.18,car_flow_2.19,30.0,10.72,2.8
104.0,bike_flow_1.20,car_flow_1.20,24.62,13.75,1.79
104.0,bike_flow_1.20,car_flow_1.21,36.7,13.75,2.67
104.0,bike_flow_1.20,car_flow_2.19,39.82,13.75,2.9
104.0,bike_flow_1.21,bike_flow_2.1,10.85,12.39,0.88
104.0,bike_flow_1.21,bike_flow_2.2,15.04,12.39,1.21
104.0,bike_flow_1.21,bike_flow_2.3,19.37,12.39,1.56
104.0,bike_flow_1.21,bike_flow_2.4,23.77,12.39,1.92
104.0,bike_flow_1.21,bike_flow_2.5,28.19,12.39,2.27
104.0,bike_flow_1.21,bike_flow_2.6,32.64,12.39,2.63
104.0,bike_flow_1.21,bike_flow_2.7,37.1,12.39,2.99
104.0,bike_flow_1.21,car_flow_1.21,24.77,12.39,2.0
104.0,bike_flow_1.21,car_flow_1.22,30.19,12.39,2.44
104.0,bike_flow_1.21,car_flow_2.17,32.17,12.39,2.6
104.0,bike_flow_1.21,car_flow_2.18,18.85,12.39,1.52
104.0,bike_flow_1.22,car_flow_1.22,21.17,10.71,1.98
104.0,bike_flow_1.22,car_flow_1.23,25.29,10.71,2.36
104.0,bike_flow_1.22,car_flow_2.16,20.92,10.71,1.95
104.0,bike_flow_1.22,car_flow_2.17,19.61,10.71,1.83
104.0,car_flow_1.20,car_flow_2.19,15.41,13.28,1.16
104.0,car_flow_1.21,car_flow_2.18,6.97,12.41,0.56
104.0,car_flow_1.22,car_flow_2.17,3.68,9.42,0.39
104.0,car_flow_1.23,car_flow_2.16,5.62,11.98,0.47
105.0,auto_flow_1.16,bike_flow_1.22,16.74,9.6,1.74
105.0,auto_flow_1.16,car_flow_1.23,5.79,9.6,0.6
105.0,auto_flow_1.16,car_flow_2.16,22.25,9.6,2.32
105.0,auto_flow_1.16,car_flow_2.17,16.04,9.6,1.67
105.0,auto_flow_1.17,bike_flow_1.21,21.18,9.94,2.13
105.0,auto_flow_1.17,bike_flow_2.1,14.42,9.94,1.45
105.0,auto_flow_1.17,bike_flow_2.2,16.96,9.94,1.71
105.0,auto_flow_1.17,bike_flow_2.3,20.19,9.94,2.03
105.0,auto_flow_1.17,bike_flow_2.4,23.84,9.94,2.4
105.0,auto_flow_1.17,bike_flow_2.5,27.74,9.94,2.79
105.0,auto_flow_1.17,car_flow_1.22,12.39,9.94,1.25
105.0,auto_flow_1.17,car_flow_2.18,16.32,9.94,1.64
105.0,auto_flow_1.18,bike_flow_1.20,13.35,9.63,1.39
105.0,auto_flow_1.18,car_flow_1.21,24.32,9.63,2.52
105.0,auto_flow_1.18,car_flow_2.19,27.77,9.63,2.88
105.0,bike_flow_1.20,car_flow_1.20,24.5,13.02,1.88
105.0,bike_flow_1.20,car_flow_1.21,37.08,13.02,2.85
105.0,bike_flow_1.20,car_flow_2.19,15.15,13.02,1.16
105.0,bike_flow_1.21,bike_flow_2.1,12.73,12.79,1.0
105.0,bike_flow_1.21,bike_flow_2.2,16.45,12.79,1.29
105.0,bike_flow_1.21,bike_flow_2.3,20.48,12.79,1.6
105.0,bike_flow_1.21,bike_flow_2.4,24.68,12.79,1.93
105.0,bike_flow_1.21,bike_flow_2.5,28.97,12.79,2.27
105.0,bike_flow_1.21,bike_flow_2.6,33.31,12.79,2.61
105.0,bike_flow_1.21,bike_flow_2.7,37.69,12.79,2.95
105.0,bike_flow_1.21,car_flow_1.21,24.63,12.79,1.93
105.0,bike_flow_1.21,car_flow_1.22,32.91,12.79,2.57
105.0,bike_flow_1.21,car_flow_2.18,5.62,12.79,0.44
105.0,bike_flow_1.22,car_flow_1.22,22.25,8.99,2.47
105.0,bike_flow_1.22,car_flow_1.23,21.26,8.99,2.36
105.0,bike_flow_1.22,car_flow_2.17,3.22,8.99,0.36
105.0,bike_flow_1.23,car_flow_1.23,28.01,10.69,2.62
105.0,bike_flow_1.23,car_flow_2.16,11.05,10.69,1.03
105.0,car_flow_1.20,car_flow_2.19,10.21,12.9,0.79
105.0,car_flow_1.21,car_flow_2.18,29.42,12.64,2.33
105.0,car_flow_1.22,car_flow_2.17,22.86,10.07,2.27
105.0,car_flow_1.22,car_flow_2.18,28.47,10.07,2.83
105.0,car_flow_1.23,car_flow_2.16,17.72,13.03,1.36
105.0,car_flow_1.23,car_flow_2.17,21.11,13.03,1.62
106.0,auto_flow_1.16,bike_flow_1.23,12.4,9.4,1.32
106.0,auto_flow_1.16,car_flow_1.23,15.55,9.4,1.65
106.0,auto_flow_1.16,car_flow_2.16,22.9,9.4,2.43
106.0,auto_flow_1.16,car_flow_2.17,15.78,9.4,1.68
106.0,auto_flow_1.17,bike_flow_1.22,14.28,9.67,1.48
106.0,auto_flow_1.17,bike_flow_2.1,23.43,9.67,2.42
106.0,auto_flow_1.17,bike_flow_2.2,25.08,9.67,2.59
106.0,auto_flow_1.17,bike_flow_2.3,27.37,9.67,2.83
106.0,auto_flow_1.17,car_flow_1.22,8.47,9.67,0.88
106.0,auto_flow_1.17,car_flow_2.18,16.43,9.67,1.7
106.0,auto_flow_1.18,bike_flow_1.21,25.42,10.79,2.36
106.0,auto_flow_1.18,car_flow_1.21,3.26,10.79,0.3
106.0,auto_flow_1.18,car_flow_2.19,25.47,10.79,2.36
106.0,auto_flow_1.19,bike_flow_1.20,15.84,11.0,1.44
106.0,auto_flow_1.19,car_flow_2.19,26.95,11.0,2.45
106.0,bike_flow_1.20,car_flow_1.21,37.52,13.15,2.85
106.0,bike_flow_1.20,car_flow_2.19,11.87,13.15,0.9
106.0,bike_flow_1.21,bike_flow_2.1,23.05,12.74,1.81
106.0,bike_flow_1.21,bike_flow_2.2,25.29,12.74,1.99
106.0,bike_flow_1.21,bike_flow_2.3,28.08,12.74,2.2
106.0,bike_flow_1.21,bike_flow_2.4,31.28,12.74,2.46
106.0,bike_flow_1.21,bike_flow_2.5,34.76,12.74,2.73
106.0,bike_flow_1.21,car_flow_1.21,24.61,12.74,1.93
106.0,bike_flow_1.21,car_flow_1.22,35.5,12.74,2.79
106.0,bike_flow_1.21,car_flow_2.18,27.11,12.74,2.13
106.0,bike_flow_1.22,car_flow_1.22,21.75,10.64,2.04
106.0,bike_flow_1.22,car_flow_1.23,21.26,10.64,2.0
106.0,bike_flow_1.22,car_flow_2.17,20.95,10.64,1.97
106.0,bike_flow_1.22,car_flow_2.18,30.51,10.64,2.87
106.0,bike_flow_1.23,car_flow_1.23,27.19,11.45,2.38
106.0,bike_flow_1.23,car_flow_2.16,11.38,11.45,0.99
106.0,bike_flow_1.23,car_flow_2.17,27.94,11.45,2.44
106.0,car_flow_1.21,car_flow_2.19,26.28,12.71,2.07
106.0,car_flow_1.22,car_flow_2.18,9.17,10.14,0.9
106.0,car_flow_1.23,car_flow_2.17,3.25,10.63,0.31
107.0,auto_flow_1.16,bike_flow_1.23,9.3,9.63,0.97
107.0,auto_flow_1.16,car_flow_1.24,11.26,9.63,1.17
107.0,auto_flow_1.16,car_flow_2.17,16.6,9.63,1.72
107.0,auto_flow_1.17,bike_flow_1.22,5.59,9.6,0.58
107.0,auto_flow_1.17,car_flow_1.22,27.63,9.6,2.88
107.0,auto_flow_1.17,car_flow_1.23,14.02,9.6,1.46
107.0,auto_flow_1.17,car_flow_2.18,16.46,9.6,1.71
107.0,auto_flow_1.18,bike_flow_1.21,3.49,10.38,0.34
107.0,auto_flow_1.18,car_flow_1.21,22.91,10.38,2.21
107.0,auto_flow_1.18,car_flow_2.19,22.82,10.38,2.2
107.0,auto_flow_1.19,bike_flow_1.20,9.63,9.96,0.97
107.0,bike_flow_1.20,car_flow_1.21,39.23,14.64,2.68
107.0,bike_flow_1.20,car_flow_2.19,39.23,14.64,2.68
107.0,bike_flow_1.21,bike_flow_2.1,35.69,13.46,2.65
107.0,bike_flow_1.21,bike_flow_2.2,37.18,13.46,2.76
107.0,bike_flow_1.21,bike_flow_2.3,39.13,13.46,2.91
107.0,bike_flow_1.21,car_flow_1.21,24.07,13.46,1.79
107.0,bike_flow_1.21,car_flow_1.22,38.96,13.46,2.9
107.0,bike_flow_1.21,car_flow_2.19,24.41,13.46,1.81
107.0,bike_flow_1.22,car_flow_1.22,22.85,8.9,2.57
107.0,bike_flow_1.22,car_flow_1.23,18.24,8.9,2.05
107.0,bike_flow_1.22,car_flow_2.18,12.29,8.9,1.38
107.0,bike_flow_1.23,car_flow_1.23,28.03,11.09,2.53
107.0,bike_flow_1.23,car_flow_1.24,19.53,11.09,1.76
107.0,bike_flow_1.23,car_flow_2.17,8.49,11.09,0.77
107.0,car_flow_1.21,car_flow_2.19,3.2,12.92,0.25
107.0,car_flow_1.22,car_flow_2.18,11.44,10.0,1.14
107.0,car_flow_1.23,car_flow_2.17,20.42,11.92,1.71
107.0,car_flow_1.23,car_flow_2.18,30.28,11.92,2.54
107.0,car_flow_1.24,car_flow_2.17,27.58,10.64,2.59
108.0,auto_flow_1.16,bike_flow_1.23,32.07,10.99,2.92
108.0,auto_flow_1.16,car_flow_1.24,12.5,10.99,1.14
108.0,auto_flow_1.16,car_flow_2.17,17.68,10.99,1.61
108.0,auto_flow_1.17,bike_flow_1.22,24.8,9.63,2.57
108.0,auto_flow_1.17,bike_flow_1.23,20.12,9.63,2.09
108.0,auto_flow_1.17,car_flow_1.23,6.29,9.63,0.65
108.0,auto_flow_1.17,car_flow_2.18,17.02,9.63,1.77
108.0,auto_flow_1.18,bike_flow_1.21,21.56,10.05,2.14
108.0,auto_flow_1.18,bike_flow_2.1,26.49,10.05,2.64
108.0,auto_flow_1.18,bike_flow_2.2,27.95,10.05,2.78
108.0,auto_flow_1.18,bike_flow_2.3,30.03,10.05,2.99
108.0,auto_flow_1.18,car_flow_1.22,20.94,10.05,2.08
108.0,auto_flow_1.18,car_flow_2.19,20.52,10.05,2.04
108.0,auto_flow_1.19,car_flow_1.21,8.3,9.97,0.83
108.0,auto_flow_1.19,car_flow_2.20,17.93,9.97,1.8
108.0,bike_flow_1.21,car_flow_1.21,23.94,12.65,1.89
108.0,bike_flow_1.21,car_flow_2.19,3.3,12.65,0.26
108.0,bike_flow_1.22,bike_flow_2.1,19.73,10.37,1.9
108.0,bike_flow_1.22,bike_flow_2.2,22.31,10.37,2.15
108.0,bike_flow_1.22,bike_flow_2.3,25.43,10.37,2.45
108.0,bike_flow_1.22,bike_flow_2.4,28.92,10.37,2.79
108.0,bike_flow_1.22,car_flow_1.22,22.08,10.37,2.13
108.0,bike_flow_1.22,car_flow_1.23,19.18,10.37,1.85
108.0,bike_flow_1.22,car_flow_2.18,8.23,10.37,0.79
108.0,bike_flow_1.23,car_flow_1.23,25.28,12.18,2.08
108.0,bike_flow_1.23,car_flow_1.24,19.83,12.18,1.63
108.0,bike_flow_1.23,car_flow_2.17,14.59,12.18,1.2
108.0,car_flow_1.21,car_flow_2.19,24.95,12.52,1.99
108.0,car_flow_1.21,car_flow_2.20,25.79,12.52,2.06
108.0,car_flow_1.23,car_flow_2.18,12.04,9.43,1.28
108.0,car_flow_1.24,car_flow_2.17,6.45,11.88,0.54
109.0,auto_flow_1.17,bike_flow_1.23,3.58,10.02,0.36
109.0,auto_flow_1.17,car_flow_1.23,26.52,10.02,2.65
109.0,auto_flow_1.17,car_flow_1.24,18.13,10.02,1.81
109.0,auto_flow_1.17,car_flow_2.18,17.06,10.02,1.7
109.0,auto_flow_1.18,bike_flow_1.22,22.5,9.67,2.33
109.0,auto_flow_1.18,bike_flow_2.1,17.29,9.67,1.79
109.0,auto_flow_1.18,bike_flow_2.2,19.46,9.67,2.01
109.0,auto_flow_1.18,bike_flow_2.3,22.33,9.67,2.31
109.0,auto_flow_1.18,bike_flow_2.4,25.68,9.67,2.65
109.0,auto_flow_1.18,car_flow_1.22,3.38,9.67,0.35
109.0,auto_flow_1.18,car_flow_2.19,19.12,9.67,1.98
109.0,auto_flow_1.19,bike_flow_1.21,8.34,10.87,0.77
109.0,auto_flow_1.19,car_flow_1.21,16.28,10.87,1.5
109.0,auto_flow_1.19,car_flow_2.19,32.6,10.87,3.0
109.0,auto_flow_1.19,car_flow_2.20,18.93,10.87,1.74
109.0,bike_flow_1.21,car_flow_1.21,23.66,13.03,1.82
109.0,bike_flow_1.21,car_flow_2.19,25.1,13.03,1.93
109.0,bike_flow_1.21,car_flow_2.20,26.82,13.03,2.06
109.0,bike_flow_1.22,bike_flow_2.1,11.65,10.83,1.08
109.0,bike_flow_1.22,bike_flow_2.2,15.63,10.83,1.44
109.0,bike_flow_1.22,bike_flow_2.3,19.83,10.83,1.83
109.0,bike_flow_1.22,bike_flow_2.4,24.14,10.83,2.23
109.0,bike_flow_1.22,bike_flow_2.5,28.51,10.83,2.63
109.0,bike_flow_1.22,car_flow_1.22,21.18,10.83,1.96
109.0,bike_flow_1.22,car_flow_1.23,19.11,10.83,1.77
109.0,bike_flow_1.22,car_flow_2.18,28.56,10.83,2.64
109.0,bike_flow_1.23,car_flow_1.23,24.71,11.47,2.15
109.0,bike_flow_1.23,car_flow_1.24,19.46,11.47,1.7
109.0,bike_flow_1.23,car_flow_2.18,15.77,11.47,1.38
109.0,bike_flow_1.24,car_flow_1.24,26.72,11.26,2.37
109.0,bike_flow_1.24,car_flow_2.17,10.34,11.26,0.92
109.0,car_flow_1.21,car_flow_2.20,4.37,12.75,0.34
109.0,car_flow_1.22,car_flow_2.19,20.47,9.93,2.06
109.0,car_flow_1.23,car_flow_2.18,9.8,10.89,0.9
109.0,car_flow_1.24,car_flow_2.17,17.19,11.84,1.45
109.0,car_flow_1.24,car_flow_2.18,35.06,11.84,2.96
110.0,auto_flow_1.17,bike_flow_1.23,24.15,10.11,2.39
110.0,auto_flow_1.17,bike_flow_1.24,20.98,10.11,2.08
110.0,auto_flow_1.17,car_flow_1.24,5.08,10.11,0.5
110.0,auto_flow_1.17,car_flow_2.18,17.26,10.11,1.71
110.0,auto_flow_1.18,bike_flow_1.22,4.81,9.79,0.49
110.0,auto_flow_1.18,bike_flow_2.1,9.05,9.79,0.92
110.0,auto_flow_1.18,bike_flow_2.2,12.71,9.79,1.3
110.0,auto_flow_1.18,bike_flow_2.3,16.79,9.79,1.71
110.0,auto_flow_1.18,bike_flow_2.4,21.04,9.79,2.15
110.0,auto_flow_1.18,bike_flow_2.5,25.37,9.79,2.59
110.0,auto_flow_1.18,car_flow_1.22,18.41,9.79,1.88
110.0,auto_flow_1.18,car_flow_1.23,20.41,9.79,2.09
110.0,auto_flow_1.18,car_flow_2.19,18.55,9.79,1.89
110.0,auto_flow_1.19,bike_flow_1.21,15.61,10.04,1.56
110.0,auto_flow_1.19,car_flow_2.20,18.12,10.04,1.81
110.0,bike_flow_1.21,car_flow_1.21,23.57,12.94,1.82
110.0,bike_flow_1.21,car_flow_2.20,4.28,12.94,0.33
110.0,bike_flow_1.22,bike_flow_2.1,10.14,8.9,1.14
110.0,bike_flow_1.22,bike_flow_2.2,14.54,8.9,1.63
110.0,bike_flow_1.22,bike_flow_2.3,18.98,8.9,2.13
110.0,bike_flow_1.22,bike_flow_2.4,23.45,8.9,2.63
110.0,bike_flow_1.22,car_flow_1.22,21.72,8.9,2.44
110.0,bike_flow_1.22,car_flow_1.23,16.57,8.9,1.86
110.0,bike_flow_1.22,car_flow_2.19,22.36,8.9,2.51
110.0,bike_flow_1.23,car_flow_1.23,23.94,12.21,1.96
110.0,bike_flow_1.23,car_flow_1.24,20.0,12.21,1.64
110.0,bike_flow_1.23,car_flow_2.18,7.4,12.21,0.61
110.0,bike_flow_1.24,car_flow_1.24,24.68,13.72,1.8
110.0,bike_flow_1.24,car_flow_2.17,16.02,13.72,1.17
110.0,bike_flow_1.24,car_flow_2.18,38.13,13.72,2.78
110.0,car_flow_1.21,car_flow_2.20,20.97,12.85,1.63
110.0,car_flow_1.22,car_flow_2.19,3.23,9.44,0.34
110.0,car_flow_1.23,car_flow_2.18,30.78,11.44,2.69
110.0,car_flow_1.24,car_flow_2.18,13.7,11.67,1.17
111.0,auto_flow_1.17,bike_flow_1.24,4.62,10.76,0.43
111.0,auto_flow_1.17,car_flow_1.24,27.21,10.76,2.53
111.0,auto_flow_1.17,car_flow_1.25,20.94,10.76,1.95
111.0,auto_flow_1.17,car_flow_2.18,17.66,10.76,1.64
111.0,auto_flow_1.18,bike_flow_1.22,16.21,9.6,1.69
111.0,auto_flow_1.18,bike_flow_1.23,23.25,9.6,2.42
111.0,auto_flow_1.18,bike_flow_2.1,7.43,9.6,0.77
111.0,auto_flow_1.18,bike_flow_2.2,11.61,9.6,1.21
111.0,auto_flow_1.18,bike_flow_2.3,15.97,9.6,1.66
111.0,auto_flow_1.18,bike_flow_2.4,20.39,9.6,2.13
111.0,auto_flow_1.18,bike_flow_2.5,24.84,9.6,2.59
111.0,auto_flow_1.18,car_flow_1.23,3.38,9.6,0.35
111.0,auto_flow_1.18,car_flow_2.19,17.98,9.6,1.87
111.0,auto_flow_1.19,car_flow_1.22,14.11,10.3,1.37
111.0,auto_flow_1.19,car_flow_2.20,18.22,10.3,1.77
111.0,bike_flow_1.21,car_flow_2.20,21.51,13.92,1.55
111.0,bike_flow_1.22,bike_flow_2.1,15.87,9.88,1.61
111.0,bike_flow_1.22,bike_flow_2.2,18.98,9.88,1.92
111.0,bike_flow_1.22,bike_flow_2.3,22.57,9.88,2.28
111.0,bike_flow_1.22,bike_flow_2.4,26.44,9.88,2.68
111.0,bike_flow_1.22,car_flow_1.22,21.14,9.88,2.14
111.0,bike_flow_1.22,car_flow_1.23,16.97,9.88,1.72
111.0,bike_flow_1.22,car_flow_2.19,3.82,9.88,0.39
111.0,bike_flow_1.23,bike_flow_2.1,28.19,11.47,2.46
111.0,bike_flow_1.23,bike_flow_2.2,30.06,11.47,2.62
111.0,bike_flow_1.23,bike_flow_2.3,32.44,11.47,2.83
111.0,bike_flow_1.23,car_flow_1.23,21.95,11.47,1.91
111.0,bike_flow_1.23,car_flow_1.24,19.15,11.47,1.67
111.0,bike_flow_1.23,car_flow_2.18,28.68,11.47,2.5
111.0,bike_flow_1.24,car_flow_1.24,23.69,13.32,1.78
111.0,bike_flow_1.24,car_flow_1.25,24.03,13.32,1.8
111.0,bike_flow_1.24,car_flow_2.18,14.68,13.32,1.1
111.0,car_flow_1.22,car_flow_2.19,19.32,9.3,2.08
111.0,car_flow_1.23,car_flow_2.19,19.32,9.49,2.04
111.0,car_flow_1.24,car_flow_2.18,9.89,12.33,0.8
112.0,auto_flow_1.17,bike_flow_1.24,26.78,10.78,2.48
112.0,auto_flow_1.17,bike_flow_1.25,13.3,10.78,1.23
112.0,auto_flow_1.17,car_flow_1.25,4.78,10.78,0.44
112.0,auto_flow_1.17,car_flow_2.18,17.41,10.78,1.61
112.0,auto_flow_1.18,bike_flow_1.23,4.15,10.07,0.41
112.0,auto_flow_1.18,bike_flow_2.1,15.01,10.07,1.49
112.0,auto_flow_1.18,bike_flow_2.2,17.46,10.07,1.73
112.0,auto_flow_1.18,bike_flow_2.3,20.62,10.07,2.05
112.0,auto_flow_1.18,bike_flow_2.4,24.2,10.07,2.4
112.0,auto_flow_1.18,bike_flow_2.5,28.05,10.07,2.79
112.0,auto_flow_1.18,car_flow_1.23,18.65,10.07,1.85
112.0,auto_flow_1.18,car_flow_1.24,21.03,10.07,2.09
112.0,auto_flow_1.18,car_flow_2.19,17.88,10.07,1.78
112.0,auto_flow_1.19,bike_flow_1.22,15.64,9.9,1.58
112.0,auto_flow_1.19,car_flow_1.22,7.0,9.9,0.71
112.0,auto_flow_1.19,car_flow_2.20,17.75,9.9,1.79
112.0,bike_flow_1.22,bike_flow_2.1,24.23,9.67,2.5
112.0,bike_flow_1.22,bike_flow_2.2,26.37,9.67,2.73
112.0,bike_flow_1.22,car_flow_1.22,21.53,9.67,2.23
112.0,bike_flow_1.22,car_flow_1.23,17.26,9.67,1.78
112.0,bike_flow_1.22,car_flow_2.19,18.04,9.67,1.87
112.0,bike_flow_1.23,bike_flow_2.1,18.86,10.32,1.83
112.0,bike_flow_1.23,bike_flow_2.2,21.55,10.32,2.09
112.0,bike_flow_1.23,bike_flow_2.3,24.76,10.32,2.4
112.0,bike_flow_1.23,bike_flow_2.4,28.33,10.32,2.74
112.0,bike_flow_1.23,car_flow_1.23,21.01,10.32,2.04
112.0,bike_flow_1.23,car_flow_1.24,18.15,10.32,1.76
112.0,bike_flow_1.23,car_flow_2.19,20.76,10.32,2.01
112.0,bike_flow_1.24,car_flow_1.24,22.54,12.47,1.81
112.0,bike_flow_1.24,car_flow_1.25,23.04,12.47,1.85
112.0,bike_flow_1.24,car_flow_2.18,9.72,12.47,0.78
112.0,bike_flow_1.25,car_flow_1.25,16.46,11.89,1.38
112.0,bike_flow_1.25,car_flow_2.18,30.49,11.89,2.56
112.0,car_flow_1.22,car_flow_2.20,11.96,10.06,1.19
112.0,car_flow_1.23,car_flow_2.19,3.24,9.38,0.35
112.0,car_flow_1.24,car_flow_2.18,31.88,11.32,2.82
112.0,car_flow_1.25,car_flow_2.18,14.23,13.46,1.06
113.0,auto_flow_1.17,bike_flow_1.25,7.79,9.61,0.81
113.0,auto_flow_1.17,car_flow_1.25,27.0,9.61,2.81
113.0,auto_flow_1.17,car_flow_2.18,15.92,9.61,1.66
113.0,auto_flow_1.18,bike_flow_1.23,18.14,9.82,1.85
113.0,auto_flow_1.18,bike_flow_1.24,21.51,9.82,2.19
113.0,auto_flow_1.18,bike_flow_2.1,24.21,9.82,2.47
113.0,auto_flow_1.18,bike_flow_2.2,25.81,9.82,2.63
113.0,auto_flow_1.18,bike_flow_2.3,28.04,9.82,2.86
113.0,auto_flow_1.18,car_flow_1.24,3.23,9.82,0.33
113.0,auto_flow_1.18,car_flow_2.19,17.47,9.82,1.78
113.0,auto_flow_1.19,bike_flow_1.22,5.11,10.6,0.48
113.0,auto_flow_1.19,bike_flow_2.1,27.66,10.6,2.61
113.0,auto_flow_1.19,bike_flow_2.2,29.06,10.6,2.74
113.0,auto_flow_1.19,bike_flow_2.3,31.06,10.6,2.93
113.0,auto_flow_1.19,car_flow_1.22,26.29,10.6,2.48
113.0,auto_flow_1.19,car_flow_1.23,12.51,10.6,1.18
113.0,auto_flow_1.19,car_flow_2.20,18.29,10.6,1.73
113.0,bike_flow_1.22,car_flow_1.22,22.12,8.69,2.55
113.0,bike_flow_1.22,car_flow_1.23,16.07,8.69,1.85
113.0,bike_flow_1.22,car_flow_2.20,14.66,8.69,1.69
113.0,bike_flow_1.23,bike_flow_2.1,11.21,10.68,1.05
113.0,bike_flow_1.23,bike_flow_2.2,15.3,10.68,1.43
113.0,bike_flow_1.23,bike_flow_2.3,19.57,10.68,1.83
113.0,bike_flow_1.23,bike_flow_2.4,23.93,10.68,2.24
113.0,bike_flow_1.23,bike_flow_2.5,28.33,10.68,2.65
113.0,bike_flow_1.23,car_flow_1.23,20.21,10.68,1.89
113.0,bike_flow_1.23,car_flow_1.24,18.26,10.68,1.71
113.0,bike_flow_1.23,car_flow_2.19,3.22,10.68,0.3
113.0,bike_flow_1.24,car_flow_1.24,20.87,12.23,1.71
113.0,bike_flow_1.24,car_flow_1.25,21.62,12.23,1.77
113.0,bike_flow_1.24,car_flow_2.18,32.67,12.23,2.67
113.0,bike_flow_1.25,car_flow_1.25,19.7,10.41,1.89
113.0,bike_flow_1.25,car_flow_2.18,9.37,10.41,0.9
113.0,car_flow_1.22,car_flow_2.20,8.44,9.28,0.91
113.0,car_flow_1.23,car_flow_2.19,20.84,9.88,2.11
113.0,car_flow_1.24,car_flow_2.19,18.16,10.56,1.72
113.0,car_flow_1.25,car_flow_2.18,11.35,13.65,0.83
114.0,auto_flow_1.18,bike_flow_1.24,3.42,10.87,0.31
114.0,auto_flow_1.18,car_flow_1.24,21.56,10.87,1.98
114.0,auto_flow_1.18,car_flow_1.25,19.72,10.87,1.81
114.0,auto_flow_1.18,car_flow_2.19,18.72,10.87,1.72
114.0,auto_flow_1.19,bike_flow_1.22,25.65,10.84,2.37
114.0,auto_flow_1.19,bike_flow_1.23,11.64,10.84,1.07
114.0,auto_flow_1.19,bike_flow_2.1,17.32,10.84,1.6
114.0,auto_flow_1.19,bike_flow_2.2,19.49,10.84,1.8
114.0,auto_flow_1.19,bike_flow_2.3,22.36,10.84,2.06
114.0,auto_flow_1.19,bike_flow_2.4,25.7,10.84,2.37
114.0,auto_flow_1.19,bike_flow_2.5,29.36,10.84,2.71
114.0,auto_flow_1.19,car_flow_1.23,8.84,10.84,0.82
114.0,auto_flow_1.19,car_flow_1.24,29.03,10.84,2.68
114.0,auto_flow_1.19,car_flow_2.19,31.46,10.84,2.9
114.0,auto_flow_1.19,car_flow_2.20,18.32,10.84,1.69
114.0,auto_flow_1.20,car_flow_1.22,25.88,9.84,2.63
114.0,bike_flow_1.22,car_flow_1.22,21.52,10.63,2.02
114.0,bike_flow_1.22,car_flow_1.23,17.21,10.63,1.62
114.0,bike_flow_1.22,car_flow_2.20,7.82,10.63,0.74
114.0,bike_flow_1.23,bike_flow_2.1,10.92,10.25,1.07
114.0,bike_flow_1.23,bike_flow_2.2,15.09,10.25,1.47
114.0,bike_flow_1.23,bike_flow_2.3,19.41,10.25,1.89
114.0,bike_flow_1.23,bike_flow_2.4,23.8,10.25,2.32
114.0,bike_flow_1.23,bike_flow_2.5,28.22,10.25,2.75
114.0,bike_flow_1.23,car_flow_1.23,19.44,10.25,1.9
114.0,bike_flow_1.23,car_flow_1.24,17.66,10.25,1.72
114.0,bike_flow_1.23,car_flow_2.19,20.51,10.25,2.0
114.0,bike_flow_1.23,car_flow_2.20,29.69,10.25,2.9
114.0,bike_flow_1.24,car_flow_1.24,22.53,9.21,2.45
114.0,bike_flow_1.24,car_flow_1.25,18.26,9.21,1.98
114.0,bike_flow_1.24,car_flow_2.19,20.18,9.21,2.19
114.0,bike_flow_1.25,car_flow_1.25,20.44,11.83,1.73
114.0,bike_flow_1.25,car_flow_1.26,19.24,11.83,1.63
114.0,bike_flow_1.25,car_flow_2.18,13.17,11.83,1.11
114.0,car_flow_1.22,car_flow_2.20,28.83,10.02,2.88
114.0,car_flow_1.23,car_flow_2.20,10.57,9.49,1.11
114.0,car_flow_1.24,car_flow_2.19,4.13,10.86,0.38
114.0,car_flow_1.25,car_flow_2.18,33.37,12.57,2.66
114.0,car_flow_1.26,car_flow_2.18,7.21,11.12,0.65
115.0,auto_flow_1.18,bike_flow_1.24,20.85,9.65,2.16
115.0,auto_flow_1.18,bike_flow_1.25,18.99,9.65,1.97
115.0,auto_flow_1.18,car_flow_1.25,3.21,9.65,0.33
115.0,auto_flow_1.18,car_flow_2.19,17.17,9.65,1.78
115.0,auto_flow_1.19,bike_flow_1.23,7.18,9.6,0.75
115.0,auto_flow_1.19,bike_flow_2.1,9.2,9.6,0.96
115.0,auto_flow_1.19,bike_flow_2.2,12.82,9.6,1.34
115.0,auto_flow_1.19,bike_flow_2.3,16.87,9.6,1.76
115.0,auto_flow_1.19,bike_flow_2.4,21.1,9.6,2.2
115.0,auto_flow_1.19,bike_flow_2.5,25.43,9.6,2.65
115.0,auto_flow_1.19,car_flow_1.23,28.23,9.6,2.94
115.0,auto_flow_1.19,car_flow_1.24,9.12,9.6,0.95
115.0,auto_flow_1.19,car_flow_2.20,16.5,9.6,1.72
115.0,auto_flow_1.20,bike_flow_1.22,26.14,10.7,2.44
115.0,auto_flow_1.20,car_flow_1.22,6.59,10.7,0.62
115.0,auto_flow_1.20,car_flow_2.21,18.54,10.7,1.73
115.0,bike_flow_1.22,car_flow_1.22,20.18,10.54,1.91
115.0,bike_flow_1.22,car_flow_1.23,17.55,10.54,1.66
115.0,bike_flow_1.22,car_flow_2.20,29.27,10.54,2.78
115.0,bike_flow_1.23,bike_flow_2.1,16.16,8.03,2.01
115.0,bike_flow_1.23,bike_flow_2.2,19.22,8.03,2.4
115.0,bike_flow_1.23,bike_flow_2.3,22.77,8.03,2.84
115.0,bike_flow_1.23,car_flow_1.23,21.62,8.03,2.69
115.0,bike_flow_1.23,car_flow_1.24,14.97,8.03,1.87
115.0,bike_flow_1.23,car_flow_2.20,10.57,8.03,1.32
115.0,bike_flow_1.24,bike_flow_2.1,25.19,12.16,2.07
115.0,bike_flow_1.24,bike_flow_2.2,27.26,12.16,2.24
115.0,bike_flow_1.24,bike_flow_2.3,29.87,12.16,2.46
115.0,bike_flow_1.24,bike_flow_2.4,32.89,12.16,2.71
115.0,bike_flow_1.24,bike_flow_2.5,36.22,12.16,2.98
115.0,bike_flow_1.24,car_flow_1.24,21.08,12.16,1.73
115.0,bike_flow_1.24,car_flow_1.25,20.9,12.16,1.72
115.0,bike_flow_1.24,car_flow_2.19,4.7,12.16,0.39
115.0,bike_flow_1.25,car_flow_1.25,18.43,11.53,1.6
115.0,bike_flow_1.25,car_flow_1.26,19.06,11.53,1.65
115.0,car_flow_1.22,car_flow_2.21,24.51,9.21,2.66
115.0,car_flow_1.23,car_flow_2.20,11.98,10.2,1.17
115.0,car_flow_1.24,car_flow_2.19,24.72,10.71,2.31
115.0,car_flow_1.24,car_flow_2.20,25.25,10.71,2.36
115.0,car_flow_1.25,car_flow_2.19,17.75,9.52,1.86
115.0,car_flow_1.26,car_flow_2.18,16.5,11.71,1.41
116.0,auto_flow_1.18,bike_flow_1.25,3.26,10.65,0.31
116.0,auto_flow_1.18,car_flow_1.25,21.33,10.65,2.0
116.0,auto_flow_1.18,car_flow_1.26,15.64,10.65,1.47
116.0,auto_flow_1.18,car_flow_2.19,17.96,10.65,1.69
116.0,auto_flow_1.19,bike_flow_1.23,26.25,10.76,2.44
116.0,auto_flow_1.19,bike_flow_1.24,9.64,10.76,0.9
116.0,auto_flow_1.19,bike_flow_2.1,7.9,10.76,0.73
116.0,auto_flow_1.19,bike_flow_2.2,11.92,10.76,1.11
116.0,auto_flow_1.19,bike_flow_2.3,16.2,10.76,1.51
116.0,auto_flow_1.19,bike_flow_2.4,20.57,10.76,1.91
116.0,auto_flow_1.19,bike_flow_2.5,24.99,10.76,2.32
116.0,auto_flow_1.19,bike_flow_2.6,29.43,10.76,2.74
116.0,auto_flow_1.19,car_flow_1.24,11.39,10.76,1.06
116.0,auto_flow_1.19,car_flow_1.25,29.21,10.76,2.71
116.0,auto_flow_1.19,car_flow_2.19,32.15,10.76,2.99
116.0,auto_flow_1.19,car_flow_2.20,17.72,10.76,1.65
116.0,auto_flow_1.20,bike_flow_1.22,7.24,9.68,0.75
116.0,auto_flow_1.20,car_flow_1.22,13.73,9.68,1.42
116.0,auto_flow_1.20,car_flow_1.23,23.95,9.68,2.48
116.0,auto_flow_1.20,car_flow_2.21,17.36,9.68,1.79
116.0,bike_flow_1.22,car_flow_1.22,19.84,9.78,2.03
116.0,bike_flow_1.22,car_flow_1.23,17.25,9.78,1.76
116.0,bike_flow_1.22,car_flow_2.21,24.06,9.78,2.46
116.0,bike_flow_1.23,bike_flow_2.1,23.82,8.87,2.69
116.0,bike_flow_1.23,bike_flow_2.2,26.0,8.87,2.93
116.0,bike_flow_1.23,car_flow_1.23,22.83,8.87,2.57
116.0,bike_flow_1.23,car_flow_1.24,15.13,8.87,1.71
116.0,bike_flow_1.23,car_flow_2.20,8.93,8.87,1.01
116.0,bike_flow_1.24,bike_flow_2.1,16.63,9.77,1.7
116.0,bike_flow_1.24,bike_flow_2.2,19.62,9.77,2.01
116.0,bike_flow_1.24,bike_flow_2.3,23.11,9.77,2.37
116.0,bike_flow_1.24,bike_flow_2.4,26.9,9.77,2.75
116.0,bike_flow_1.24,car_flow_1.24,20.02,9.77,2.05
116.0,bike_flow_1.24,car_flow_1.25,19.94,9.77,2.04
116.0,bike_flow_1.24,car_flow_2.19,23.28,9.77,2.38
116.0,bike_flow_1.24,car_flow_2.20,27.0,9.77,2.76
116.0,bike_flow_1.25,car_flow_1.25,20.46,8.69,2.35
116.0,bike_flow_1.25,car_flow_1.26,15.93,8.69,1.83
116.0,bike_flow_1.25,car_flow_2.19,17.63,8.69,2.03
116.0,bike_flow_1.26,car_flow_1.26,26.53,10.25,2.59
116.0,car_flow_1.22,car_flow_2.21,5.13,9.44,0.54
116.0,car_flow_1.24,car_flow_2.20,7.5,8.72,0.86
116.0,car_flow_1.25,car_flow_2.19,4.47,10.73,0.42
116.0,car_flow_1.26,car_flow_2.19,33.43,11.82,2.83
117.0,auto_flow_1.18,bike_flow_1.25,22.49,10.18,2.21
117.0,auto_flow_1.18,bike_flow_1.26,19.53,10.18,1.92
117.0,auto_flow_1.18,car_flow_1.26,5.36,10.18,0.53
117.0,auto_flow_1.18,car_flow_2.19,16.89,10.18,1.66
117.0,auto_flow_1.19,bike_flow_1.24,9.73,10.47,0.93
117.0,auto_flow_1.19,bike_flow_1.25,27.75,10.47,2.65
117.0,auto_flow_1.19,bike_flow_2.1,16.22,10.47,1.55
117.0,auto_flow_1.19,bike_flow_2.2,18.51,10.47,1.77
117.0,auto_flow_1.19,bike_flow_2.3,21.52,10.47,2.05
117.0,auto_flow_1.19,bike_flow_2.4,24.97,10.47,2.38
117.0,auto_flow_1.19,bike_flow_2.5,28.72,10.47,2.74
117.0,auto_flow_1.19,car_flow_1.24,30.02,10.47,2.87
117.0,auto_flow_1.19,car_flow_1.25,8.61,10.47,0.82
117.0,auto_flow_1.19,car_flow_2.20,17.18,10.47,1.64
117.0,auto_flow_1.20,bike_flow_1.22,12.06,9.71,1.24
117.0,auto_flow_1.20,bike_flow_1.23,26.19,9.71,2.7
117.0,auto_flow_1.20,car_flow_1.23,5.4,9.71,0.56
117.0,auto_flow_1.20,car_flow_2.21,17.36,9.71,1.79
117.0,auto_flow_1.21,bike_flow_1.22,28.49,9.72,2.93
117.0,auto_flow_1.21,car_flow_1.22,7.5,9.72,0.77
117.0,auto_flow_1.21,car_flow_2.21,22.57,9.72,2.32
117.0,bike_flow_1.22,car_flow_1.22,21.52,8.4,2.56
117.0,bike_flow_1.22,car_flow_1.23,15.97,8.4,1.9
117.0,bike_flow_1.22,car_flow_2.21,6.56,8.4,0.78
117.0,bike_flow_1.23,car_flow_1.23,21.64,10.86,1.99
117.0,bike_flow_1.23,car_flow_1.24,17.54,10.86,1.62
117.0,bike_flow_1.23,car_flow_2.20,30.38,10.86,2.8
117.0,bike_flow_1.24,bike_flow_2.1,11.3,7.81,1.45
117.0,bike_flow_1.24,bike_flow_2.2,15.37,7.81,1.97
117.0,bike_flow_1.24,bike_flow_2.3,19.63,7.81,2.51
117.0,bike_flow_1.24,car_flow_1.24,20.66,7.81,2.64
117.0,bike_flow_1.24,car_flow_1.25,17.18,7.81,2.2
117.0,bike_flow_1.24,car_flow_2.20,8.61,7.81,1.1
117.0,bike_flow_1.25,car_flow_1.25,19.57,11.46,1.71
117.0,bike_flow_1.25,car_flow_1.26,17.96,11.46,1.57
117.0,bike_flow_1.25,car_flow_2.19,6.25,11.46,0.55
117.0,bike_flow_1.26,car_flow_1.26,23.57,12.39,1.9
117.0,bike_flow_1.26,car_flow_2.19,36.3,12.39,2.93
117.0,car_flow_1.22,car_flow_2.21,16.11,10.08,1.6
117.0,car_flow_1.23,car_flow_2.21,21.94,9.67,2.27
117.0,car_flow_1.24,car_flow_2.20,13.07,8.45,1.55
117.0,car_flow_1.25,car_flow_2.19,25.14,10.57,2.38
117.0,car_flow_1.25,car_flow_2.20,25.37,10.57,2.4
117.0,car_flow_1.26,car_flow_2.19,12.99,9.44,1.38
118.0,auto_flow_1.18,bike_flow_1.26,3.58,10.08,0.36
118.0,auto_flow_1.18,car_flow_1.26,25.17,10.08,2.5
118.0,auto_flow_1.18,car_flow_1.27,18.86,10.08,1.87
118.0,auto_flow_1.18,car_flow_2.19,16.89,10.08,1.68
118.0,auto_flow_1.19,bike_flow_1.24,28.0,9.85,2.84
118.0,auto_flow_1.19,bike_flow_1.25,8.1,9.85,0.82
118.0,auto_flow_1.19,bike_flow_2.1,25.53,9.85,2.59
118.0,auto_flow_1.19,bike_flow_2.2,27.05,9.85,2.75
118.0,auto_flow_1.19,bike_flow_2.3,29.18,9.85,2.96
118.0,auto_flow_1.19,car_flow_1.25,11.37,9.85,1.15
118.0,auto_flow_1.19,car_flow_1.26,25.29,9.85,2.57
118.0,auto_flow_1.19,car_flow_2.20,16.44,9.85,1.67
118.0,auto_flow_1.20,bike_flow_1.23,7.0,10.37,0.67
118.0,auto_flow_1.20,car_flow_1.23,15.2,10.37,1.47
118.0,auto_flow_1.20,car_flow_1.24,22.99,10.37,2.22
118.0,auto_flow_1.20,car_flow_2.21,18.23,10.37,1.76
118.0,auto_flow_1.21,bike_flow_1.22,7.75,9.98,0.78
118.0,auto_flow_1.21,car_flow_1.23,25.66,9.98,2.57
118.0,auto_flow_1.21,car_flow_2.21,22.09,9.98,2.21
118.0,bike_flow_1.22,car_flow_1.23,18.39,11.26,1.63
118.0,bike_flow_1.22,car_flow_2.21,15.36,11.26,1.36
118.0,bike_flow_1.23,car_flow_1.23,21.08,9.4,2.24
118.0,bike_flow_1.23,car_flow_1.24,16.54,9.4,1.76
118.0,bike_flow_1.23,car_flow_2.21,24.66,9.4,2.62
118.0,bike_flow_1.24,bike_flow_2.1,10.3,8.78,1.17
118.0,bike_flow_1.24,bike_flow_2.2,14.65,8.78,1.67
118.0,bike_flow_1.24,bike_flow_2.3,19.07,8.78,2.17
118.0,bike_flow_1.24,bike_flow_2.4,23.52,8.78,2.68
118.0,bike_flow_1.24,car_flow_1.24,22.28,8.78,2.54
118.0,bike_flow_1.24,car_flow_1.25,16.91,8.78,1.93
118.0,bike_flow_1.24,car_flow_2.20,11.82,8.78,1.35
118.0,bike_flow_1.25,car_flow_1.25,18.35,10.27,1.79
118.0,bike_flow_1.25,car_flow_1.26,17.64,10.27,1.72
118.0,bike_flow_1.25,car_flow_2.19,25.92,10.27,2.52
118.0,bike_flow_1.25,car_flow_2.20,24.1,10.27,2.35
118.0,bike_flow_1.26,car_flow_1.26,23.37,10.8,2.16
118.0,bike_flow_1.26,car_flow_1.27,20.19,10.8,1.87
118.0,bike_flow_1.26,car_flow_2.19,15.62,10.8,1.45
118.0,car_flow_1.23,car_flow_2.21,4.65,8.84,0.53
118.0,car_flow_1.25,car_flow_2.20,6.39,9.05,0.71
118.0,car_flow_1.26,car_flow_2.19,8.69,10.59,0.82
119.0,auto_flow_1.18,bike_flow_1.26,23.17,10.83,2.14
119.0,auto_flow_1.18,car_flow_1.27,4.6,10.83,0.42
119.0,auto_flow_1.18,car_flow_2.19,18.02,10.83,1.66
119.0,auto_flow_1.19,bike_flow_1.25,12.77,10.7,1.19
119.0,auto_flow_1.19,bike_flow_1.26,27.42,10.7,2.56
119.0,auto_flow_1.19,car_flow_1.25,30.9,10.7,2.89
119.0,auto_flow_1.19,car_flow_1.26,5.06,10.7,0.47
119.0,auto_flow_1.19,car_flow_2.20,17.55,10.7,1.64
119.0,auto_flow_1.20,bike_flow_1.23,13.92,10.98,1.27
119.0,auto_flow_1.20,bike_flow_1.24,23.18,10.98,2.11
119.0,auto_flow_1.20,car_flow_1.24,4.17,10.98,0.38
119.0,auto_flow_1.20,car_flow_2.21,18.51,10.98,1.69
119.0,auto_flow_1.21,bike_flow_1.22,13.11,9.99,1.31
119.0,auto_flow_1.21,bike_flow_1.23,27.94,9.99,2.8
119.0,auto_flow_1.21,car_flow_1.23,6.13,9.99,0.61
119.0,auto_flow_1.21,car_flow_2.21,22.79,9.99,2.28
119.0,auto_flow_1.21,car_flow_2.22,17.98,9.99,1.8
119.0,bike_flow_1.22,car_flow_1.23,17.95,9.79,1.83
119.0,bike_flow_1.22,car_flow_2.22,6.16,9.79,0.63
119.0,bike_flow_1.23,car_flow_1.23,22.52,8.79,2.56
119.0,bike_flow_1.23,car_flow_1.24,16.22,8.79,1.85
119.0,bike_flow_1.23,car_flow_2.21,5.91,8.79,0.67
119.0,bike_flow_1.24,bike_flow_2.1,17.31,11.11,1.56
119.0,bike_flow_1.24,bike_flow_2.2,20.2,11.11,1.82
119.0,bike_flow_1.24,bike_flow_2.3,23.6,11.11,2.13
119.0,bike_flow_1.24,bike_flow_2.4,27.32,11.11,2.46
119.0,bike_flow_1.24,bike_flow_2.5,31.25,11.11,2.81
119.0,bike_flow_1.24,car_flow_1.24,20.28,11.11,1.83
119.0,bike_flow_1.24,car_flow_1.25,18.89,11.11,1.7
119.0,bike_flow_1.24,car_flow_2.20,32.24,11.11,2.9
119.0,bike_flow_1.25,bike_flow_2.1,25.01,9.1,2.75
119.0,bike_flow_1.25,bike_flow_2.2,27.09,9.1,2.98
119.0,bike_flow_1.25,car_flow_1.25,18.37,9.1,2.02
119.0,bike_flow_1.25,car_flow_1.26,16.28,9.1,1.79
119.0,bike_flow_1.25,car_flow_2.20,6.09,9.1,0.67
119.0,bike_flow_1.26,car_flow_1.26,23.32,10.51,2.22
119.0,bike_flow_1.26,car_flow_1.27,19.64,10.51,1.87
119.0,bike_flow_1.26,car_flow_2.19,5.87,10.51,0.56
119.0,car_flow_1.23,car_flow_2.21,17.85,10.23,1.74
119.0,car_flow_1.23,car_flow_2.22,23.43,10.23,2.29
119.0,car_flow_1.24,car_flow_2.21,21.43,9.11,2.35
119.0,car_flow_1.25,car_flow_2.20,13.57,9.13,1.49
119.0,car_flow_1.26,car_flow_2.19,28.42,10.46,2.72
119.0,car_flow_1.26,car_flow_2.20,21.7,10.46,2.07
119.0,car_flow_1.27,car_flow_2.19,15.06,11.06,1.36
120.0,auto_flow_1.18,car_flow_1.27,25.58,10.63,2.41
120.0,auto_flow_1.18,car_flow_2.19,17.39,10.63,1.64
120.0,auto_flow_1.19,bike_flow_1.26,5.72,10.44,0.55
120.0,auto_flow_1.19,car_flow_1.26,15.91,10.44,1.52
120.0,auto_flow_1.19,car_flow_1.27,25.18,10.44,2.41
120.0,auto_flow_1.19,car_flow_2.20,17.72,10.44,1.7
120.0,auto_flow_1.20,bike_flow_1.24,4.31,10.71,0.4
120.0,auto_flow_1.20,bike_flow_2.1,27.32,10.71,2.55
120.0,auto_flow_1.20,bike_flow_2.2,28.74,10.71,2.68
120.0,auto_flow_1.20,bike_flow_2.3,30.76,10.71,2.87
120.0,auto_flow_1.20,car_flow_1.24,17.71,10.71,1.65
120.0,auto_flow_1.20,car_flow_1.25,20.9,10.71,1.95
120.0,auto_flow_1.20,car_flow_2.21,17.82,10.71,1.66
120.0,auto_flow_1.21,bike_flow_1.23,8.22,9.79,0.84
120.0,auto_flow_1.21,car_flow_1.23,14.75,9.79,1.51
120.0,auto_flow_1.21,car_flow_1.24,25.01,9.79,2.56
120.0,auto_flow_1.21,car_flow_2.21,24.41,9.79,2.49
120.0,auto_flow_1.21,car_flow_2.22,17.24,9.79,1.76
120.0,bike_flow_1.22,car_flow_1.23,18.14,10.04,1.81
120.0,bike_flow_1.22,car_flow_2.22,15.64,10.04,1.56
120.0,bike_flow_1.23,car_flow_1.23,21.98,10.39,2.11
120.0,bike_flow_1.23,car_flow_1.24,17.23,10.39,1.66
120.0,bike_flow_1.23,car_flow_2.21,17.14,10.39,1.65
120.0,bike_flow_1.23,car_flow_2.22,25.02,10.39,2.41
120.0,bike_flow_1.24,bike_flow_2.1,25.58,9.37,2.73
120.0,bike_flow_1.24,bike_flow_2.2,27.62,9.37,2.95
120.0,bike_flow_1.24,car_flow_1.24,20.3,9.37,2.17
120.0,bike_flow_1.24,car_flow_1.25,17.77,9.37,1.9
120.0,bike_flow_1.24,car_flow_2.21,20.94,9.37,2.24
120.0,bike_flow_1.25,bike_flow_2.1,17.18,8.89,1.93
120.0,bike_flow_1.25,bike_flow_2.2,20.09,8.89,2.26
120.0,bike_flow_1.25,bike_flow_2.3,23.51,8.89,2.64
120.0,bike_flow_1.25,car_flow_1.25,19.97,8.89,2.25
120.0,bike_flow_1.25,car_flow_1.26,16.11,8.89,1.81
120.0,bike_flow_1.25,car_flow_2.20,14.34,8.89,1.61
120.0,bike_flow_1.26,car_flow_1.26,20.33,12.05,1.69
120.0,bike_flow_1.26,car_flow_1.27,20.24,12.05,1.68
120.0,bike_flow_1.26,car_flow_2.19,28.41,12.05,2.36
120.0,bike_flow_1.26,car_flow_2.20,22.69,12.05,1.88
120.0,car_flow_1.23,car_flow_2.22,4.28,9.85,0.43
120.0,car_flow_1.24,car_flow_2.21,3.22,9.38,0.34
120.0,car_flow_1.26,car_flow_2.20,3.85,9.06,0.42
120.0,car_flow_1.27,car_flow_2.19,8.61,11.45,0.75
121.0,auto_flow_1.19,bike_flow_1.26,16.5,10.77,1.53
121.0,auto_flow_1.19,car_flow_1.27,3.84,10.77,0.36
121.0,auto_flow_1.19,car_flow_2.20,17.89,10.77,1.66
121.0,auto_flow_1.20,bike_flow_1.24,16.25,10.02,1.62
121.0,auto_flow_1.20,bike_flow_1.25,21.48,10.02,2.14
121.0,auto_flow_1.20,bike_flow_2.1,17.77,10.02,1.77
121.0,auto_flow_1.20,bike_flow_2.2,19.88,10.02,1.98
121.0,auto_flow_1.20,bike_flow_2.3,22.7,10.02,2.27
121.0,auto_flow_1.20,bike_flow_2.4,26.0,10.02,2.6
121.0,auto_flow_1.20,bike_flow_2.5,29.62,10.02,2.96
121.0,auto_flow_1.20,car_flow_1.25,3.28,10.02,0.33
121.0,auto_flow_1.20,car_flow_2.21,17.42,10.02,1.74
121.0,auto_flow_1.21,bike_flow_1.23,12.95,9.72,1.33
121.0,auto_flow_1.21,bike_flow_1.24,26.78,9.72,2.76
121.0,auto_flow_1.21,car_flow_1.24,5.52,9.72,0.57
121.0,auto_flow_1.21,car_flow_2.21,25.1,9.72,2.58
121.0,auto_flow_1.21,car_flow_2.22,17.03,9.72,1.75
121.0,auto_flow_1.22,bike_flow_1.23,27.13,10.02,2.71
121.0,auto_flow_1.22,car_flow_1.23,6.19,10.02,0.62
121.0,auto_flow_1.22,car_flow_2.22,22.45,10.02,2.24
121.0,bike_flow_1.23,car_flow_1.23,21.64,10.4,2.08
121.0,bike_flow_1.23,car_flow_1.24,17.05,10.4,1.64
121.0,bike_flow_1.23,car_flow_2.22,5.51,10.4,0.53
121.0,bike_flow_1.24,car_flow_1.24,22.09,8.79,2.51
121.0,bike_flow_1.24,car_flow_1.25,16.63,8.79,1.89
121.0,bike_flow_1.24,car_flow_2.21,3.53,8.79,0.4
121.0,bike_flow_1.25,bike_flow_2.1,10.89,9.37,1.16
121.0,bike_flow_1.25,bike_flow_2.2,15.07,9.37,1.61
121.0,bike_flow_1.25,bike_flow_2.3,19.39,9.37,2.07
121.0,bike_flow_1.25,bike_flow_2.4,23.78,9.37,2.54
121.0,bike_flow_1.25,car_flow_1.25,20.53,9.37,2.19
121.0,bike_flow_1.25,car_flow_1.26,16.0,9.37,1.71
121.0,bike_flow_1.26,car_flow_1.26,19.65,10.16,1.93
121.0,bike_flow_1.26,car_flow_1.27,18.31,10.16,1.8
121.0,bike_flow_1.26,car_flow_2.20,3.62,10.16,0.36
121.0,bike_flow_1.27,car_flow_2.19,7.99,10.57,0.76
121.0,car_flow_1.23,car_flow_2.22,17.45,10.06,1.73
121.0,car_flow_1.24,car_flow_2.21,20.84,10.58,1.97
121.0,car_flow_1.24,car_flow_2.22,21.77,10.58,2.06
121.0,car_flow_1.25,car_flow_2.21,18.41,9.93,1.85
121.0,car_flow_1.26,car_flow_2.20,18.23,9.47,1.92
121.0,car_flow_1.27,car_flow_2.19,30.45,12.09,2.52
121.0,car_flow_1.27,car_flow_2.20,20.26,12.09,1.68
122.0,auto_flow_1.19,bike_flow_1.27,17.8,10.31,1.73
122.0,auto_flow_1.19,car_flow_1.27,18.98,10.31,1.84
122.0,auto_flow_1.19,car_flow_2.20,17.73,10.31,1.72
122.0,auto_flow_1.20,bike_flow_1.25,3.97,9.91,0.4
122.0,auto_flow_1.20,bike_flow_2.1,9.32,9.91,0.94
122.0,auto_flow_1.20,bike_flow_2.2,12.9,9.91,1.3
122.0,auto_flow_1.20,bike_flow_2.3,16.93,9.91,1.71
122.0,auto_flow_1.20,bike_flow_2.4,21.15,9.91,2.13
122.0,auto_flow_1.20,bike_flow_2.5,25.47,9.91,2.57
122.0,auto_flow_1.20,car_flow_1.25,18.49,9.91,1.87
122.0,auto_flow_1.20,car_flow_1.26,18.66,9.91,1.88
122.0,auto_flow_1.20,car_flow_2.21,17.48,9.91,1.76
122.0,auto_flow_1.21,bike_flow_1.24,6.84,9.7,0.71
122.0,auto_flow_1.21,car_flow_1.24,15.87,9.7,1.64
122.0,auto_flow_1.21,car_flow_1.25,24.73,9.7,2.55
122.0,auto_flow_1.21,car_flow_2.21,25.26,9.7,2.6
122.0,auto_flow_1.21,car_flow_2.22,17.31,9.7,1.78
122.0,auto_flow_1.22,bike_flow_1.23,7.55,10.42,0.72
122.0,auto_flow_1.22,car_flow_1.24,23.44,10.42,2.25
122.0,auto_flow_1.22,car_flow_2.22,21.45,10.42,2.06
122.0,bike_flow_1.23,car_flow_1.24,16.38,9.68,1.69
122.0,bike_flow_1.23,car_flow_2.22,14.96,9.68,1.55
122.0,bike_flow_1.24,car_flow_1.24,21.59,10.85,1.99
122.0,bike_flow_1.24,car_flow_1.25,18.48,10.85,1.7
122.0,bike_flow_1.24,car_flow_2.21,19.48,10.85,1.8
122.0,bike_flow_1.24,car_flow_2.22,23.57,10.85,2.17
122.0,bike_flow_1.25,bike_flow_2.1,10.68,8.98,1.19
122.0,bike_flow_1.25,bike_flow_2.2,14.92,8.98,1.66
122.0,bike_flow_1.25,bike_flow_2.3,19.27,8.98,2.15
122.0,bike_flow_1.25,bike_flow_2.4,23.69,8.98,2.64
122.0,bike_flow_1.25,car_flow_1.25,20.56,8.98,2.29
122.0,bike_flow_1.25,car_flow_1.26,16.05,8.98,1.79
122.0,bike_flow_1.25,car_flow_2.21,20.08,8.98,2.24
122.0,bike_flow_1.26,car_flow_1.26,19.11,9.48,2.02
122.0,bike_flow_1.26,car_flow_1.27,17.27,9.48,1.82
122.0,bike_flow_1.26,car_flow_2.20,18.53,9.48,1.96
122.0,bike_flow_1.27,car_flow_2.20,35.38,11.9,2.97
122.0,car_flow_1.24,car_flow_2.22,3.65,10.35,0.35
122.0,car_flow_1.25,car_flow_2.21,3.28,9.0,0.36
122.0,car_flow_1.27,car_flow_2.20,3.35,10.52,0.32
123.0,auto_flow_1.19,bike_flow_1.27,4.9,10.56,0.46
123.0,auto_flow_1.19,car_flow_1.28,16.17,10.56,1.53
123.0,auto_flow_1.19,car_flow_2.20,17.54,10.56,1.66
123.0,auto_flow_1.20,bike_flow_1.25,16.68,9.83,1.7
123.0,auto_flow_1.20,bike_flow_1.26,19.79,9.83,2.01
123.0,auto_flow_1.20,bike_flow_2.1,7.36,9.83,0.75
123.0,auto_flow_1.20,bike_flow_2.2,11.57,9.83,1.18
123.0,auto_flow_1.20,bike_flow_2.3,15.94,9.83,1.62
123.0,auto_flow_1.20,bike_flow_2.4,20.37,9.83,2.07
123.0,auto_flow_1.20,bike_flow_2.5,24.82,9.83,2.52
123.0,auto_flow_1.20,bike_flow_2.6,29.29,9.83,2.98
123.0,auto_flow_1.20,car_flow_1.26,3.2,9.83,0.33
123.0,auto_flow_1.20,car_flow_2.21,17.08,9.83,1.74
123.0,auto_flow_1.21,bike_flow_1.24,15.76,10.95,1.44
123.0,auto_flow_1.21,bike_flow_1.25,25.46,10.95,2.33
123.0,auto_flow_1.21,car_flow_1.25,4.43,10.95,0.4
123.0,auto_flow_1.21,car_flow_2.21,24.54,10.95,2.24
123.0,auto_flow_1.21,car_flow_2.22,18.33,10.95,1.67
123.0,auto_flow_1.22,bike_flow_1.23,14.56,9.23,1.58
123.0,auto_flow_1.22,bike_flow_1.24,25.25,9.23,2.73
123.0,auto_flow_1.22,car_flow_1.24,5.31,9.23,0.58
123.0,auto_flow_1.22,car_flow_2.22,22.15,9.23,2.4
123.0,bike_flow_1.23,car_flow_1.24,18.44,11.81,1.56
123.0,bike_flow_1.24,car_flow_1.24,20.81,10.53,1.98
123.0,bike_flow_1.24,car_flow_1.25,18.5,10.53,1.76
123.0,bike_flow_1.24,car_flow_2.22,4.32,10.53,0.41
123.0,bike_flow_1.25,bike_flow_2.1,16.37,8.88,1.84
123.0,bike_flow_1.25,bike_flow_2.2,19.41,8.88,2.19
123.0,bike_flow_1.25,bike_flow_2.3,22.93,8.88,2.58
123.0,bike_flow_1.25,car_flow_1.25,22.19,8.88,2.5
123.0,bike_flow_1.25,car_flow_1.26,16.24,8.88,1.83
123.0,bike_flow_1.25,car_flow_2.21,3.28,8.88,0.37
123.0,bike_flow_1.26,car_flow_1.26,19.66,8.13,2.42
123.0,bike_flow_1.26,car_flow_1.27,15.66,8.13,1.93
123.0,bike_flow_1.27,car_flow_1.28,19.57,10.67,1.83
123.0,bike_flow_1.27,car_flow_2.20,14.19,10.67,1.33
123.0,car_flow_1.24,car_flow_2.22,18.19,9.75,1.87
123.0,car_flow_1.25,car_flow_2.21,21.72,10.51,2.07
123.0,car_flow_1.25,car_flow_2.22,21.64,10.51,2.06
123.0,car_flow_1.26,car_flow_2.21,17.25,8.68,1.99
123.0,car_flow_1.27,car_flow_2.20,21.7,9.74,2.23
124.0,auto_flow_1.19,bike_flow_1.27,24.18,9.95,2.43
124.0,auto_flow_1.19,car_flow_1.28,6.22,9.95,0.63
124.0,auto_flow_1.19,car_flow_2.20,17.13,9.95,1.72
124.0,auto_flow_1.20,bike_flow_1.26,3.39,10.59,0.32
124.0,auto_flow_1.20,bike_flow_2.1,15.34,10.59,1.45
124.0,auto_flow_1.20,bike_flow_2.2,17.74,10.59,1.68
124.0,auto_flow_1.20,bike_flow_2.3,20.86,10.59,1.97
124.0,auto_flow_1.20,bike_flow_2.4,24.41,10.59,2.31
124.0,auto_flow_1.20,bike_flow_2.5,28.23,10.59,2.67
124.0,auto_flow_1.20,car_flow_1.26,19.98,10.59,1.89
124.0,auto_flow_1.20,car_flow_1.27,15.76,10.59,1.49
124.0,auto_flow_1.20,car_flow_2.21,17.31,10.59,1.64
124.0,auto_flow_1.21,bike_flow_1.25,6.73,10.06,0.67
124.0,auto_flow_1.21,bike_flow_2.1,29.07,10.06,2.89
124.0,auto_flow_1.21,car_flow_1.25,17.84,10.06,1.77
124.0,auto_flow_1.21,car_flow_1.26,22.66,10.06,2.25
124.0,auto_flow_1.21,car_flow_2.21,24.84,10.06,2.47
124.0,auto_flow_1.21,car_flow_2.22,17.43,10.06,1.73
124.0,auto_flow_1.22,bike_flow_1.24,7.21,9.74,0.74
124.0,auto_flow_1.22,car_flow_1.24,16.78,9.74,1.72
124.0,auto_flow_1.22,car_flow_1.25,23.47,9.74,2.41
124.0,auto_flow_1.22,car_flow_2.22,23.38,9.74,2.4
124.0,auto_flow_1.22,car_flow_2.23,27.39,9.74,2.81
124.0,bike_flow_1.24,car_flow_1.24,22.94,8.84,2.6
124.0,bike_flow_1.24,car_flow_1.25,16.79,8.84,1.9
124.0,bike_flow_1.24,car_flow_2.22,17.21,8.84,1.95
124.0,bike_flow_1.25,bike_flow_2.1,24.44,9.27,2.64
124.0,bike_flow_1.25,bike_flow_2.2,26.57,9.27,2.86
124.0,bike_flow_1.25,car_flow_1.25,23.47,9.27,2.53
124.0,bike_flow_1.25,car_flow_1.26,16.51,9.27,1.78
124.0,bike_flow_1.25,car_flow_2.21,19.19,9.27,2.07
124.0,bike_flow_1.25,car_flow_2.22,23.56,9.27,2.54
124.0,bike_flow_1.26,bike_flow_2.1,17.88,7.83,2.28
124.0,bike_flow_1.26,bike_flow_2.2,20.69,7.83,2.64
124.0,bike_flow_1.26,car_flow_1.26,20.83,7.83,2.66
124.0,bike_flow_1.26,car_flow_1.27,14.32,7.83,1.83
124.0,bike_flow_1.26,car_flow_2.21,18.7,7.83,2.39
124.0,bike_flow_1.27,car_flow_1.28,18.63,10.3,1.81
124.0,bike_flow_1.27,car_flow_2.20,7.55,10.3,0.73
124.0,car_flow_1.24,car_flow_2.23,11.37,10.98,1.04
124.0,car_flow_1.25,car_flow_2.22,3.2,10.55,0.3
124.0,car_flow_1.26,car_flow_2.21,4.01,9.0,0.44
124.0,car_flow_1.28,car_flow_2.20,12.22,11.24,1.09
125.0,auto_flow_1.19,car_flow_1.28,26.57,10.2,2.61
125.0,auto_flow_1.19,car_flow_2.20,17.11,10.2,1.68
125.0,auto_flow_1.20,bike_flow_1.26,20.36,10.73,1.9
125.0,auto_flow_1.20,bike_flow_1.27,28.48,10.73,2.65
125.0,auto_flow_1.20,bike_flow_2.1,25.45,10.73,2.37
125.0,auto_flow_1.20,bike_flow_2.2,26.97,10.73,2.51
125.0,auto_flow_1.20,bike_flow_2.3,29.11,10.73,2.71
125.0,auto_flow_1.20,bike_flow_2.4,31.75,10.73,2.96
125.0,auto_flow_1.20,car_flow_1.27,4.86,10.73,0.45
125.0,auto_flow_1.20,car_flow_2.21,17.81,10.73,1.66
125.0,auto_flow_1.21,bike_flow_1.25,16.56,10.77,1.54
125.0,auto_flow_1.21,bike_flow_1.26,22.24,10.77,2.07
125.0,auto_flow_1.21,bike_flow_2.1,18.74,10.77,1.74
125.0,auto_flow_1.21,bike_flow_2.2,20.76,10.77,1.93
125.0,auto_flow_1.21,bike_flow_2.3,23.48,10.77,2.18
125.0,auto_flow_1.21,bike_flow_2.4,26.68,10.77,2.48
125.0,auto_flow_1.21,bike_flow_2.5,30.22,10.77,2.81
125.0,auto_flow_1.21,car_flow_1.26,3.77,10.77,0.35
125.0,auto_flow_1.21,car_flow_2.21,24.3,10.77,2.26
125.0,auto_flow_1.21,car_flow_2.22,18.32,10.77,1.7
125.0,auto_flow_1.22,bike_flow_1.24,13.55,9.89,1.37
125.0,auto_flow_1.22,bike_flow_1.25,25.63,9.89,2.59
125.0,auto_flow_1.22,car_flow_1.25,5.04,9.89,0.51
125.0,auto_flow_1.22,car_flow_2.22,23.35,9.89,2.36
125.0,auto_flow_1.22,car_flow_2.23,26.0,9.89,2.63
125.0,bike_flow_1.24,car_flow_1.24,25.67,9.74,2.64
125.0,bike_flow_1.24,car_flow_1.25,17.06,9.74,1.75
125.0,bike_flow_1.24,car_flow_2.23,13.22,9.74,1.36
125.0,bike_flow_1.25,car_flow_1.25,21.53,11.4,1.89
125.0,bike_flow_1.25,car_flow_1.26,18.25,11.4,1.6
125.0,bike_flow_1.25,car_flow_2.22,3.81,11.4,0.33
125.0,bike_flow_1.26,bike_flow_2.1,10.77,10.49,1.03
125.0,bike_flow_1.26,bike_flow_2.2,14.98,10.49,1.43
125.0,bike_flow_1.26,bike_flow_2.3,19.33,10.49,1.84
125.0,bike_flow_1.26,bike_flow_2.4,23.73,10.49,2.26
125.0,bike_flow_1.26,bike_flow_2.5,28.16,10.49,2.69
125.0,bike_flow_1.26,car_flow_1.26,20.02,10.49,1.91
125.0,bike_flow_1.26,car_flow_1.27,16.44,10.49,1.57
125.0,bike_flow_1.26,car_flow_2.21,3.94,10.49,0.38
125.0,bike_flow_1.27,car_flow_1.28,18.34,10.55,1.74
125.0,bike_flow_1.27,car_flow_2.20,27.79,10.55,2.63
125.0,car_flow_1.24,car_flow_2.23,13.23,12.46,1.06
125.0,car_flow_1.25,car_flow_2.22,19.72,9.46,2.08
125.0,car_flow_1.26,car_flow_2.21,22.53,9.67,2.33
125.0,car_flow_1.26,car_flow_2.22,20.57,9.67,2.13
125.0,car_flow_1.27,car_flow_2.21,14.51,8.36,1.74
125.0,car_flow_1.28,car_flow_2.20,9.8,10.84,0.9
126.0,auto_flow_1.20,bike_flow_1.27,7.72,9.77,0.79
126.0,auto_flow_1.20,car_flow_1.27,23.85,9.77,2.44
126.0,auto_flow_1.20,car_flow_1.28,26.07,9.77,2.67
126.0,auto_flow_1.20,car_flow_2.21,16.93,9.77,1.73
126.0,auto_flow_1.21,bike_flow_1.26,3.88,10.23,0.38
126.0,auto_flow_1.21,bike_flow_2.1,9.85,10.23,0.96
126.0,auto_flow_1.21,bike_flow_2.2,13.29,10.23,1.3
126.0,auto_flow_1.21,bike_flow_2.3,17.23,10.23,1.68
126.0,auto_flow_1.21,bike_flow_2.4,21.39,10.23,2.09
126.0,auto_flow_1.21,bike_flow_2.5,25.67,10.23,2.51
126.0,auto_flow_1.21,bike_flow_2.6,30.01,10.23,2.93
126.0,auto_flow_1.21,car_flow_1.26,19.6,10.23,1.92
126.0,auto_flow_1.21,car_flow_1.27,18.3,10.23,1.79
126.0,auto_flow_1.21,car_flow_2.21,24.72,10.23,2.42
126.0,auto_flow_1.21,car_flow_2.22,17.29,10.23,1.69
126.0,auto_flow_1.22,bike_flow_1.25,5.92,10.68,0.55
126.0,auto_flow_1.22,car_flow_1.25,16.55,10.68,1.55
126.0,auto_flow_1.22,car_flow_1.26,22.12,10.68,2.07
126.0,auto_flow_1.22,car_flow_2.22,23.94,10.68,2.24
126.0,auto_flow_1.22,car_flow_2.23,24.1,10.68,2.26
126.0,auto_flow_1.23,bike_flow_1.24,16.32,11.0,1.48
126.0,auto_flow_1.23,car_flow_2.23,25.86,11.0,2.35
126.0,bike_flow_1.24,car_flow_1.25,17.72,10.11,1.75
126.0,bike_flow_1.24,car_flow_2.23,10.36,10.11,1.02
126.0,bike_flow_1.25,car_flow_1.25,21.22,9.76,2.17
126.0,bike_flow_1.25,car_flow_1.26,16.9,9.76,1.73
126.0,bike_flow_1.25,car_flow_2.22,19.22,9.76,1.97
126.0,bike_flow_1.25,car_flow_2.23,29.26,9.76,3.0
126.0,bike_flow_1.26,bike_flow_2.1,11.06,9.59,1.15
126.0,bike_flow_1.26,bike_flow_2.2,15.19,9.59,1.58
126.0,bike_flow_1.26,bike_flow_2.3,19.49,9.59,2.03
126.0,bike_flow_1.26,bike_flow_2.4,23.86,9.59,2.49
126.0,bike_flow_1.26,bike_flow_2.5,28.27,9.59,2.95
126.0,bike_flow_1.26,car_flow_1.26,21.53,9.59,2.25
126.0,bike_flow_1.26,car_flow_1.27,15.82,9.59,1.65
126.0,bike_flow_1.26,car_flow_2.21,22.76,9.59,2.37
126.0,bike_flow_1.26,car_flow_2.22,19.74,9.59,2.06
126.0,bike_flow_1.27,car_flow_1.27,30.66,11.51,2.66
126.0,bike_flow_1.27,car_flow_1.28,18.84,11.51,1.64
126.0,bike_flow_1.27,car_flow_2.21,24.17,11.51,2.1
126.0,car_flow_1.25,car_flow_2.23,8.49,9.45,0.9
126.0,car_flow_1.26,car_flow_2.22,3.8,11.11,0.34
126.0,car_flow_1.27,car_flow_2.21,7.43,10.21,0.73
126.0,car_flow_1.28,car_flow_2.20,30.87,11.01,2.8
127.0,auto_flow_1.20,bike_flow_1.27,13.76,9.92,1.39
127.0,auto_flow_1.20,car_flow_1.28,5.83,9.92,0.59
127.0,auto_flow_1.20,car_flow_2.21,16.87,9.92,1.7
127.0,auto_flow_1.21,bike_flow_1.26,19.08,10.19,1.87
127.0,auto_flow_1.21,bike_flow_1.27,28.18,10.19,2.77
127.0,auto_flow_1.21,bike_flow_2.1,7.2,10.19,0.71
127.0,auto_flow_1.21,bike_flow_2.2,11.47,10.19,1.13
127.0,auto_flow_1.21,bike_flow_2.3,15.87,10.19,1.56
127.0,auto_flow_1.21,bike_flow_2.4,20.31,10.19,1.99
127.0,auto_flow_1.21,bike_flow_2.5,24.77,10.19,2.43
127.0,auto_flow_1.21,bike_flow_2.6,29.25,10.19,2.87
127.0,auto_flow_1.21,car_flow_1.27,3.43,10.19,0.34
127.0,auto_flow_1.21,car_flow_2.21,24.52,10.19,2.41
127.0,auto_flow_1.21,car_flow_2.22,16.78,10.19,1.65
127.0,auto_flow_1.22,bike_flow_1.25,16.63,10.81,1.54
127.0,auto_flow_1.22,bike_flow_1.26,22.04,10.81,2.04
127.0,auto_flow_1.22,car_flow_1.26,3.48,10.81,0.32
127.0,auto_flow_1.22,car_flow_2.22,23.84,10.81,2.21
127.0,auto_flow_1.22,car_flow_2.23,21.9,10.81,2.03
127.0,auto_flow_1.23,bike_flow_1.24,5.46,9.7,0.56
127.0,auto_flow_1.23,car_flow_1.25,14.38,9.7,1.48
127.0,bike_flow_1.24,car_flow_1.25,18.44,10.73,1.72
127.0,bike_flow_1.25,car_flow_1.25,20.73,10.5,1.97
127.0,bike_flow_1.25,car_flow_1.26,17.69,10.5,1.69
127.0,bike_flow_1.25,car_flow_2.23,6.43,10.5,0.61
127.0,bike_flow_1.26,bike_flow_2.1,18.7,10.81,1.73
127.0,bike_flow_1.26,bike_flow_2.2,21.41,10.81,1.98
127.0,bike_flow_1.26,bike_flow_2.3,24.64,10.81,2.28
127.0,bike_flow_1.26,bike_flow_2.4,28.23,10.81,2.61
127.0,bike_flow_1.26,bike_flow_2.5,32.04,10.81,2.96
127.0,bike_flow_1.26,car_flow_1.26,20.43,10.81,1.89
127.0,bike_flow_1.26,car_flow_1.27,17.58,10.81,1.63
127.0,bike_flow_1.26,car_flow_2.22,3.79,10.81,0.35
127.0,bike_flow_1.27,car_flow_1.27,29.23,10.49,2.79
127.0,bike_flow_1.27,car_flow_1.28,18.26,10.49,1.74
127.0,bike_flow_1.27,car_flow_2.21,4.73,10.49,0.45
127.0,car_flow_1.25,car_flow_2.23,15.49,10.01,1.55
127.0,car_flow_1.26,car_flow_2.22,22.69,9.71,2.34
127.0,car_flow_1.26,car_flow_2.23,23.49,9.71,2.42
127.0,car_flow_1.27,car_flow_2.21,25.94,9.05,2.87
127.0,car_flow_1.27,car_flow_2.22,15.88,9.05,1.75
127.0,car_flow_1.28,car_flow_2.21,21.97,11.07,1.98
128.0,auto_flow_1.20,car_flow_1.28,15.9,9.61,1.65
128.0,auto_flow_1.20,car_flow_2.21,16.61,9.61,1.73
128.0,auto_flow_1.21,bike_flow_1.27,6.89,10.4,0.66
128.0,auto_flow_1.21,bike_flow_2.1,14.83,10.4,1.43
128.0,auto_flow_1.21,bike_flow_2.2,17.31,10.4,1.66
128.0,auto_flow_1.21,bike_flow_2.3,20.49,10.4,1.97
128.0,auto_flow_1.21,bike_flow_2.4,24.1,10.4,2.32
128.0,auto_flow_1.21,bike_flow_2.5,27.96,10.4,2.69
128.0,auto_flow_1.21,car_flow_1.27,22.33,10.4,2.15
128.0,auto_flow_1.21,car_flow_1.28,25.22,10.4,2.42
128.0,auto_flow_1.21,car_flow_2.21,23.98,10.4,2.3
128.0,auto_flow_1.21,car_flow_2.22,17.54,10.4,1.69
128.0,auto_flow_1.22,bike_flow_1.26,4.3,10.01,0.43
128.0,auto_flow_1.22,bike_flow_2.1,28.5,10.01,2.85
128.0,auto_flow_1.22,bike_flow_2.2,29.87,10.01,2.98
128.0,auto_flow_1.22,car_flow_1.26,19.25,10.01,1.92
128.0,auto_flow_1.22,car_flow_1.27,19.18,10.01,1.92
128.0,auto_flow_1.22,car_flow_2.22,23.47,10.01,2.35
128.0,auto_flow_1.22,car_flow_2.23,19.3,10.01,1.93
128.0,auto_flow_1.23,bike_flow_1.25,14.44,10.98,1.32
128.0,auto_flow_1.23,car_flow_1.25,8.21,10.98,0.75
128.0,auto_flow_1.23,car_flow_1.26,31.28,10.98,2.85
128.0,auto_flow_1.23,car_flow_2.23,30.8,10.98,2.81
128.0,auto_flow_1.23,car_flow_2.24,18.68,10.98,1.7
128.0,bike_flow_1.25,car_flow_1.25,21.64,9.69,2.23
128.0,bike_flow_1.25,car_flow_1.26,17.03,9.69,1.76
128.0,bike_flow_1.25,car_flow_2.23,17.02,9.69,1.76
128.0,bike_flow_1.26,bike_flow_2.1,26.71,8.93,2.99
128.0,bike_flow_1.26,car_flow_1.26,21.85,8.93,2.45
128.0,bike_flow_1.26,car_flow_1.27,16.04,8.93,1.8
128.0,bike_flow_1.26,car_flow_2.22,20.84,8.93,2.34
128.0,bike_flow_1.26,car_flow_2.23,22.4,8.93,2.51
128.0,bike_flow_1.27,bike_flow_2.1,21.72,11.5,1.89
128.0,bike_flow_1.27,bike_flow_2.2,24.09,11.5,2.1
128.0,bike_flow_1.27,bike_flow_2.3,27.0,11.5,2.35
128.0,bike_flow_1.27,bike_flow_2.4,30.31,11.5,2.64
128.0,bike_flow_1.27,bike_flow_2.5,33.89,11.5,2.95
128.0,bike_flow_1.27,car_flow_1.27,28.19,11.5,2.45
128.0,bike_flow_1.27,car_flow_1.28,18.92,11.5,1.65
128.0,bike_flow_1.27,car_flow_2.21,18.16,11.5,1.58
128.0,bike_flow_1.27,car_flow_2.22,23.86,11.5,2.07
128.0,car_flow_1.25,car_flow_2.24,11.57,10.6,1.09
128.0,car_flow_1.26,car_flow_2.23,3.22,10.35,0.31
128.0,car_flow_1.27,car_flow_2.22,5.57,10.46,0.53
128.0,car_flow_1.28,car_flow_2.21,3.36,10.84,0.31
129.0,auto_flow_1.20,bike_flow_1.28,7.04,9.79,0.72
129.0,auto_flow_1.20,car_flow_2.21,16.47,9.79,1.68
129.0,auto_flow_1.21,bike_flow_1.27,15.96,10.83,1.47
129.0,auto_flow_1.21,bike_flow_2.1,25.0,10.83,2.31
129.0,auto_flow_1.21,bike_flow_2.2,26.55,10.83,2.45
129.0,auto_flow_1.21,bike_flow_2.3,28.72,10.83,2.65
129.0,auto_flow_1.21,bike_flow_2.4,31.39,10.83,2.9
129.0,auto_flow_1.21,car_flow_1.28,4.38,10.83,0.4
129.0,auto_flow_1.21,car_flow_2.21,23.08,10.83,2.13
129.0,auto_flow_1.21,car_flow_2.22,17.9,10.83,1.65
129.0,auto_flow_1.22,bike_flow_1.26,18.6,10.53,1.77
129.0,auto_flow_1.22,bike_flow_1.27,25.88,10.53,2.46
129.0,auto_flow_1.22,bike_flow_2.1,18.42,10.53,1.75
129.0,auto_flow_1.22,bike_flow_2.2,20.47,10.53,1.94
129.0,auto_flow_1.22,bike_flow_2.3,23.22,10.53,2.21
129.0,auto_flow_1.22,bike_flow_2.4,26.46,10.53,2.51
129.0,auto_flow_1.22,bike_flow_2.5,30.02,10.53,2.85
129.0,auto_flow_1.22,car_flow_1.27,3.24,10.53,0.31
129.0,auto_flow_1.22,car_flow_2.22,23.41,10.53,2.22
129.0,auto_flow_1.22,car_flow_2.23,19.12,10.53,1.82
129.0,auto_flow_1.23,bike_flow_1.25,7.75,10.81,0.72
129.0,auto_flow_1.23,bike_flow_1.26,31.65,10.81,2.93
129.0,auto_flow_1.23,car_flow_1.25,30.79,10.81,2.85
129.0,auto_flow_1.23,car_flow_1.26,10.99,10.81,1.02
129.0,auto_flow_1.23,car_flow_2.23,30.68,10.81,2.84
129.0,auto_flow_1.23,car_flow_2.24,18.76,10.81,1.73
129.0,bike_flow_1.25,car_flow_1.25,23.57,10.32,2.28
129.0,bike_flow_1.25,car_flow_1.26,17.57,10.32,1.7
129.0,bike_flow_1.25,car_flow_2.24,12.13,10.32,1.18
129.0,bike_flow_1.26,car_flow_1.26,20.97,10.67,1.97
129.0,bike_flow_1.26,car_flow_1.27,17.84,10.67,1.67
129.0,bike_flow_1.26,car_flow_2.23,3.3,10.67,0.31
129.0,bike_flow_1.27,bike_flow_2.1,12.96,10.9,1.19
129.0,bike_flow_1.27,bike_flow_2.2,16.63,10.9,1.53
129.0,bike_flow_1.27,bike_flow_2.3,20.63,10.9,1.89
129.0,bike_flow_1.27,bike_flow_2.4,24.8,10.9,2.27
129.0,bike_flow_1.27,bike_flow_2.5,29.07,10.9,2.67
129.0,bike_flow_1.27,car_flow_1.27,26.16,10.9,2.4
129.0,bike_flow_1.27,car_flow_1.28,18.62,10.9,1.71
129.0,bike_flow_1.27,car_flow_2.22,3.92,10.9,0.36
129.0,bike_flow_1.28,car_flow_1.29,23.36,13.05,1.79
129.0,bike_flow_1.28,car_flow_2.21,22.97,13.05,1.76
129.0,car_flow_1.25,car_flow_2.24,12.29,12.25,1.0
129.0,car_flow_1.26,car_flow_2.23,20.42,9.79,2.09
129.0,car_flow_1.27,car_flow_2.22,24.11,8.87,2.72
129.0,car_flow_1.27,car_flow_2.23,18.91,8.87,2.13
129.0,car_flow_1.28,car_flow_2.21,20.35,11.2,1.82
129.0,car_flow_1.28,car_flow_2.22,21.13,11.2,1.89
130.0,auto_flow_1.20,bike_flow_1.28,19.77,10.89,1.82
130.0,auto_flow_1.20,car_flow_1.29,6.35,10.89,0.58
130.0,auto_flow_1.20,car_flow_2.21,17.9,10.89,1.64
130.0,auto_flow_1.21,bike_flow_1.28,20.93,10.24,2.04
130.0,auto_flow_1.21,car_flow_1.28,18.24,10.24,1.78
130.0,auto_flow_1.21,car_flow_2.21,22.3,10.24,2.18
130.0,auto_flow_1.21,car_flow_2.22,17.22,10.24,1.68
130.0,auto_flow_1.22,bike_flow_1.27,5.49,10.59,0.52
130.0,auto_flow_1.22,bike_flow_2.1,9.34,10.59,0.88
130.0,auto_flow_1.22,bike_flow_2.2,12.92,10.59,1.22
130.0,auto_flow_1.22,bike_flow_2.3,16.95,10.59,1.6
130.0,auto_flow_1.22,bike_flow_2.4,21.16,10.59,2.0
130.0,auto_flow_1.22,bike_flow_2.5,25.48,10.59,2.41
130.0,auto_flow_1.22,bike_flow_2.6,29.85,10.59,2.82
130.0,auto_flow_1.22,car_flow_1.27,22.17,10.59,2.09
130.0,auto_flow_1.22,car_flow_1.28,23.23,10.59,2.19
130.0,auto_flow_1.22,car_flow_2.22,23.75,10.59,2.24
130.0,auto_flow_1.22,car_flow_2.23,18.43,10.59,1.74
130.0,auto_flow_1.23,bike_flow_1.25,29.0,10.24,2.83
130.0,auto_flow_1.23,bike_flow_1.26,11.05,10.24,1.08
130.0,auto_flow_1.23,car_flow_1.26,10.66,10.24,1.04
130.0,auto_flow_1.23,car_flow_1.27,28.4,10.24,2.77
130.0,auto_flow_1.23,car_flow_2.24,17.76,10.24,1.73
130.0,auto_flow_1.24,bike_flow_1.25,13.3,10.92,1.22
130.0,auto_flow_1.24,car_flow_1.26,31.73,10.92,2.91
130.0,auto_flow_1.24,car_flow_2.24,23.98,10.92,2.2
130.0,bike_flow_1.25,car_flow_1.26,18.66,11.53,1.62
130.0,bike_flow_1.25,car_flow_2.24,11.52,11.53,1.0
130.0,bike_flow_1.26,car_flow_1.26,20.75,10.66,1.95
130.0,bike_flow_1.26,car_flow_1.27,17.64,10.66,1.65
130.0,bike_flow_1.26,car_flow_2.23,21.38,10.66,2.01
130.0,bike_flow_1.26,car_flow_2.24,28.52,10.66,2.67
130.0,bike_flow_1.27,bike_flow_2.1,10.04,10.64,0.94
130.0,bike_flow_1.27,bike_flow_2.2,14.46,10.64,1.36
130.0,bike_flow_1.27,bike_flow_2.3,18.93,10.64,1.78
130.0,bike_flow_1.27,bike_flow_2.4,23.4,10.64,2.2
130.0,bike_flow_1.27,bike_flow_2.5,27.89,10.64,2.62
130.0,bike_flow_1.27,car_flow_1.27,26.39,10.64,2.48
130.0,bike_flow_1.27,car_flow_1.28,18.55,10.64,1.74
130.0,bike_flow_1.27,car_flow_2.22,19.56,10.64,1.84
130.0,bike_flow_1.27,car_flow_2.23,23.11,10.64,2.17
130.0,bike_flow_1.28,car_flow_1.28,38.64,14.89,2.59
130.0,bike_flow_1.28,car_flow_1.29,25.0,14.89,1.68
130.0,bike_flow_1.28,car_flow_2.21,3.58,14.89,0.24
130.0,bike_flow_1.28,car_flow_2.22,38.04,14.89,2.55
130.0,car_flow_1.26,car_flow_2.24,8.24,10.44,0.79
130.0,car_flow_1.27,car_flow_2.23,4.74,10.86,0.44
130.0,car_flow_1.28,car_flow_2.22,3.28,10.7,0.31
130.0,car_flow_1.29,car_flow_2.21,23.6,13.26,1.78
131.0,auto_flow_1.20,bike_flow_1.29,12.36,9.81,1.26
131.0,auto_flow_1.20,car_flow_1.29,18.13,9.81,1.85
131.0,auto_flow_1.20,car_flow_2.21,16.55,9.81,1.69
131.0,auto_flow_1.21,bike_flow_1.28,4.6,10.49,0.44
131.0,auto_flow_1.21,car_flow_1.29,21.9,10.49,2.09
131.0,auto_flow_1.21,car_flow_2.21,22.96,10.49,2.19
131.0,auto_flow_1.21,car_flow_2.22,17.37,10.49,1.66
131.0,auto_flow_1.22,bike_flow_1.27,18.1,10.78,1.68
131.0,auto_flow_1.22,bike_flow_2.1,7.81,10.78,0.72
131.0,auto_flow_1.22,bike_flow_2.2,11.86,10.78,1.1
131.0,auto_flow_1.22,bike_flow_2.3,16.15,10.78,1.5
131.0,auto_flow_1.22,bike_flow_2.4,20.53,10.78,1.9
131.0,auto_flow_1.22,bike_flow_2.5,24.96,10.78,2.31
131.0,auto_flow_1.22,bike_flow_2.6,29.4,10.78,2.73
131.0,auto_flow_1.22,car_flow_1.28,3.54,10.78,0.33
131.0,auto_flow_1.22,car_flow_2.22,23.31,10.78,2.16
131.0,auto_flow_1.22,car_flow_2.23,18.26,10.78,1.69
131.0,auto_flow_1.23,bike_flow_1.26,11.27,10.65,1.06
131.0,auto_flow_1.23,car_flow_1.27,7.58,10.65,0.71
131.0,auto_flow_1.23,car_flow_2.24,18.19,10.65,1.71
131.0,auto_flow_1.24,bike_flow_1.25,11.75,10.36,1.13
131.0,auto_flow_1.24,car_flow_1.26,10.45,10.36,1.01
131.0,auto_flow_1.24,car_flow_2.24,23.84,10.36,2.3
131.0,bike_flow_1.25,car_flow_1.26,21.26,13.86,1.53
131.0,bike_flow_1.25,car_flow_2.24,35.29,13.86,2.55
131.0,bike_flow_1.26,car_flow_1.26,21.27,10.74,1.98
131.0,bike_flow_1.26,car_flow_1.27,17.68,10.74,1.65
131.0,bike_flow_1.26,car_flow_2.24,8.04,10.74,0.75
131.0,bike_flow_1.27,bike_flow_2.1,16.8,11.49,1.46
131.0,bike_flow_1.27,bike_flow_2.2,19.76,11.49,1.72
131.0,bike_flow_1.27,bike_flow_2.3,23.23,11.49,2.02
131.0,bike_flow_1.27,bike_flow_2.4,27.0,11.49,2.35
131.0,bike_flow_1.27,bike_flow_2.5,30.97,11.49,2.7
131.0,bike_flow_1.27,car_flow_1.27,25.6,11.49,2.23
131.0,bike_flow_1.27,car_flow_1.28,19.32,11.49,1.68
131.0,bike_flow_1.27,car_flow_2.23,3.23,11.49,0.28
131.0,bike_flow_1.28,car_flow_1.28,35.86,13.5,2.66
131.0,bike_flow_1.28,car_flow_1.29,24.97,13.5,1.85
131.0,bike_flow_1.28,car_flow_2.21,26.46,13.5,1.96
131.0,bike_flow_1.28,car_flow_2.22,14.42,13.5,1.07
131.0,bike_flow_1.29,car_flow_1.29,29.78,12.58,2.37
131.0,bike_flow_1.29,car_flow_2.21,28.67,12.58,2.28
131.0,car_flow_1.26,car_flow_2.24,14.25,11.26,1.27
131.0,car_flow_1.27,car_flow_2.23,25.36,10.7,2.37
131.0,car_flow_1.27,car_flow_2.24,25.26,10.7,2.36
131.0,car_flow_1.28,car_flow_2.22,22.03,10.72,2.06
131.0,car_flow_1.28,car_flow_2.23,20.02,10.72,1.87
131.0,car_flow_1.29,car_flow_2.21,3.45,13.52,0.26
131.0,car_flow_1.29,car_flow_2.22,39.17,13.52,2.9
132.0,auto_flow_1.20,bike_flow_1.29,11.0,10.13,1.09
132.0,auto_flow_1.20,car_flow_2.21,16.63,10.13,1.64
132.0,auto_flow_1.21,bike_flow_1.28,27.5,10.65,2.58
132.0,auto_flow_1.21,bike_flow_1.29,28.65,10.65,2.69
132.0,auto_flow_1.21,car_flow_1.29,3.84,10.65,0.36
132.0,auto_flow_1.21,car_flow_2.21,22.36,10.65,2.1
132.0,auto_flow_1.21,car_flow_2.22,17.93,10.65,1.68
132.0,auto_flow_1.22,bike_flow_1.28,13.55,10.84,1.25
132.0,auto_flow_1.22,bike_flow_2.1,16.4,10.84,1.51
132.0,auto_flow_1.22,bike_flow_2.2,18.67,10.84,1.72
132.0,auto_flow_1.22,bike_flow_2.3,21.65,10.84,2.0
132.0,auto_flow_1.22,bike_flow_2.4,25.09,10.84,2.31
132.0,auto_flow_1.22,bike_flow_2.5,28.83,10.84,2.66
132.0,auto_flow_1.22,car_flow_1.28,21.16,10.84,1.95
132.0,auto_flow_1.22,car_flow_2.22,22.55,10.84,2.08
132.0,auto_flow_1.22,car_flow_2.23,18.17,10.84,1.68
132.0,auto_flow_1.23,bike_flow_1.27,11.11,9.92,1.12
132.0,auto_flow_1.23,car_flow_1.27,13.82,9.92,1.39
132.0,auto_flow_1.23,car_flow_2.24,17.58,9.92,1.77
132.0,auto_flow_1.24,bike_flow_1.26,10.42,10.01,1.04
132.0,auto_flow_1.24,car_flow_1.26,13.23,10.01,1.32
132.0,auto_flow_1.24,car_flow_1.27,28.67,10.01,2.86
132.0,auto_flow_1.24,car_flow_2.24,24.36,10.01,2.43
132.0,bike_flow_1.26,car_flow_1.26,22.75,11.29,2.02
132.0,bike_flow_1.26,car_flow_1.27,18.57,11.29,1.65
132.0,bike_flow_1.26,car_flow_2.24,14.79,11.29,1.31
132.0,bike_flow_1.27,bike_flow_2.1,27.38,11.92,2.3
132.0,bike_flow_1.27,bike_flow_2.2,29.29,11.92,2.46
132.0,bike_flow_1.27,bike_flow_2.3,31.73,11.92,2.66
132.0,bike_flow_1.27,bike_flow_2.4,34.59,11.92,2.9
132.0,bike_flow_1.27,car_flow_1.27,24.08,11.92,2.02
132.0,bike_flow_1.27,car_flow_1.28,19.66,11.92,1.65
132.0,bike_flow_1.27,car_flow_2.23,22.64,11.92,1.9
132.0,bike_flow_1.27,car_flow_2.24,28.39,11.92,2.38
132.0,bike_flow_1.28,bike_flow_2.1,29.84,13.36,2.23
132.0,bike_flow_1.28,bike_flow_2.2,31.61,13.36,2.37
132.0,bike_flow_1.28,bike_flow_2.3,33.88,13.36,2.54
132.0,bike_flow_1.28,bike_flow_2.4,36.57,13.36,2.74
132.0,bike_flow_1.28,bike_flow_2.5,39.59,13.36,2.96
132.0,bike_flow_1.28,car_flow_1.28,34.08,13.36,2.55
132.0,bike_flow_1.28,car_flow_1.29,25.2,13.36,1.89
132.0,bike_flow_1.28,car_flow_2.22,9.91,13.36,0.74
132.0,bike_flow_1.28,car_flow_2.23,31.5,13.36,2.36
132.0,bike_flow_1.29,car_flow_1.29,30.59,12.33,2.48
132.0,bike_flow_1.29,car_flow_2.21,6.9,12.33,0.56
132.0,car_flow_1.26,car_flow_2.24,37.33,12.77,2.92
132.0,car_flow_1.27,car_flow_2.24,5.23,10.39,0.5
132.0,car_flow_1.28,car_flow_2.23,4.22,11.58,0.36
132.0,car_flow_1.29,car_flow_2.21,24.68,13.13,1.88
132.0,car_flow_1.29,car_flow_2.22,16.14,13.13,1.23
133.0,auto_flow_1.21,bike_flow_1.29,5.65,10.25,0.55
133.0,auto_flow_1.21,car_flow_1.29,25.54,10.25,2.49
133.0,auto_flow_1.21,car_flow_1.30,27.73,10.25,2.7
133.0,auto_flow_1.21,car_flow_2.21,21.83,10.25,2.13
133.0,auto_flow_1.21,car_flow_2.22,17.52,10.25,1.71
133.0,auto_flow_1.22,bike_flow_1.28,10.04,9.96,1.01
133.0,auto_flow_1.22,bike_flow_2.1,25.84,9.96,2.59
133.0,auto_flow_1.22,bike_flow_2.2,27.33,9.96,2.74
133.0,auto_flow_1.22,bike_flow_2.3,29.45,9.96,2.96
133.0,auto_flow_1.22,car_flow_1.29,15.77,9.96,1.58
133.0,auto_flow_1.22,car_flow_2.22,23.26,9.96,2.33
133.0,auto_flow_1.22,car_flow_2.23,17.43,9.96,1.75
133.0,auto_flow_1.23,bike_flow_1.27,11.54,10.9,1.06
133.0,auto_flow_1.23,bike_flow_2.1,26.14,10.9,2.4
133.0,auto_flow_1.23,bike_flow_2.2,27.62,10.9,2.53
133.0,auto_flow_1.23,bike_flow_2.3,29.72,10.9,2.73
133.0,auto_flow_1.23,bike_flow_2.4,32.31,10.9,2.96
133.0,auto_flow_1.23,car_flow_1.28,8.06,10.9,0.74
133.0,auto_flow_1.23,car_flow_2.24,18.34,10.9,1.68
133.0,auto_flow_1.24,bike_flow_1.26,14.49,10.71,1.35
133.0,auto_flow_1.24,bike_flow_1.27,31.21,10.71,2.91
133.0,auto_flow_1.24,car_flow_1.27,7.23,10.71,0.67
133.0,auto_flow_1.24,car_flow_2.24,23.78,10.71,2.22
133.0,auto_flow_1.24,car_flow_2.25,29.08,10.71,2.71
133.0,bike_flow_1.26,car_flow_1.27,20.61,13.33,1.55
133.0,bike_flow_1.26,car_flow_2.24,38.04,13.33,2.85
133.0,bike_flow_1.26,car_flow_2.25,15.29,13.33,1.15
133.0,bike_flow_1.27,car_flow_1.27,24.56,10.82,2.27
133.0,bike_flow_1.27,car_flow_1.28,18.47,10.82,1.71
133.0,bike_flow_1.27,car_flow_2.24,7.93,10.82,0.73
133.0,bike_flow_1.28,bike_flow_2.1,18.31,12.73,1.44
133.0,bike_flow_1.28,bike_flow_2.2,21.06,12.73,1.65
133.0,bike_flow_1.28,bike_flow_2.3,24.34,12.73,1.91
133.0,bike_flow_1.28,bike_flow_2.4,27.97,12.73,2.2
133.0,bike_flow_1.28,bike_flow_2.5,31.81,12.73,2.5
133.0,bike_flow_1.28,bike_flow_2.6,35.82,12.73,2.81
133.0,bike_flow_1.28,car_flow_1.28,33.36,12.73,2.62
133.0,bike_flow_1.28,car_flow_1.29,24.96,12.73,1.96
133.0,bike_flow_1.28,car_flow_2.22,32.93,12.73,2.59
133.0,bike_flow_1.28,car_flow_2.23,8.54,12.73,0.67
133.0,bike_flow_1.29,car_flow_1.29,29.99,13.56,2.21
133.0,bike_flow_1.29,car_flow_1.30,22.89,13.56,1.69
133.0,bike_flow_1.29,car_flow_2.21,17.47,13.56,1.29
133.0,bike_flow_1.29,car_flow_2.22,22.4,13.56,1.65
133.0,car_flow_1.27,car_flow_2.24,17.59,11.3,1.56
133.0,car_flow_1.28,car_flow_2.23,25.65,12.0,2.14
133.0,car_flow_1.28,car_flow_2.24,25.93,12.0,2.16
133.0,car_flow_1.29,car_flow_2.22,8.45,12.97,0.65
133.0,car_flow_1.29,car_flow_2.23,33.03,12.97,2.55
133.0,car_flow_1.30,car_flow_2.21,6.55,13.09,0.5
134.0,auto_flow_1.21,bike_flow_1.29,17.01,9.66,1.76
134.0,auto_flow_1.21,car_flow_1.30,5.93,9.66,0.61
134.0,auto_flow_1.21,car_flow_2.22,16.76,9.66,1.73
134.0,auto_flow_1.22,bike_flow_1.29,23.79,10.16,2.34
134.0,auto_flow_1.22,car_flow_1.29,8.73,10.16,0.86
134.0,auto_flow_1.22,car_flow_2.22,23.51,10.16,2.31
134.0,auto_flow_1.22,car_flow_2.23,17.05,10.16,1.68
134.0,auto_flow_1.23,bike_flow_1.28,16.4,9.76,1.68
134.0,auto_flow_1.23,bike_flow_2.1,16.88,9.76,1.73
134.0,auto_flow_1.23,bike_flow_2.2,19.09,9.76,1.96
134.0,auto_flow_1.23,bike_flow_2.3,22.02,9.76,2.26
134.0,auto_flow_1.23,bike_flow_2.4,25.41,9.76,2.6
134.0,auto_flow_1.23,bike_flow_2.5,29.1,9.76,2.98
134.0,auto_flow_1.23,car_flow_1.28,13.71,9.76,1.4
134.0,auto_flow_1.23,car_flow_2.24,16.74,9.76,1.72
134.0,auto_flow_1.24,bike_flow_1.27,11.0,10.5,1.05
134.0,auto_flow_1.24,car_flow_1.27,16.71,10.5,1.59
134.0,auto_flow_1.24,car_flow_1.28,28.24,10.5,2.69
134.0,auto_flow_1.24,car_flow_2.24,24.64,10.5,2.35
134.0,auto_flow_1.24,car_flow_2.25,27.74,10.5,2.64
134.0,bike_flow_1.26,car_flow_1.27,20.7,12.47,1.66
134.0,bike_flow_1.26,car_flow_2.25,9.89,12.47,0.79
134.0,bike_flow_1.27,car_flow_1.27,26.92,10.02,2.69
134.0,bike_flow_1.27,car_flow_1.28,17.53,10.02,1.75
134.0,bike_flow_1.27,car_flow_2.24,14.48,10.02,1.45
134.0,bike_flow_1.28,bike_flow_2.1,9.82,14.9,0.66
134.0,bike_flow_1.28,bike_flow_2.2,14.31,14.9,0.96
134.0,bike_flow_1.28,bike_flow_2.3,18.81,14.9,1.26
134.0,bike_flow_1.28,bike_flow_2.4,23.31,14.9,1.56
134.0,bike_flow_1.28,bike_flow_2.5,27.81,14.9,1.87
134.0,bike_flow_1.28,bike_flow_2.6,32.31,14.9,2.17
134.0,bike_flow_1.28,bike_flow_2.7,36.81,14.9,2.47
134.0,bike_flow_1.28,bike_flow_2.8,41.31,14.9,2.77
134.0,bike_flow_1.28,car_flow_1.28,29.42,14.9,1.97
134.0,bike_flow_1.28,car_flow_1.29,26.46,14.9,1.78
134.0,bike_flow_1.28,car_flow_2.23,17.83,14.9,1.2
134.0,bike_flow_1.28,car_flow_2.24,32.99,14.9,2.21
134.0,bike_flow_1.29,car_flow_1.29,31.7,11.69,2.71
134.0,bike_flow_1.29,car_flow_1.30,21.7,11.69,1.86
134.0,bike_flow_1.29,car_flow_2.22,3.2,11.69,0.27
134.0,car_flow_1.27,car_flow_2.25,11.78,12.38,0.95
134.0,car_flow_1.28,car_flow_2.24,4.68,10.96,0.43
134.0,car_flow_1.29,car_flow_2.22,31.8,13.4,2.37
134.0,car_flow_1.29,car_flow_2.23,9.48,13.4,0.71
134.0,car_flow_1.30,car_flow_2.22,22.0,12.88,1.71
135.0,auto_flow_1.21,bike_flow_1.30,10.48,10.9,0.96
135.0,auto_flow_1.21,car_flow_1.30,19.15,10.9,1.76
135.0,auto_flow_1.21,car_flow_2.22,18.25,10.9,1.67
135.0,auto_flow_1.22,bike_flow_1.29,3.23,10.63,0.3
135.0,auto_flow_1.22,car_flow_1.30,21.9,10.63,2.06
135.0,auto_flow_1.22,car_flow_2.22,22.3,10.63,2.1
135.0,auto_flow_1.22,car_flow_2.23,17.19,10.63,1.62
135.0,auto_flow_1.23,bike_flow_1.28,6.44,9.64,0.67
135.0,auto_flow_1.23,bike_flow_2.1,8.85,9.64,0.92
135.0,auto_flow_1.23,bike_flow_2.2,12.57,9.64,1.3
135.0,auto_flow_1.23,bike_flow_2.3,16.68,9.64,1.73
135.0,auto_flow_1.23,bike_flow_2.4,20.95,9.64,2.17
135.0,auto_flow_1.23,bike_flow_2.5,25.3,9.64,2.62
135.0,auto_flow_1.23,car_flow_1.29,19.95,9.64,2.07
135.0,auto_flow_1.23,car_flow_2.24,16.4,9.64,1.7
135.0,auto_flow_1.24,bike_flow_1.27,11.02,10.44,1.06
135.0,auto_flow_1.24,car_flow_1.28,7.98,10.44,0.76
135.0,auto_flow_1.24,car_flow_2.24,24.19,10.44,2.32
135.0,auto_flow_1.24,car_flow_2.25,26.36,10.44,2.53
135.0,auto_flow_1.25,car_flow_1.27,13.11,10.74,1.22
135.0,auto_flow_1.25,car_flow_2.25,25.66,10.74,2.39
135.0,bike_flow_1.27,car_flow_1.27,28.77,10.62,2.71
135.0,bike_flow_1.27,car_flow_1.28,17.85,10.62,1.68
135.0,bike_flow_1.27,car_flow_2.25,16.14,10.62,1.52
135.0,bike_flow_1.28,bike_flow_2.1,15.09,12.03,1.25
135.0,bike_flow_1.28,bike_flow_2.2,18.34,12.03,1.52
135.0,bike_flow_1.28,bike_flow_2.3,22.03,12.03,1.83
135.0,bike_flow_1.28,bike_flow_2.4,25.98,12.03,2.16
135.0,bike_flow_1.28,bike_flow_2.5,30.08,12.03,2.5
135.0,bike_flow_1.28,bike_flow_2.6,34.28,12.03,2.85
135.0,bike_flow_1.28,car_flow_1.28,27.69,12.03,2.3
135.0,bike_flow_1.28,car_flow_1.29,25.27,12.03,2.1
135.0,bike_flow_1.28,car_flow_2.24,11.28,12.03,0.94
135.0,bike_flow_1.29,car_flow_1.29,31.56,13.35,2.36
135.0,bike_flow_1.29,car_flow_1.30,22.08,13.35,1.65
135.0,bike_flow_1.29,car_flow_2.22,22.93,13.35,1.72
135.0,bike_flow_1.29,car_flow_2.23,17.08,13.35,1.28
135.0,bike_flow_1.30,car_flow_1.30,28.86,13.18,2.19
135.0,bike_flow_1.30,car_flow_2.22,28.41,13.18,2.16
135.0,car_flow_1.27,car_flow_2.25,13.33,12.47,1.07
135.0,car_flow_1.28,car_flow_2.24,17.18,10.31,1.67
135.0,car_flow_1.29,car_flow_2.23,15.13,13.22,1.14
135.0,car_flow_1.29,car_flow_2.24,36.23,13.22,2.74
135.0,car_flow_1.30,car_flow_2.22,3.26,12.98,0.25
136.0,auto_flow_1.21,bike_flow_1.30,13.06,10.04,1.3
136.0,auto_flow_1.21,car_flow_2.22,17.46,10.04,1.74
136.0,auto_flow_1.22,bike_flow_1.29,23.77,10.15,2.34
136.0,auto_flow_1.22,bike_flow_1.30,27.95,10.15,2.75
136.0,auto_flow_1.22,car_flow_1.30,3.3,10.15,0.32
136.0,auto_flow_1.22,car_flow_2.22,22.97,10.15,2.26
136.0,auto_flow_1.22,car_flow_2.23,17.13,10.15,1.69
136.0,auto_flow_1.23,bike_flow_1.28,28.59,10.08,2.84
136.0,auto_flow_1.23,bike_flow_1.29,28.38,10.08,2.82
136.0,auto_flow_1.23,bike_flow_2.1,7.82,10.08,0.78
136.0,auto_flow_1.23,bike_flow_2.2,11.86,10.08,1.18
136.0,auto_flow_1.23,bike_flow_2.3,16.15,10.08,1.6
136.0,auto_flow_1.23,bike_flow_2.4,20.53,10.08,2.04
136.0,auto_flow_1.23,bike_flow_2.5,24.96,10.08,2.48
136.0,auto_flow_1.23,bike_flow_2.6,29.41,10.08,2.92
136.0,auto_flow_1.23,car_flow_1.29,4.93,10.08,0.49
136.0,auto_flow_1.23,car_flow_2.24,16.97,10.08,1.68
136.0,auto_flow_1.24,bike_flow_1.28,12.94,9.71,1.33
136.0,auto_flow_1.24,car_flow_1.28,13.39,9.71,1.38
136.0,auto_flow_1.24,car_flow_2.24,23.98,9.71,2.47
136.0,auto_flow_1.24,car_flow_2.25,24.08,9.71,2.48
136.0,auto_flow_1.25,bike_flow_1.27,18.55,10.87,1.71
136.0,auto_flow_1.25,car_flow_1.27,10.8,10.87,0.99
136.0,auto_flow_1.25,car_flow_2.25,26.78,10.87,2.46
136.0,bike_flow_1.27,car_flow_1.27,28.59,12.34,2.32
136.0,bike_flow_1.27,car_flow_1.28,19.59,12.34,1.59
136.0,bike_flow_1.27,car_flow_2.25,9.09,12.34,0.74
136.0,bike_flow_1.28,bike_flow_2.1,26.14,12.75,2.05
136.0,bike_flow_1.28,bike_flow_2.2,28.14,12.75,2.21
136.0,bike_flow_1.28,bike_flow_2.3,30.67,12.75,2.4
136.0,bike_flow_1.28,bike_flow_2.4,33.62,12.75,2.64
136.0,bike_flow_1.28,bike_flow_2.5,36.88,12.75,2.89
136.0,bike_flow_1.28,car_flow_1.28,25.54,12.75,2.0
136.0,bike_flow_1.28,car_flow_1.29,24.66,12.75,1.93
136.0,bike_flow_1.28,car_flow_2.24,11.88,12.75,0.93
136.0,bike_flow_1.28,car_flow_2.25,36.76,12.75,2.88
136.0,bike_flow_1.29,bike_flow_2.1,33.83,12.98,2.61
136.0,bike_flow_1.29,bike_flow_2.2,35.4,12.98,2.73
136.0,bike_flow_1.29,bike_flow_2.3,37.44,12.98,2.88
136.0,bike_flow_1.29,car_flow_1.29,31.95,12.98,2.46
136.0,bike_flow_1.29,car_flow_1.30,22.76,12.98,1.75
136.0,bike_flow_1.29,car_flow_2.23,7.18,12.98,0.55
136.0,bike_flow_1.30,car_flow_1.30,28.55,12.61,2.26
136.0,bike_flow_1.30,car_flow_2.22,5.77,12.61,0.46
136.0,car_flow_1.28,car_flow_2.25,11.54,10.6,1.09
136.0,car_flow_1.29,car_flow_2.23,38.51,13.37,2.88
136.0,car_flow_1.29,car_flow_2.24,13.6,13.37,1.02
136.0,car_flow_1.30,car_flow_2.22,23.97,12.3,1.95
136.0,car_flow_1.30,car_flow_2.23,16.65,12.3,1.35
137.0,auto_flow_1.22,bike_flow_1.30,5.72,9.67,0.59
137.0,auto_flow_1.22,car_flow_1.30,23.45,9.67,2.43
137.0,auto_flow_1.22,car_flow_1.31,27.89,9.67,2.88
137.0,auto_flow_1.22,car_flow_2.22,23.55,9.67,2.44
137.0,auto_flow_1.22,car_flow_2.23,16.95,9.67,1.75
137.0,auto_flow_1.23,bike_flow_1.29,6.06,10.36,0.59
137.0,auto_flow_1.23,bike_flow_2.1,15.97,10.36,1.54
137.0,auto_flow_1.23,bike_flow_2.2,18.3,10.36,1.77
137.0,auto_flow_1.23,bike_flow_2.3,21.33,10.36,2.06
137.0,auto_flow_1.23,bike_flow_2.4,24.81,10.36,2.4
137.0,auto_flow_1.23,bike_flow_2.5,28.58,10.36,2.76
137.0,auto_flow_1.23,car_flow_1.29,27.22,10.36,2.63
137.0,auto_flow_1.23,car_flow_1.30,28.0,10.36,2.7
137.0,auto_flow_1.23,car_flow_2.24,17.79,10.36,1.72
137.0,auto_flow_1.24,bike_flow_1.28,9.86,10.03,0.98
137.0,auto_flow_1.24,bike_flow_2.1,27.54,10.03,2.75
137.0,auto_flow_1.24,bike_flow_2.2,28.95,10.03,2.89
137.0,auto_flow_1.24,car_flow_1.29,14.6,10.03,1.46
137.0,auto_flow_1.24,car_flow_2.24,23.49,10.03,2.34
137.0,auto_flow_1.24,car_flow_2.25,22.05,10.03,2.2
137.0,auto_flow_1.25,bike_flow_1.27,4.86,10.04,0.48
137.0,auto_flow_1.25,car_flow_1.28,15.92,10.04,1.58
137.0,auto_flow_1.25,car_flow_2.25,28.8,10.04,2.87
137.0,auto_flow_1.25,car_flow_2.26,18.91,10.04,1.88
137.0,bike_flow_1.27,car_flow_1.28,19.25,11.88,1.62
137.0,bike_flow_1.27,car_flow_2.25,32.61,11.88,2.74
137.0,bike_flow_1.27,car_flow_2.26,15.59,11.88,1.31
137.0,bike_flow_1.28,car_flow_1.28,25.93,11.83,2.19
137.0,bike_flow_1.28,car_flow_1.29,23.57,11.83,1.99
137.0,bike_flow_1.28,car_flow_2.24,32.97,11.83,2.79
137.0,bike_flow_1.28,car_flow_2.25,13.12,11.83,1.11
137.0,bike_flow_1.29,bike_flow_2.1,22.0,12.69,1.73
137.0,bike_flow_1.29,bike_flow_2.2,24.34,12.69,1.92
137.0,bike_flow_1.29,bike_flow_2.3,27.23,12.69,2.15
137.0,bike_flow_1.29,bike_flow_2.4,30.51,12.69,2.41
137.0,bike_flow_1.29,bike_flow_2.5,34.07,12.69,2.69
137.0,bike_flow_1.29,bike_flow_2.6,37.84,12.69,2.98
137.0,bike_flow_1.29,car_flow_1.29,32.19,12.69,2.54
137.0,bike_flow_1.29,car_flow_1.30,22.67,12.69,1.79
137.0,bike_flow_1.29,car_flow_2.23,29.13,12.69,2.3
137.0,bike_flow_1.29,car_flow_2.24,23.16,12.69,1.83
137.0,bike_flow_1.30,car_flow_1.30,27.97,13.36,2.09
137.0,bike_flow_1.30,car_flow_1.31,22.96,13.36,1.72
137.0,bike_flow_1.30,car_flow_2.22,19.08,13.36,1.43
137.0,bike_flow_1.30,car_flow_2.23,21.93,13.36,1.64
137.0,car_flow_1.28,car_flow_2.25,13.59,12.23,1.11
137.0,car_flow_1.28,car_flow_2.26,34.65,12.23,2.83
137.0,car_flow_1.29,car_flow_2.24,9.79,12.92,0.76
137.0,car_flow_1.29,car_flow_2.25,36.44,12.92,2.82
137.0,car_flow_1.30,car_flow_2.23,7.05,12.77,0.55
137.0,car_flow_1.31,car_flow_2.22,5.24,12.94,0.41
138.0,auto_flow_1.22,bike_flow_1.30,20.5,10.09,2.03
138.0,auto_flow_1.22,car_flow_1.31,5.74,10.09,0.57
138.0,auto_flow_1.22,car_flow_2.23,17.61,10.09,1.75
138.0,auto_flow_1.23,bike_flow_1.29,17.97,10.15,1.77
138.0,auto_flow_1.23,bike_flow_2.1,25.56,10.15,2.52
138.0,auto_flow_1.23,bike_flow_2.2,27.07,10.15,2.67
138.0,auto_flow_1.23,bike_flow_2.3,29.21,10.15,2.88
138.0,auto_flow_1.23,car_flow_1.30,5.75,10.15,0.57
138.0,auto_flow_1.23,car_flow_2.24,17.4,10.15,1.71
138.0,auto_flow_1.24,bike_flow_1.29,23.43,10.54,2.22
138.0,auto_flow_1.24,bike_flow_2.1,17.49,10.54,1.66
138.0,auto_flow_1.24,bike_flow_2.2,19.63,10.54,1.86
138.0,auto_flow_1.24,bike_flow_2.3,22.49,10.54,2.13
138.0,auto_flow_1.24,bike_flow_2.4,25.81,10.54,2.45
138.0,auto_flow_1.24,bike_flow_2.5,29.46,10.54,2.79
138.0,auto_flow_1.24,car_flow_1.29,9.7,10.54,0.92
138.0,auto_flow_1.24,car_flow_2.24,23.49,10.54,2.23
138.0,auto_flow_1.24,car_flow_2.25,21.13,10.54,2.0
138.0,auto_flow_1.25,bike_flow_1.27,25.62,10.08,2.54
138.0,auto_flow_1.25,bike_flow_1.28,18.52,10.08,1.84
138.0,auto_flow_1.25,car_flow_1.28,6.86,10.08,0.68
138.0,auto_flow_1.25,car_flow_2.25,30.19,10.08,2.99
138.0,auto_flow_1.25,car_flow_2.26,18.12,10.08,1.8
138.0,bike_flow_1.27,car_flow_1.28,19.35,11.69,1.66
138.0,bike_flow_1.27,car_flow_2.26,7.97,11.69,0.68
138.0,bike_flow_1.28,car_flow_1.28,24.31,13.21,1.84
138.0,bike_flow_1.28,car_flow_1.29,23.92,13.21,1.81
138.0,bike_flow_1.28,car_flow_2.25,12.37,13.21,0.94
138.0,bike_flow_1.28,car_flow_2.26,36.5,13.21,2.76
138.0,bike_flow_1.29,bike_flow_2.1,12.05,12.68,0.95
138.0,bike_flow_1.29,bike_flow_2.2,15.93,12.68,1.26
138.0,bike_flow_1.29,bike_flow_2.3,20.07,12.68,1.58
138.0,bike_flow_1.29,bike_flow_2.4,24.34,12.68,1.92
138.0,bike_flow_1.29,bike_flow_2.5,28.68,12.68,2.26
138.0,bike_flow_1.29,bike_flow_2.6,33.06,12.68,2.61
138.0,bike_flow_1.29,bike_flow_2.7,37.47,12.68,2.96
138.0,bike_flow_1.29,car_flow_1.29,32.37,12.68,2.55
138.0,bike_flow_1.29,car_flow_1.30,22.46,12.68,1.77
138.0,bike_flow_1.29,car_flow_2.24,3.21,12.68,0.25
138.0,bike_flow_1.30,car_flow_1.30,25.96,14.91,1.74
138.0,bike_flow_1.30,car_flow_1.31,25.02,14.91,1.68
138.0,bike_flow_1.30,car_flow_2.23,4.15,14.91,0.28
138.0,car_flow_1.28,car_flow_2.26,12.47,11.59,1.08
138.0,car_flow_1.29,car_flow_2.24,32.8,12.86,2.55
138.0,car_flow_1.29,car_flow_2.25,12.39,12.86,0.96
138.0,car_flow_1.30,car_flow_2.23,28.78,12.89,2.23
138.0,car_flow_1.30,car_flow_2.24,22.41,12.89,1.74
138.0,car_flow_1.31,car_flow_2.23,22.6,12.85,1.76
139.0,auto_flow_1.22,bike_flow_1.31,11.11,9.98,1.11
139.0,auto_flow_1.22,car_flow_1.31,18.04,9.98,1.81
139.0,auto_flow_1.22,car_flow_2.23,17.72,9.98,1.78
139.0,auto_flow_1.23,bike_flow_1.30,6.58,10.97,0.6
139.0,auto_flow_1.23,car_flow_1.30,18.88,10.97,1.72
139.0,auto_flow_1.23,car_flow_1.31,32.39,10.97,2.95
139.0,auto_flow_1.23,car_flow_2.23,32.27,10.97,2.94
139.0,auto_flow_1.23,car_flow_2.24,18.38,10.97,1.68
139.0,auto_flow_1.24,bike_flow_1.29,3.29,9.91,0.33
139.0,auto_flow_1.24,bike_flow_2.1,9.12,9.91,0.92
139.0,auto_flow_1.24,bike_flow_2.2,12.76,9.91,1.29
139.0,auto_flow_1.24,bike_flow_2.3,16.82,9.91,1.7
139.0,auto_flow_1.24,bike_flow_2.4,21.06,9.91,2.13
139.0,auto_flow_1.24,bike_flow_2.5,25.4,9.91,2.56
139.0,auto_flow_1.24,car_flow_1.30,23.56,9.91,2.38
139.0,auto_flow_1.24,car_flow_2.24,23.57,9.91,2.38
139.0,auto_flow_1.24,car_flow_2.25,19.63,9.91,1.98
139.0,auto_flow_1.25,bike_flow_1.28,4.24,10.04,0.42
139.0,auto_flow_1.25,car_flow_1.28,28.02,10.04,2.79
139.0,auto_flow_1.25,car_flow_1.29,18.64,10.04,1.86
139.0,auto_flow_1.25,car_flow_2.26,17.58,10.04,1.75
139.0,auto_flow_1.26,car_flow_1.28,13.57,10.67,1.27
139.0,auto_flow_1.26,car_flow_2.26,23.45,10.67,2.2
139.0,bike_flow_1.28,car_flow_1.28,25.06,10.98,2.28
139.0,bike_flow_1.28,car_flow_1.29,21.15,10.98,1.93
139.0,bike_flow_1.28,car_flow_2.26,15.15,10.98,1.38
139.0,bike_flow_1.29,bike_flow_2.1,12.06,14.05,0.86
139.0,bike_flow_1.29,bike_flow_2.2,15.94,14.05,1.13
139.0,bike_flow_1.29,bike_flow_2.3,20.07,14.05,1.43
139.0,bike_flow_1.29,bike_flow_2.4,24.34,14.05,1.73
139.0,bike_flow_1.29,bike_flow_2.5,28.68,14.05,2.04
139.0,bike_flow_1.29,bike_flow_2.6,33.06,14.05,2.35
139.0,bike_flow_1.29,bike_flow_2.7,37.47,14.05,2.67
139.0,bike_flow_1.29,bike_flow_2.8,41.9,14.05,2.98
139.0,bike_flow_1.29,car_flow_1.29,32.07,14.05,2.28
139.0,bike_flow_1.29,car_flow_1.30,24.09,14.05,1.72
139.0,bike_flow_1.29,car_flow_2.24,24.52,14.05,1.75
139.0,bike_flow_1.29,car_flow_2.25,19.16,14.05,1.36
139.0,bike_flow_1.30,car_flow_1.30,24.36,14.01,1.74
139.0,bike_flow_1.30,car_flow_1.31,26.48,14.01,1.89
139.0,bike_flow_1.30,car_flow_2.23,26.71,14.01,1.91
139.0,bike_flow_1.30,car_flow_2.24,24.35,14.01,1.74
139.0,bike_flow_1.31,car_flow_1.31,28.4,12.9,2.2
139.0,bike_flow_1.31,car_flow_2.23,28.55,12.9,2.21
139.0,car_flow_1.28,car_flow_2.26,10.74,11.73,0.92
139.0,car_flow_1.29,car_flow_2.25,13.57,13.75,0.99
139.0,car_flow_1.29,car_flow_2.26,36.09,13.75,2.62
139.0,car_flow_1.30,car_flow_2.24,3.21,12.41,0.26
139.0,car_flow_1.31,car_flow_2.23,3.2,12.54,0.26
140.0,auto_flow_1.22,bike_flow_1.31,13.24,10.85,1.22
140.0,auto_flow_1.22,car_flow_2.23,17.99,10.85,1.66
140.0,auto_flow_1.23,bike_flow_1.30,16.46,10.19,1.61
140.0,auto_flow_1.23,car_flow_1.31,9.52,10.19,0.93
140.0,auto_flow_1.23,car_flow_2.24,17.23,10.19,1.69
140.0,auto_flow_1.24,bike_flow_1.29,23.36,10.68,2.19
140.0,auto_flow_1.24,bike_flow_1.30,25.53,10.68,2.39
140.0,auto_flow_1.24,bike_flow_2.1,7.93,10.68,0.74
140.0,auto_flow_1.24,bike_flow_2.2,11.94,10.68,1.12
140.0,auto_flow_1.24,bike_flow_2.3,16.21,10.68,1.52
140.0,auto_flow_1.24,bike_flow_2.4,20.58,10.68,1.93
140.0,auto_flow_1.24,bike_flow_2.5,24.99,10.68,2.34
140.0,auto_flow_1.24,bike_flow_2.6,29.44,10.68,2.76
140.0,auto_flow_1.24,car_flow_1.30,3.2,10.68,0.3
140.0,auto_flow_1.24,car_flow_2.24,24.24,10.68,2.27
140.0,auto_flow_1.24,car_flow_2.25,19.71,10.68,1.85
140.0,auto_flow_1.25,bike_flow_1.28,26.6,9.98,2.67
140.0,auto_flow_1.25,bike_flow_1.29,28.91,9.98,2.9
140.0,auto_flow_1.25,car_flow_1.29,4.62,9.98,0.46
140.0,auto_flow_1.25,car_flow_2.26,17.04,9.98,1.71
140.0,auto_flow_1.26,bike_flow_1.28,14.17,10.81,1.31
140.0,auto_flow_1.26,car_flow_1.28,10.87,10.81,1.01
140.0,auto_flow_1.26,car_flow_2.26,23.16,10.81,2.14
140.0,bike_flow_1.28,car_flow_1.28,24.19,13.64,1.77
140.0,bike_flow_1.28,car_flow_1.29,23.07,13.64,1.69
140.0,bike_flow_1.28,car_flow_2.26,9.89,13.64,0.72
140.0,bike_flow_1.29,bike_flow_2.1,21.16,11.72,1.8
140.0,bike_flow_1.29,bike_flow_2.2,23.59,11.72,2.01
140.0,bike_flow_1.29,bike_flow_2.3,26.56,11.72,2.27
140.0,bike_flow_1.29,bike_flow_2.4,29.91,11.72,2.55
140.0,bike_flow_1.29,bike_flow_2.5,33.54,11.72,2.86
140.0,bike_flow_1.29,car_flow_1.29,32.07,11.72,2.74
140.0,bike_flow_1.29,car_flow_1.30,23.01,11.72,1.96
140.0,bike_flow_1.29,car_flow_2.25,4.7,11.72,0.4
140.0,bike_flow_1.30,bike_flow_2.1,31.29,11.7,2.67
140.0,bike_flow_1.30,bike_flow_2.2,32.98,11.7,2.82
140.0,bike_flow_1.30,car_flow_1.30,25.46,11.7,2.18
140.0,bike_flow_1.30,car_flow_1.31,25.1,11.7,2.14
140.0,bike_flow_1.30,car_flow_2.24,3.38,11.7,0.29
140.0,bike_flow_1.31,car_flow_1.31,28.84,12.64,2.28
140.0,bike_flow_1.31,car_flow_2.23,6.06,12.64,0.48
140.0,car_flow_1.28,car_flow_2.26,33.7,12.77,2.64
140.0,car_flow_1.29,car_flow_2.26,14.08,11.72,1.2
140.0,car_flow_1.30,car_flow_2.24,24.58,12.8,1.92
140.0,car_flow_1.30,car_flow_2.25,19.84,12.8,1.55
140.0,car_flow_1.31,car_flow_2.23,23.91,13.08,1.83
140.0,car_flow_1.31,car_flow_2.24,26.38,13.08,2.02
141.0,auto_flow_1.23,bike_flow_1.31,14.68,10.82,1.36
141.0,auto_flow_1.23,car_flow_1.31,14.99,10.82,1.39
141.0,auto_flow_1.23,car_flow_2.23,32.29,10.82,2.99
141.0,auto_flow_1.23,car_flow_2.24,17.54,10.82,1.62
141.0,auto_flow_1.24,bike_flow_1.30,4.27,10.24,0.42
141.0,auto_flow_1.24,bike_flow_2.1,16.05,10.24,1.57
141.0,auto_flow_1.24,bike_flow_2.2,18.36,10.24,1.79
141.0,auto_flow_1.24,bike_flow_2.3,21.39,10.24,2.09
141.0,auto_flow_1.24,bike_flow_2.4,24.86,10.24,2.43
141.0,auto_flow_1.24,bike_flow_2.5,28.63,10.24,2.8
141.0,auto_flow_1.24,car_flow_1.30,23.26,10.24,2.27
141.0,auto_flow_1.24,car_flow_1.31,27.59,10.24,2.69
141.0,auto_flow_1.24,car_flow_2.24,24.51,10.24,2.39
141.0,auto_flow_1.24,car_flow_2.25,18.48,10.24,1.8
141.0,auto_flow_1.25,bike_flow_1.29,6.7,10.99,0.61
141.0,auto_flow_1.25,car_flow_1.29,27.73,10.99,2.52
141.0,auto_flow_1.25,car_flow_1.30,28.27,10.99,2.57
141.0,auto_flow_1.25,car_flow_2.25,32.66,10.99,2.97
141.0,auto_flow_1.25,car_flow_2.26,18.33,10.99,1.67
141.0,auto_flow_1.26,bike_flow_1.28,11.22,10.81,1.04
141.0,auto_flow_1.26,car_flow_1.29,13.23,10.81,1.22
141.0,auto_flow_1.26,car_flow_2.26,22.05,10.81,2.04
141.0,bike_flow_1.28,car_flow_1.29,23.59,13.74,1.72
141.0,bike_flow_1.28,car_flow_2.26,32.96,13.74,2.4
141.0,bike_flow_1.29,bike_flow_2.1,32.15,11.87,2.71
141.0,bike_flow_1.29,bike_flow_2.2,33.8,11.87,2.85
141.0,bike_flow_1.29,car_flow_1.29,33.43,11.87,2.82
141.0,bike_flow_1.29,car_flow_1.30,22.21,11.87,1.87
141.0,bike_flow_1.29,car_flow_2.25,26.96,11.87,2.27
141.0,bike_flow_1.29,car_flow_2.26,24.42,11.87,2.06
141.0,bike_flow_1.30,bike_flow_2.1,20.02,12.26,1.63
141.0,bike_flow_1.30,bike_flow_2.2,22.57,12.26,1.84
141.0,bike_flow_1.30,bike_flow_2.3,25.66,12.26,2.09
141.0,bike_flow_1.30,bike_flow_2.4,29.12,12.26,2.38
141.0,bike_flow_1.30,bike_flow_2.5,32.83,12.26,2.68
141.0,bike_flow_1.30,bike_flow_2.6,36.72,12.26,3.0
141.0,bike_flow_1.30,car_flow_1.30,25.87,12.26,2.11
141.0,bike_flow_1.30,car_flow_1.31,24.58,12.26,2.0
141.0,bike_flow_1.30,car_flow_2.24,21.91,12.26,1.79
141.0,bike_flow_1.30,car_flow_2.25,21.54,12.26,1.76
141.0,bike_flow_1.31,car_flow_1.31,28.97,12.66,2.29
141.0,bike_flow_1.31,car_flow_1.32,22.3,12.66,1.76
141.0,bike_flow_1.31,car_flow_2.23,18.24,12.66,1.44
141.0,bike_flow_1.31,car_flow_2.24,32.03,12.66,2.53
141.0,car_flow_1.29,car_flow_2.26,9.75,13.22,0.74
141.0,car_flow_1.30,car_flow_2.25,5.58,12.67,0.44
141.0,car_flow_1.31,car_flow_2.24,4.32,12.79,0.34
141.0,car_flow_1.32,car_flow_2.23,5.39,12.57,0.43
142.0,auto_flow_1.23,bike_flow_1.31,7.51,9.57,0.78
142.0,auto_flow_1.23,car_flow_1.32,14.51,9.57,1.52
142.0,auto_flow_1.23,car_flow_2.24,16.16,9.57,1.69
142.0,auto_flow_1.24,bike_flow_1.30,22.48,10.68,2.1
142.0,auto_flow_1.24,bike_flow_2.1,26.16,10.68,2.45
142.0,auto_flow_1.24,bike_flow_2.2,27.64,10.68,2.59
142.0,auto_flow_1.24,bike_flow_2.3,29.73,10.68,2.78
142.0,auto_flow_1.24,car_flow_1.31,4.89,10.68,0.46
142.0,auto_flow_1.24,car_flow_2.24,24.77,10.68,2.32
142.0,auto_flow_1.24,car_flow_2.25,18.77,10.68,1.76
142.0,auto_flow_1.25,bike_flow_1.29,19.26,10.8,1.78
142.0,auto_flow_1.25,bike_flow_1.30,28.95,10.8,2.68
142.0,auto_flow_1.25,bike_flow_2.1,26.54,10.8,2.46
142.0,auto_flow_1.25,bike_flow_2.2,28.0,10.8,2.59
142.0,auto_flow_1.25,bike_flow_2.3,30.07,10.8,2.79
142.0,auto_flow_1.25,car_flow_1.30,6.06,10.8,0.56
142.0,auto_flow_1.25,car_flow_2.25,32.24,10.8,2.99
142.0,auto_flow_1.25,car_flow_2.26,18.24,10.8,1.69
142.0,auto_flow_1.26,bike_flow_1.29,22.85,9.55,2.39
142.0,auto_flow_1.26,car_flow_1.29,10.96,9.55,1.15
142.0,auto_flow_1.26,car_flow_2.26,23.38,9.55,2.45
142.0,bike_flow_1.29,car_flow_1.29,33.11,14.08,2.35
142.0,bike_flow_1.29,car_flow_1.30,24.14,14.08,1.71
142.0,bike_flow_1.29,car_flow_2.26,3.29,14.08,0.23
142.0,bike_flow_1.30,bike_flow_2.1,10.27,14.4,0.71
142.0,bike_flow_1.30,bike_flow_2.2,14.63,14.4,1.02
142.0,bike_flow_1.30,bike_flow_2.3,19.05,14.4,1.32
142.0,bike_flow_1.30,bike_flow_2.4,23.5,14.4,1.63
142.0,bike_flow_1.30,bike_flow_2.5,27.97,14.4,1.94
142.0,bike_flow_1.30,bike_flow_2.6,32.45,14.4,2.25
142.0,bike_flow_1.30,bike_flow_2.7,36.93,14.4,2.57
142.0,bike_flow_1.30,bike_flow_2.8,41.42,14.4,2.88
142.0,bike_flow_1.30,car_flow_1.30,23.62,14.4,1.64
142.0,bike_flow_1.30,car_flow_1.31,25.95,14.4,1.8
142.0,bike_flow_1.30,car_flow_2.25,4.72,14.4,0.33
142.0,bike_flow_1.31,car_flow_1.31,30.44,11.55,2.63
142.0,bike_flow_1.31,car_flow_1.32,20.96,11.55,1.81
142.0,bike_flow_1.31,car_flow_2.24,9.9,11.55,0.86
142.0,car_flow_1.29,car_flow_2.26,34.01,13.76,2.47
142.0,car_flow_1.29,car_flow_2.27,18.96,13.76,1.38
142.0,car_flow_1.30,car_flow_2.25,27.29,12.15,2.25
142.0,car_flow_1.30,car_flow_2.26,23.61,12.15,1.94
142.0,car_flow_1.31,car_flow_2.24,21.32,13.03,1.64
142.0,car_flow_1.31,car_flow_2.25,22.7,13.03,1.74
142.0,car_flow_1.32,car_flow_2.24,30.49,12.9,2.36
143.0,auto_flow_1.23,bike_flow_1.31,29.9,10.42,2.87
143.0,auto_flow_1.23,bike_flow_1.32,19.9,10.42,1.91
143.0,auto_flow_1.23,car_flow_1.32,9.19,10.42,0.88
143.0,auto_flow_1.23,car_flow_2.24,17.2,10.42,1.65
143.0,auto_flow_1.24,bike_flow_1.31,11.9,10.17,1.17
143.0,auto_flow_1.24,car_flow_1.31,19.39,10.17,1.91
143.0,auto_flow_1.24,car_flow_2.24,23.99,10.17,2.36
143.0,auto_flow_1.24,car_flow_2.25,18.07,10.17,1.78
143.0,auto_flow_1.25,bike_flow_1.30,6.2,10.76,0.58
143.0,auto_flow_1.25,bike_flow_2.1,16.34,10.76,1.52
143.0,auto_flow_1.25,bike_flow_2.2,18.62,10.76,1.73
143.0,auto_flow_1.25,bike_flow_2.3,21.61,10.76,2.01
143.0,auto_flow_1.25,bike_flow_2.4,25.05,10.76,2.33
143.0,auto_flow_1.25,bike_flow_2.5,28.79,10.76,2.68
143.0,auto_flow_1.25,car_flow_1.30,18.07,10.76,1.68
143.0,auto_flow_1.25,car_flow_1.31,31.46,10.76,2.92
143.0,auto_flow_1.25,car_flow_2.26,17.88,10.76,1.66
143.0,auto_flow_1.26,bike_flow_1.29,3.25,10.18,0.32
143.0,auto_flow_1.26,car_flow_1.30,24.62,10.18,2.42
143.0,auto_flow_1.26,car_flow_2.26,24.31,10.18,2.39
143.0,auto_flow_1.26,car_flow_2.27,27.11,10.18,2.66
143.0,bike_flow_1.29,car_flow_1.29,34.75,11.87,2.93
143.0,bike_flow_1.29,car_flow_1.30,23.84,11.87,2.01
143.0,bike_flow_1.29,car_flow_2.26,23.95,11.87,2.02
143.0,bike_flow_1.29,car_flow_2.27,27.87,11.87,2.35
143.0,bike_flow_1.30,bike_flow_2.1,13.75,12.7,1.08
143.0,bike_flow_1.30,bike_flow_2.2,17.25,12.7,1.36
143.0,bike_flow_1.30,bike_flow_2.3,21.13,12.7,1.66
143.0,bike_flow_1.30,bike_flow_2.4,25.22,12.7,1.99
143.0,bike_flow_1.30,bike_flow_2.5,29.43,12.7,2.32
143.0,bike_flow_1.30,bike_flow_2.6,33.71,12.7,2.65
143.0,bike_flow_1.30,bike_flow_2.7,38.05,12.7,3.0
143.0,bike_flow_1.30,car_flow_1.30,23.1,12.7,1.82
143.0,bike_flow_1.30,car_flow_1.31,25.99,12.7,2.05
143.0,bike_flow_1.30,car_flow_2.25,27.23,12.7,2.14
143.0,bike_flow_1.30,car_flow_2.26,23.41,12.7,1.84
143.0,bike_flow_1.31,car_flow_1.31,30.59,12.51,2.45
143.0,bike_flow_1.31,car_flow_1.32,21.11,12.51,1.69
143.0,bike_flow_1.31,car_flow_2.24,12.93,12.51,1.03
143.0,bike_flow_1.31,car_flow_2.25,29.71,12.51,2.37
143.0,bike_flow_1.32,car_flow_1.32,28.25,12.51,2.26
143.0,bike_flow_1.32,car_flow_2.24,36.97,12.51,2.96
143.0,car_flow_1.29,car_flow_2.27,7.76,13.52,0.57
143.0,car_flow_1.30,car_flow_2.26,3.2,12.18,0.26
143.0,car_flow_1.31,car_flow_2.25,3.37,12.65,0.27
143.0,car_flow_1.32,car_flow_2.24,9.16,12.35,0.74
144.0,auto_flow_1.23,bike_flow_1.32,4.34,10.03,0.43
144.0,auto_flow_1.23,car_flow_2.24,16.45,10.03,1.64
144.0,auto_flow_1.24,bike_flow_1.31,9.92,10.01,0.99
144.0,auto_flow_1.24,car_flow_1.32,9.74,10.01,0.97
144.0,auto_flow_1.24,car_flow_2.24,24.75,10.01,2.47
144.0,auto_flow_1.24,car_flow_2.25,17.2,10.01,1.72
144.0,auto_flow_1.25,bike_flow_1.30,16.38,10.53,1.55
144.0,auto_flow_1.25,bike_flow_2.1,7.94,10.53,0.75
144.0,auto_flow_1.25,bike_flow_2.2,11.95,10.53,1.13
144.0,auto_flow_1.25,bike_flow_2.3,16.22,10.53,1.54
144.0,auto_flow_1.25,bike_flow_2.4,20.58,10.53,1.95
144.0,auto_flow_1.25,bike_flow_2.5,25.0,10.53,2.37
144.0,auto_flow_1.25,bike_flow_2.6,29.44,10.53,2.79
144.0,auto_flow_1.25,car_flow_1.31,8.42,10.53,0.8
144.0,auto_flow_1.25,car_flow_2.26,17.36,10.53,1.65
144.0,auto_flow_1.26,bike_flow_1.29,22.52,9.9,2.27
144.0,auto_flow_1.26,bike_flow_1.30,26.96,9.9,2.72
144.0,auto_flow_1.26,car_flow_1.30,3.68,9.9,0.37
144.0,auto_flow_1.26,car_flow_2.26,25.47,9.9,2.57
144.0,auto_flow_1.26,car_flow_2.27,23.92,9.9,2.42
144.0,auto_flow_1.27,bike_flow_1.29,29.14,11.0,2.65
144.0,auto_flow_1.27,car_flow_2.27,27.34,11.0,2.49
144.0,bike_flow_1.29,car_flow_1.30,24.12,12.96,1.86
144.0,bike_flow_1.29,car_flow_2.27,3.59,12.96,0.28
144.0,bike_flow_1.30,bike_flow_2.1,22.7,10.84,2.1
144.0,bike_flow_1.30,bike_flow_2.2,24.98,10.84,2.31
144.0,bike_flow_1.30,bike_flow_2.3,27.8,10.84,2.57
144.0,bike_flow_1.30,bike_flow_2.4,31.02,10.84,2.86
144.0,bike_flow_1.30,car_flow_1.30,24.95,10.84,2.3
144.0,bike_flow_1.30,car_flow_1.31,23.85,10.84,2.2
144.0,bike_flow_1.30,car_flow_2.26,3.45,10.84,0.32
144.0,bike_flow_1.31,car_flow_1.32,18.59,10.84,1.72
144.0,bike_flow_1.31,car_flow_2.25,8.44,10.84,0.78
144.0,bike_flow_1.32,car_flow_1.32,29.06,12.55,2.32
144.0,bike_flow_1.32,car_flow_2.24,13.88,12.55,1.11
144.0,car_flow_1.30,car_flow_2.26,23.86,12.68,1.88
144.0,car_flow_1.30,car_flow_2.27,25.94,12.68,2.04
144.0,car_flow_1.31,car_flow_2.25,25.12,12.98,1.94
144.0,car_flow_1.31,car_flow_2.26,25.35,12.98,1.95
144.0,car_flow_1.32,car_flow_2.24,15.88,13.36,1.19
144.0,car_flow_1.32,car_flow_2.25,26.59,13.36,1.99
145.0,auto_flow_1.23,bike_flow_1.32,27.31,10.6,2.58
145.0,auto_flow_1.23,car_flow_2.24,17.5,10.6,1.65
145.0,auto_flow_1.24,bike_flow_1.32,14.27,10.77,1.33
145.0,auto_flow_1.24,car_flow_1.32,13.27,10.77,1.23
145.0,auto_flow_1.24,car_flow_2.24,23.53,10.77,2.18
145.0,auto_flow_1.24,car_flow_2.25,17.72,10.77,1.65
145.0,auto_flow_1.25,bike_flow_1.31,18.39,10.15,1.81
145.0,auto_flow_1.25,bike_flow_2.1,8.75,10.15,0.86
145.0,auto_flow_1.25,bike_flow_2.2,12.5,10.15,1.23
145.0,auto_flow_1.25,bike_flow_2.3,16.62,10.15,1.64
145.0,auto_flow_1.25,bike_flow_2.4,20.91,10.15,2.06
145.0,auto_flow_1.25,bike_flow_2.5,25.27,10.15,2.49
145.0,auto_flow_1.25,bike_flow_2.6,29.67,10.15,2.92
145.0,auto_flow_1.25,car_flow_1.31,15.07,10.15,1.48
145.0,auto_flow_1.25,car_flow_2.26,16.61,10.15,1.64
145.0,auto_flow_1.26,bike_flow_1.30,5.71,10.01,0.57
145.0,auto_flow_1.26,car_flow_1.30,20.68,10.01,2.07
145.0,auto_flow_1.26,car_flow_1.31,28.42,10.01,2.84
145.0,auto_flow_1.26,car_flow_2.26,26.36,10.01,2.63
145.0,auto_flow_1.26,car_flow_2.27,22.11,10.01,2.21
145.0,auto_flow_1.27,bike_flow_1.29,7.26,10.62,0.68
145.0,auto_flow_1.27,car_flow_1.30,30.38,10.62,2.86
145.0,auto_flow_1.27,car_flow_2.27,28.53,10.62,2.69
145.0,bike_flow_1.29,car_flow_1.30,23.7,11.83,2.0
145.0,bike_flow_1.29,car_flow_2.27,22.25,11.83,1.88
145.0,bike_flow_1.30,bike_flow_2.1,33.95,12.03,2.82
145.0,bike_flow_1.30,bike_flow_2.2,35.51,12.03,2.95
145.0,bike_flow_1.30,car_flow_1.30,25.17,12.03,2.09
145.0,bike_flow_1.30,car_flow_1.31,23.51,12.03,1.96
145.0,bike_flow_1.30,car_flow_2.26,21.86,12.03,1.82
145.0,bike_flow_1.30,car_flow_2.27,27.04,12.03,2.25
145.0,bike_flow_1.31,bike_flow_2.1,25.79,12.25,2.1
145.0,bike_flow_1.31,bike_flow_2.2,27.81,12.25,2.27
145.0,bike_flow_1.31,bike_flow_2.3,30.37,12.25,2.48
145.0,bike_flow_1.31,bike_flow_2.4,33.35,12.25,2.72
145.0,bike_flow_1.31,bike_flow_2.5,36.63,12.25,2.99
145.0,bike_flow_1.31,car_flow_1.31,32.84,12.25,2.68
145.0,bike_flow_1.31,car_flow_1.32,19.53,12.25,1.59
145.0,bike_flow_1.31,car_flow_2.25,15.03,12.25,1.23
145.0,bike_flow_1.31,car_flow_2.26,34.87,12.25,2.85
145.0,bike_flow_1.32,car_flow_1.32,26.79,13.58,1.97
145.0,bike_flow_1.32,car_flow_2.24,10.14,13.58,0.75
145.0,bike_flow_1.32,car_flow_2.25,31.79,13.58,2.34
145.0,car_flow_1.30,car_flow_2.27,3.61,12.25,0.3
145.0,car_flow_1.31,car_flow_2.26,3.71,12.36,0.3
145.0,car_flow_1.32,car_flow_2.25,5.81,11.31,0.51
146.0,auto_flow_1.24,bike_flow_1.32,8.54,10.13,0.84
146.0,auto_flow_1.24,car_flow_1.33,27.1,10.13,2.67
146.0,auto_flow_1.24,car_flow_2.24,23.82,10.13,2.35
146.0,auto_flow_1.24,car_flow_2.25,17.34,10.13,1.71
146.0,auto_flow_1.25,bike_flow_1.31,5.46,10.98,0.5
146.0,auto_flow_1.25,bike_flow_2.1,17.97,10.98,1.64
146.0,auto_flow_1.25,bike_flow_2.2,20.06,10.98,1.83
146.0,auto_flow_1.25,bike_flow_2.3,22.86,10.98,2.08
146.0,auto_flow_1.25,bike_flow_2.4,26.14,10.98,2.38
146.0,auto_flow_1.25,bike_flow_2.5,29.74,10.98,2.71
146.0,auto_flow_1.25,car_flow_1.32,15.03,10.98,1.37
146.0,auto_flow_1.25,car_flow_2.25,32.34,10.98,2.95
146.0,auto_flow_1.25,car_flow_2.26,17.77,10.98,1.62
146.0,auto_flow_1.26,bike_flow_1.30,17.71,9.85,1.8
146.0,auto_flow_1.26,bike_flow_2.1,28.17,9.85,2.86
146.0,auto_flow_1.26,bike_flow_2.2,29.55,9.85,3.0
146.0,auto_flow_1.26,car_flow_1.31,5.95,9.85,0.6
146.0,auto_flow_1.26,car_flow_2.26,26.32,9.85,2.67
146.0,auto_flow_1.26,car_flow_2.27,20.46,9.85,2.08
146.0,auto_flow_1.27,bike_flow_1.29,18.13,10.2,1.78
146.0,auto_flow_1.27,car_flow_1.30,8.02,10.2,0.79
146.0,auto_flow_1.27,car_flow_2.27,29.83,10.2,2.92
146.0,bike_flow_1.29,car_flow_1.30,25.2,14.16,1.78
146.0,bike_flow_1.30,car_flow_1.30,25.52,12.3,2.08
146.0,bike_flow_1.30,car_flow_1.31,22.44,12.3,1.82
146.0,bike_flow_1.30,car_flow_2.27,4.42,12.3,0.36
146.0,bike_flow_1.31,bike_flow_2.1,15.72,11.56,1.36
146.0,bike_flow_1.31,bike_flow_2.2,18.86,11.56,1.63
146.0,bike_flow_1.31,bike_flow_2.3,22.46,11.56,1.94
146.0,bike_flow_1.31,bike_flow_2.4,26.35,11.56,2.28
146.0,bike_flow_1.31,bike_flow_2.5,30.4,11.56,2.63
146.0,bike_flow_1.31,bike_flow_2.6,34.57,11.56,2.99
146.0,bike_flow_1.31,car_flow_1.31,34.65,11.56,3.0
146.0,bike_flow_1.31,car_flow_1.32,19.11,11.56,1.65
146.0,bike_flow_1.31,car_flow_2.26,13.73,11.56,1.19
146.0,bike_flow_1.32,car_flow_1.32,27.08,11.69,2.32
146.0,bike_flow_1.32,car_flow_1.33,34.82,11.69,2.98
146.0,bike_flow_1.32,car_flow_2.24,31.9,11.69,2.73
146.0,bike_flow_1.32,car_flow_2.25,9.95,11.69,0.85
146.0,car_flow_1.30,car_flow_2.27,22.7,12.65,1.79
146.0,car_flow_1.31,car_flow_2.26,21.54,13.37,1.61
146.0,car_flow_1.31,car_flow_2.27,25.68,13.37,1.92
146.0,car_flow_1.32,car_flow_2.25,17.94,11.98,1.5
146.0,car_flow_1.32,car_flow_2.26,32.62,11.98,2.72
146.0,car_flow_1.33,car_flow_2.24,4.45,11.51,0.39
147.0,auto_flow_1.24,car_flow_1.33,6.73,9.74,0.69
147.0,auto_flow_1.24,car_flow_2.25,17.21,9.74,1.77
147.0,auto_flow_1.25,bike_flow_1.31,25.85,10.32,2.5
147.0,auto_flow_1.25,bike_flow_1.32,19.68,10.32,1.91
147.0,auto_flow_1.25,bike_flow_2.1,27.83,10.32,2.7
147.0,auto_flow_1.25,bike_flow_2.2,29.23,10.32,2.83
147.0,auto_flow_1.25,car_flow_1.32,7.99,10.32,0.77
147.0,auto_flow_1.25,car_flow_2.26,16.72,10.32,1.62
147.0,auto_flow_1.26,bike_flow_1.31,18.94,10.09,1.88
147.0,auto_flow_1.26,bike_flow_2.1,18.51,10.09,1.83
147.0,auto_flow_1.26,bike_flow_2.2,20.55,10.09,2.04
147.0,auto_flow_1.26,bike_flow_2.3,23.29,10.09,2.31
147.0,auto_flow_1.26,bike_flow_2.4,26.52,10.09,2.63
147.0,auto_flow_1.26,bike_flow_2.5,30.07,10.09,2.98
147.0,auto_flow_1.26,car_flow_1.31,18.26,10.09,1.81
147.0,auto_flow_1.26,car_flow_2.26,27.6,10.09,2.74
147.0,auto_flow_1.26,car_flow_2.27,19.27,10.09,1.91
147.0,auto_flow_1.27,bike_flow_1.30,9.86,10.85,0.91
147.0,auto_flow_1.27,car_flow_1.30,16.54,10.85,1.52
147.0,auto_flow_1.27,car_flow_1.31,31.72,10.85,2.92
147.0,auto_flow_1.27,car_flow_2.27,30.26,10.85,2.79
147.0,auto_flow_1.27,car_flow_2.28,29.68,10.85,2.73
147.0,bike_flow_1.30,car_flow_1.30,25.55,12.7,2.01
147.0,bike_flow_1.30,car_flow_1.31,22.23,12.7,1.75
147.0,bike_flow_1.30,car_flow_2.27,21.18,12.7,1.67
147.0,bike_flow_1.31,bike_flow_2.1,9.9,10.91,0.91
147.0,bike_flow_1.31,bike_flow_2.2,14.37,10.91,1.32
147.0,bike_flow_1.31,bike_flow_2.3,18.85,10.91,1.73
147.0,bike_flow_1.31,bike_flow_2.4,23.35,10.91,2.14
147.0,bike_flow_1.31,bike_flow_2.5,27.84,10.91,2.55
147.0,bike_flow_1.31,bike_flow_2.6,32.34,10.91,2.96
147.0,bike_flow_1.31,car_flow_1.32,18.33,10.91,1.68
147.0,bike_flow_1.31,car_flow_2.26,9.49,10.91,0.87
147.0,bike_flow_1.32,car_flow_1.32,26.74,12.02,2.22
147.0,bike_flow_1.32,car_flow_1.33,35.59,12.02,2.96
147.0,bike_flow_1.32,car_flow_2.25,12.87,12.02,1.07
147.0,car_flow_1.30,car_flow_2.28,13.83,12.73,1.09
147.0,car_flow_1.31,car_flow_2.27,3.45,12.91,0.27
147.0,car_flow_1.32,car_flow_2.26,9.93,11.69,0.85
147.0,car_flow_1.33,car_flow_2.25,23.35,11.25,2.08
148.0,auto_flow_1.24,bike_flow_1.33,9.91,10.79,0.92
148.0,auto_flow_1.24,car_flow_1.33,16.15,10.79,1.5
148.0,auto_flow_1.24,car_flow_2.25,18.27,10.79,1.69
148.0,auto_flow_1.25,bike_flow_1.32,4.87,9.65,0.5
148.0,auto_flow_1.25,car_flow_1.32,28.52,9.65,2.96
148.0,auto_flow_1.25,car_flow_2.26,16.0,9.65,1.66
148.0,auto_flow_1.26,bike_flow_1.31,3.84,10.2,0.38
148.0,auto_flow_1.26,bike_flow_2.1,9.69,10.2,0.95
148.0,auto_flow_1.26,bike_flow_2.2,13.17,10.2,1.29
148.0,auto_flow_1.26,bike_flow_2.3,17.14,10.2,1.68
148.0,auto_flow_1.26,bike_flow_2.4,21.32,10.2,2.09
148.0,auto_flow_1.26,bike_flow_2.5,25.61,10.2,2.51
148.0,auto_flow_1.26,bike_flow_2.6,29.96,10.2,2.94
148.0,auto_flow_1.26,car_flow_1.32,15.77,10.2,1.55
148.0,auto_flow_1.26,car_flow_2.26,27.77,10.2,2.72
148.0,auto_flow_1.26,car_flow_2.27,19.04,10.2,1.87
148.0,auto_flow_1.27,bike_flow_1.30,12.91,9.97,1.29
148.0,auto_flow_1.27,car_flow_1.31,8.99,9.97,0.9
148.0,auto_flow_1.27,car_flow_2.28,27.89,9.97,2.8
148.0,bike_flow_1.30,car_flow_1.30,26.77,11.86,2.26
148.0,bike_flow_1.30,car_flow_1.31,20.9,11.86,1.76
148.0,bike_flow_1.30,car_flow_2.28,15.72,11.86,1.33
148.0,bike_flow_1.31,bike_flow_2.1,13.46,10.6,1.27
148.0,bike_flow_1.31,bike_flow_2.2,17.02,10.6,1.61
148.0,bike_flow_1.31,bike_flow_2.3,20.94,10.6,1.98
148.0,bike_flow_1.31,bike_flow_2.4,25.06,10.6,2.36
148.0,bike_flow_1.31,bike_flow_2.5,29.29,10.6,2.76
148.0,bike_flow_1.31,car_flow_1.32,17.57,10.6,1.66
148.0,bike_flow_1.31,car_flow_2.26,30.07,10.6,2.84
148.0,bike_flow_1.31,car_flow_2.27,17.21,10.6,1.62
148.0,bike_flow_1.32,bike_flow_2.1,34.44,13.44,2.56
148.0,bike_flow_1.32,bike_flow_2.2,35.98,13.44,2.68
148.0,bike_flow_1.32,bike_flow_2.3,37.99,13.44,2.83
148.0,bike_flow_1.32,car_flow_1.32,24.67,13.44,1.83
148.0,bike_flow_1.32,car_flow_1.33,38.08,13.44,2.83
148.0,bike_flow_1.32,car_flow_2.25,35.78,13.44,2.66
148.0,bike_flow_1.32,car_flow_2.26,12.74,13.44,0.95
148.0,bike_flow_1.33,car_flow_1.33,25.21,11.92,2.11
148.0,bike_flow_1.33,car_flow_2.25,27.83,11.92,2.33
148.0,car_flow_1.30,car_flow_2.28,11.82,13.08,0.9
148.0,car_flow_1.31,car_flow_2.27,22.56,13.19,1.71
148.0,car_flow_1.31,car_flow_2.28,36.43,13.19,2.76
148.0,car_flow_1.32,car_flow_2.26,12.75,11.37,1.12
148.0,car_flow_1.33,car_flow_2.25,4.02,10.96,0.37
149.0,auto_flow_1.24,bike_flow_1.33,12.31,10.41,1.18
149.0,auto_flow_1.24,car_flow_2.25,17.95,10.41,1.72
149.0,auto_flow_1.25,bike_flow_1.32,27.4,10.9,2.51
149.0,auto_flow_1.25,car_flow_1.33,12.49,10.9,1.15
149.0,auto_flow_1.25,car_flow_2.25,31.79,10.9,2.92
149.0,auto_flow_1.25,car_flow_2.26,17.55,10.9,1.61
149.0,auto_flow_1.26,bike_flow_1.31,24.94,10.97,2.27
149.0,auto_flow_1.26,bike_flow_1.32,16.81,10.97,1.53
149.0,auto_flow_1.26,bike_flow_2.1,7.65,10.97,0.7
149.0,auto_flow_1.26,bike_flow_2.2,11.76,10.97,1.07
149.0,auto_flow_1.26,bike_flow_2.3,16.08,10.97,1.47
149.0,auto_flow_1.26,bike_flow_2.4,20.47,10.97,1.87
149.0,auto_flow_1.26,bike_flow_2.5,24.91,10.97,2.27
149.0,auto_flow_1.26,bike_flow_2.6,29.36,10.97,2.68
149.0,auto_flow_1.26,car_flow_1.32,6.75,10.97,0.62
149.0,auto_flow_1.26,car_flow_2.26,26.16,10.97,2.39
149.0,auto_flow_1.26,car_flow_2.27,19.29,10.97,1.76
149.0,auto_flow_1.27,bike_flow_1.31,26.58,9.61,2.76
149.0,auto_flow_1.27,car_flow_1.31,14.42,9.61,1.5
149.0,auto_flow_1.27,car_flow_2.28,25.59,9.61,2.66
149.0,auto_flow_1.28,bike_flow_1.30,15.68,10.75,1.46
149.0,auto_flow_1.28,car_flow_2.28,25.67,10.75,2.39
149.0,bike_flow_1.30,car_flow_1.31,21.84,13.79,1.58
149.0,bike_flow_1.30,car_flow_2.28,10.8,13.79,0.78
149.0,bike_flow_1.31,bike_flow_2.1,23.05,11.64,1.98
149.0,bike_flow_1.31,bike_flow_2.2,25.29,11.64,2.17
149.0,bike_flow_1.31,bike_flow_2.3,28.08,11.64,2.41
149.0,bike_flow_1.31,bike_flow_2.4,31.28,11.64,2.69
149.0,bike_flow_1.31,bike_flow_2.5,34.76,11.64,2.99
149.0,bike_flow_1.31,car_flow_1.32,18.79,11.64,1.61
149.0,bike_flow_1.31,car_flow_2.27,6.31,11.64,0.54
149.0,bike_flow_1.32,bike_flow_2.1,22.61,12.64,1.79
149.0,bike_flow_1.32,bike_flow_2.2,24.89,12.64,1.97
149.0,bike_flow_1.32,bike_flow_2.3,27.72,12.64,2.19
149.0,bike_flow_1.32,bike_flow_2.4,30.95,12.64,2.45
149.0,bike_flow_1.32,bike_flow_2.5,34.47,12.64,2.73
149.0,bike_flow_1.32,car_flow_1.32,22.44,12.64,1.78
149.0,bike_flow_1.32,car_flow_2.26,10.18,12.64,0.81
149.0,bike_flow_1.32,car_flow_2.27,35.94,12.64,2.84
149.0,bike_flow_1.33,car_flow_1.33,25.77,10.87,2.37
149.0,bike_flow_1.33,car_flow_2.25,6.85,10.87,0.63
149.0,car_flow_1.31,car_flow_2.28,11.96,12.85,0.93
149.0,car_flow_1.32,car_flow_2.27,13.73,10.41,1.32
149.0,car_flow_1.33,car_flow_2.25,19.97,11.42,1.75
149.0,car_flow_1.33,car_flow_2.26,29.8,11.42,2.61
150.0,auto_flow_1.25,bike_flow_1.33,17.36,10.06,1.73
150.0,auto_flow_1.25,car_flow_1.33,9.91,10.06,0.99
150.0,auto_flow_1.25,car_flow_2.26,17.13,10.06,1.7
150.0,auto_flow_1.26,bike_flow_1.32,5.05,10.64,0.47
150.0,auto_flow_1.26,bike_flow_2.1,15.94,10.64,1.5
150.0,auto_flow_1.26,bike_flow_2.2,18.27,10.64,1.72
150.0,auto_flow_1.26,bike_flow_2.3,21.31,10.64,2.0
150.0,auto_flow_1.26,bike_flow_2.4,24.8,10.64,2.33
150.0,auto_flow_1.26,bike_flow_2.5,28.57,10.64,2.69
150.0,auto_flow_1.26,car_flow_1.32,28.19,10.64,2.65
150.0,auto_flow_1.26,car_flow_2.26,26.01,10.64,2.44
150.0,auto_flow_1.26,car_flow_2.27,18.99,10.64,1.79
150.0,auto_flow_1.27,bike_flow_1.31,5.82,10.45,0.56
150.0,auto_flow_1.27,car_flow_1.32,23.51,10.45,2.25
150.0,auto_flow_1.27,car_flow_2.28,23.78,10.45,2.28
150.0,auto_flow_1.28,bike_flow_1.30,9.74,10.66,0.91
150.0,auto_flow_1.28,car_flow_1.31,14.37,10.66,1.35
150.0,auto_flow_1.28,car_flow_2.28,27.26,10.66,2.56
150.0,bike_flow_1.30,car_flow_1.31,23.2,13.89,1.67
150.0,bike_flow_1.30,car_flow_2.28,36.6,13.89,2.64
150.0,bike_flow_1.31,car_flow_1.32,18.43,11.07,1.66
150.0,bike_flow_1.31,car_flow_2.27,27.64,11.07,2.5
150.0,bike_flow_1.31,car_flow_2.28,28.82,11.07,2.6
150.0,bike_flow_1.32,bike_flow_2.1,14.44,9.77,1.48
150.0,bike_flow_1.32,bike_flow_2.2,17.81,9.77,1.82
150.0,bike_flow_1.32,bike_flow_2.3,21.59,9.77,2.21
150.0,bike_flow_1.32,bike_flow_2.4,25.6,9.77,2.62
150.0,bike_flow_1.32,car_flow_1.32,24.11,9.77,2.47
150.0,bike_flow_1.32,car_flow_2.27,15.42,9.77,1.58
150.0,bike_flow_1.33,car_flow_1.33,26.45,10.72,2.47
150.0,bike_flow_1.33,car_flow_1.34,18.58,10.72,1.73
150.0,bike_flow_1.33,car_flow_2.25,15.28,10.72,1.43
150.0,car_flow_1.31,car_flow_2.28,13.64,12.53,1.09
150.0,car_flow_1.32,car_flow_2.27,9.57,11.43,0.84
150.0,car_flow_1.33,car_flow_2.26,8.38,11.4,0.74
150.0,car_flow_1.34,car_flow_2.25,4.85,10.63,0.46
151.0,auto_flow_1.25,bike_flow_1.33,4.47,10.58,0.42
151.0,auto_flow_1.25,car_flow_1.33,30.66,10.58,2.9
151.0,auto_flow_1.25,car_flow_1.34,14.47,10.58,1.37
151.0,auto_flow_1.25,car_flow_2.26,17.7,10.58,1.67
151.0,auto_flow_1.26,bike_flow_1.32,24.85,9.85,2.52
151.0,auto_flow_1.26,bike_flow_2.1,25.24,9.85,2.56
151.0,auto_flow_1.26,bike_flow_2.2,26.77,9.85,2.72
151.0,auto_flow_1.26,bike_flow_2.3,28.93,9.85,2.94
151.0,auto_flow_1.26,car_flow_1.33,13.75,9.85,1.4
151.0,auto_flow_1.26,car_flow_2.26,26.16,9.85,2.66
151.0,auto_flow_1.26,car_flow_2.27,17.88,9.85,1.82
151.0,auto_flow_1.27,bike_flow_1.31,16.45,10.08,1.63
151.0,auto_flow_1.27,bike_flow_1.32,26.63,10.08,2.64
151.0,auto_flow_1.27,bike_flow_2.1,27.52,10.08,2.73
151.0,auto_flow_1.27,bike_flow_2.2,28.93,10.08,2.87
151.0,auto_flow_1.27,car_flow_1.32,4.09,10.08,0.41
151.0,auto_flow_1.27,car_flow_2.28,21.76,10.08,2.16
151.0,auto_flow_1.28,car_flow_1.31,10.01,10.95,0.91
151.0,auto_flow_1.28,car_flow_2.28,28.41,10.95,2.59
151.0,auto_flow_1.28,car_flow_2.29,19.62,10.95,1.79
151.0,bike_flow_1.31,car_flow_1.32,18.69,10.92,1.71
151.0,bike_flow_1.31,car_flow_2.28,6.47,10.92,0.59
151.0,bike_flow_1.32,bike_flow_2.1,9.81,10.89,0.9
151.0,bike_flow_1.32,bike_flow_2.2,14.3,10.89,1.31
151.0,bike_flow_1.32,bike_flow_2.3,18.81,10.89,1.73
151.0,bike_flow_1.32,bike_flow_2.4,23.31,10.89,2.14
151.0,bike_flow_1.32,bike_flow_2.5,27.81,10.89,2.55
151.0,bike_flow_1.32,bike_flow_2.6,32.31,10.89,2.97
151.0,bike_flow_1.32,car_flow_1.32,23.88,10.89,2.19
151.0,bike_flow_1.32,car_flow_2.27,7.49,10.89,0.69
151.0,bike_flow_1.33,car_flow_1.33,27.37,9.61,2.85
151.0,bike_flow_1.33,car_flow_1.34,17.24,9.61,1.79
151.0,bike_flow_1.33,car_flow_2.26,14.93,9.61,1.55
151.0,car_flow_1.31,car_flow_2.29,10.62,12.54,0.85
151.0,car_flow_1.32,car_flow_2.27,30.82,10.67,2.89
151.0,car_flow_1.32,car_flow_2.28,24.52,10.67,2.3
151.0,car_flow_1.33,car_flow_2.26,13.18,10.53,1.25
151.0,car_flow_1.33,car_flow_2.27,31.42,10.53,2.99
151.0,car_flow_1.34,car_flow_2.26,31.97,10.96,2.92
152.0,auto_flow_1.25,bike_flow_1.33,23.21,9.78,2.37
152.0,auto_flow_1.25,bike_flow_1.34,18.56,9.78,1.9
152.0,auto_flow_1.25,car_flow_1.34,6.12,9.78,0.63
152.0,auto_flow_1.25,car_flow_2.26,16.88,9.78,1.73
152.0,auto_flow_1.26,bike_flow_1.33,20.9,10.0,2.09
152.0,auto_flow_1.26,car_flow_1.33,8.03,10.0,0.8
152.0,auto_flow_1.26,car_flow_2.26,26.77,10.0,2.68
152.0,auto_flow_1.26,car_flow_2.27,17.46,10.0,1.75
152.0,auto_flow_1.27,bike_flow_1.32,5.1,10.77,0.47
152.0,auto_flow_1.27,bike_flow_2.1,17.26,10.77,1.6
152.0,auto_flow_1.27,bike_flow_2.2,19.43,10.77,1.8
152.0,auto_flow_1.27,bike_flow_2.3,22.31,10.77,2.07
152.0,auto_flow_1.27,bike_flow_2.4,25.66,10.77,2.38
152.0,auto_flow_1.27,bike_flow_2.5,29.32,10.77,2.72
152.0,auto_flow_1.27,car_flow_1.32,19.33,10.77,1.8
152.0,auto_flow_1.27,car_flow_2.28,21.18,10.77,1.97
152.0,auto_flow_1.28,bike_flow_1.31,12.99,10.23,1.27
152.0,auto_flow_1.28,car_flow_2.28,29.53,10.23,2.89
152.0,auto_flow_1.28,car_flow_2.29,18.63,10.23,1.82
152.0,bike_flow_1.31,car_flow_1.32,19.05,11.21,1.7
152.0,bike_flow_1.31,car_flow_2.28,17.24,11.21,1.54
152.0,bike_flow_1.31,car_flow_2.29,31.38,11.21,2.8
152.0,bike_flow_1.32,bike_flow_2.1,15.47,11.69,1.32
152.0,bike_flow_1.32,bike_flow_2.2,18.65,11.69,1.6
152.0,bike_flow_1.32,bike_flow_2.3,22.29,11.69,1.91
152.0,bike_flow_1.32,bike_flow_2.4,26.2,11.69,2.24
152.0,bike_flow_1.32,bike_flow_2.5,30.27,11.69,2.59
152.0,bike_flow_1.32,bike_flow_2.6,34.45,11.69,2.95
152.0,bike_flow_1.32,car_flow_1.32,23.04,11.69,1.97
152.0,bike_flow_1.32,car_flow_2.27,29.05,11.69,2.49
152.0,bike_flow_1.32,car_flow_2.28,25.36,11.69,2.17
152.0,bike_flow_1.33,car_flow_1.33,28.03,10.08,2.78
152.0,bike_flow_1.33,car_flow_1.34,17.77,10.08,1.76
152.0,bike_flow_1.33,car_flow_2.26,6.9,10.08,0.68
152.0,bike_flow_1.34,car_flow_1.34,23.5,10.12,2.32
152.0,car_flow_1.31,car_flow_2.29,14.22,12.77,1.11
152.0,car_flow_1.32,car_flow_2.28,3.84,10.84,0.35
152.0,car_flow_1.33,car_flow_2.27,10.59,10.74,0.99
152.0,car_flow_1.34,car_flow_2.26,12.09,9.55,1.27
153.0,auto_flow_1.25,bike_flow_1.34,4.27,9.81,0.44
153.0,auto_flow_1.25,car_flow_1.34,25.33,9.81,2.58
153.0,auto_flow_1.25,car_flow_2.26,17.06,9.81,1.74
153.0,auto_flow_1.26,bike_flow_1.33,3.32,10.29,0.32
153.0,auto_flow_1.26,car_flow_1.33,29.28,10.29,2.84
153.0,auto_flow_1.26,car_flow_1.34,18.32,10.29,1.78
153.0,auto_flow_1.26,car_flow_2.26,26.11,10.29,2.54
153.0,auto_flow_1.26,car_flow_2.27,17.15,10.29,1.67
153.0,auto_flow_1.27,bike_flow_1.32,18.6,10.89,1.71
153.0,auto_flow_1.27,bike_flow_2.1,8.32,10.89,0.76
153.0,auto_flow_1.27,bike_flow_2.2,12.2,10.89,1.12
153.0,auto_flow_1.27,bike_flow_2.3,16.4,10.89,1.51
153.0,auto_flow_1.27,bike_flow_2.4,20.73,10.89,1.9
153.0,auto_flow_1.27,bike_flow_2.5,25.12,10.89,2.31
153.0,auto_flow_1.27,bike_flow_2.6,29.54,10.89,2.71
153.0,auto_flow_1.27,car_flow_1.33,20.86,10.89,1.92
153.0,auto_flow_1.27,car_flow_2.27,32.57,10.89,2.99
153.0,auto_flow_1.27,car_flow_2.28,20.3,10.89,1.86
153.0,auto_flow_1.28,bike_flow_1.31,9.72,10.28,0.95
153.0,auto_flow_1.28,car_flow_1.32,10.39,10.28,1.01
153.0,auto_flow_1.28,car_flow_2.29,18.28,10.28,1.78
153.0,auto_flow_1.29,car_flow_2.29,23.85,10.89,2.19
153.0,bike_flow_1.31,car_flow_1.32,19.06,11.49,1.66
153.0,bike_flow_1.31,car_flow_2.29,9.65,11.49,0.84
153.0,bike_flow_1.32,bike_flow_2.1,25.35,11.4,2.22
153.0,bike_flow_1.32,bike_flow_2.2,27.41,11.4,2.4
153.0,bike_flow_1.32,bike_flow_2.3,30.0,11.4,2.63
153.0,bike_flow_1.32,bike_flow_2.4,33.01,11.4,2.89
153.0,bike_flow_1.32,car_flow_1.32,23.11,11.4,2.03
153.0,bike_flow_1.32,car_flow_2.28,3.76,11.4,0.33
153.0,bike_flow_1.33,car_flow_1.33,28.23,11.24,2.51
153.0,bike_flow_1.33,car_flow_1.34,18.91,11.24,1.68
153.0,bike_flow_1.33,car_flow_2.26,27.17,11.24,2.42
153.0,bike_flow_1.33,car_flow_2.27,16.59,11.24,1.48
153.0,bike_flow_1.34,car_flow_1.34,22.29,11.31,1.97
153.0,bike_flow_1.34,car_flow_2.26,14.58,11.31,1.29
153.0,car_flow_1.32,car_flow_2.28,21.37,11.48,1.86
153.0,car_flow_1.32,car_flow_2.29,28.35,11.48,2.47
153.0,car_flow_1.33,car_flow_2.27,12.37,11.44,1.08
153.0,car_flow_1.34,car_flow_2.26,8.68,10.1,0.86
154.0,auto_flow_1.26,bike_flow_1.33,23.31,10.49,2.22
154.0,auto_flow_1.26,bike_flow_1.34,18.54,10.49,1.77
154.0,auto_flow_1.26,car_flow_1.34,5.08,10.49,0.48
154.0,auto_flow_1.26,car_flow_2.26,25.26,10.49,2.41
154.0,auto_flow_1.26,car_flow_2.27,17.61,10.49,1.68
154.0,auto_flow_1.27,bike_flow_1.33,27.19,10.12,2.69
154.0,auto_flow_1.27,bike_flow_2.1,8.32,10.12,0.82
154.0,auto_flow_1.27,bike_flow_2.2,12.2,10.12,1.21
154.0,auto_flow_1.27,bike_flow_2.3,16.41,10.12,1.62
154.0,auto_flow_1.27,bike_flow_2.4,20.73,10.12,2.05
154.0,auto_flow_1.27,bike_flow_2.5,25.12,10.12,2.48
154.0,auto_flow_1.27,bike_flow_2.6,29.54,10.12,2.92
154.0,auto_flow_1.27,car_flow_1.33,3.34,10.12,0.33
154.0,auto_flow_1.27,car_flow_2.28,19.04,10.12,1.88
154.0,auto_flow_1.28,bike_flow_1.32,12.13,10.66,1.14
154.0,auto_flow_1.28,car_flow_1.32,12.21,10.66,1.15
154.0,auto_flow_1.28,car_flow_2.28,31.75,10.66,2.98
154.0,auto_flow_1.28,car_flow_2.29,18.47,10.66,1.73
154.0,auto_flow_1.29,bike_flow_1.31,10.35,10.31,1.0
154.0,auto_flow_1.29,car_flow_1.32,30.85,10.31,2.99
154.0,auto_flow_1.29,car_flow_2.29,24.01,10.31,2.33
154.0,bike_flow_1.31,car_flow_1.32,20.84,12.79,1.63
154.0,bike_flow_1.31,car_flow_2.29,14.52,12.79,1.13
154.0,bike_flow_1.32,car_flow_1.32,23.49,10.64,2.21
154.0,bike_flow_1.32,car_flow_2.28,20.29,10.64,1.91
154.0,bike_flow_1.32,car_flow_2.29,30.34,10.64,2.85
154.0,bike_flow_1.33,bike_flow_2.1,33.53,11.72,2.86
154.0,bike_flow_1.33,bike_flow_2.2,35.11,11.72,3.0
154.0,bike_flow_1.33,car_flow_1.33,27.94,11.72,2.38
154.0,bike_flow_1.33,car_flow_1.34,19.14,11.72,1.63
154.0,bike_flow_1.33,car_flow_2.27,6.34,11.72,0.54
154.0,bike_flow_1.34,car_flow_1.34,22.21,11.58,1.92
154.0,bike_flow_1.34,car_flow_1.35,19.89,11.58,1.72
154.0,bike_flow_1.34,car_flow_2.26,7.69,11.58,0.66
154.0,car_flow_1.32,car_flow_2.29,7.41,11.02,0.67
154.0,car_flow_1.33,car_flow_2.27,33.57,11.43,2.94
154.0,car_flow_1.33,car_flow_2.28,18.38,11.43,1.61
154.0,car_flow_1.34,car_flow_2.26,29.38,11.49,2.56
154.0,car_flow_1.34,car_flow_2.27,14.04,11.49,1.22
154.0,car_flow_1.35,car_flow_2.26,13.28,11.6,1.15
155.0,auto_flow_1.26,bike_flow_1.34,3.56,9.81,0.36
155.0,auto_flow_1.26,car_flow_1.34,25.88,9.81,2.64
155.0,auto_flow_1.26,car_flow_1.35,16.99,9.81,1.73
155.0,auto_flow_1.26,car_flow_2.26,26.65,9.81,2.72
155.0,auto_flow_1.26,car_flow_2.27,16.45,9.81,1.68
155.0,auto_flow_1.27,bike_flow_1.33,7.84,10.37,0.76
155.0,auto_flow_1.27,bike_flow_2.1,16.79,10.37,1.62
155.0,auto_flow_1.27,bike_flow_2.2,19.01,10.37,1.83
155.0,auto_flow_1.27,bike_flow_2.3,21.95,10.37,2.12
155.0,auto_flow_1.27,bike_flow_2.4,25.35,10.37,2.44
155.0,auto_flow_1.27,bike_flow_2.5,29.05,10.37,2.8
155.0,auto_flow_1.27,car_flow_1.33,22.4,10.37,2.16
155.0,auto_flow_1.27,car_flow_1.34,24.05,10.37,2.32
155.0,auto_flow_1.27,car_flow_2.28,18.16,10.37,1.75
155.0,auto_flow_1.28,bike_flow_1.32,10.58,10.43,1.01
155.0,auto_flow_1.28,car_flow_1.33,28.72,10.43,2.75
155.0,auto_flow_1.28,car_flow_2.29,17.55,10.43,1.68
155.0,auto_flow_1.29,bike_flow_1.31,10.73,9.68,1.11
155.0,auto_flow_1.29,car_flow_1.32,9.31,9.68,0.96
155.0,auto_flow_1.29,car_flow_2.29,25.68,9.68,2.65
155.0,auto_flow_1.29,car_flow_2.30,17.99,9.68,1.86
155.0,bike_flow_1.31,car_flow_1.32,18.98,10.41,1.82
155.0,bike_flow_1.31,car_flow_2.30,8.38,10.41,0.81
155.0,bike_flow_1.32,car_flow_1.32,24.4,11.35,2.15
155.0,bike_flow_1.32,car_flow_2.29,8.12,11.35,0.71
155.0,bike_flow_1.33,bike_flow_2.1,24.63,9.47,2.6
155.0,bike_flow_1.33,bike_flow_2.2,26.74,9.47,2.82
155.0,bike_flow_1.33,car_flow_1.34,16.68,9.47,1.76
155.0,bike_flow_1.33,car_flow_2.27,26.12,9.47,2.76
155.0,bike_flow_1.33,car_flow_2.28,25.52,9.47,2.69
155.0,bike_flow_1.34,car_flow_1.34,24.13,10.01,2.41
155.0,bike_flow_1.34,car_flow_1.35,18.25,10.01,1.82
155.0,bike_flow_1.34,car_flow_2.26,28.38,10.01,2.83
155.0,bike_flow_1.34,car_flow_2.27,15.23,10.01,1.52
155.0,car_flow_1.32,car_flow_2.29,17.24,12.27,1.41
155.0,car_flow_1.32,car_flow_2.30,26.92,12.27,2.19
155.0,car_flow_1.33,car_flow_2.28,5.13,10.86,0.47
155.0,car_flow_1.34,car_flow_2.27,9.78,11.93,0.82
155.0,car_flow_1.35,car_flow_2.26,10.46,11.65,0.9
155.0,car_flow_1.35,car_flow_2.27,33.29,11.65,2.86
156.0,auto_flow_1.26,bike_flow_1.34,24.8,10.35,2.4
156.0,auto_flow_1.26,bike_flow_1.35,21.23,10.35,2.05
156.0,auto_flow_1.26,car_flow_1.35,4.73,10.35,0.46
156.0,auto_flow_1.26,car_flow_2.27,17.25,10.35,1.67
156.0,auto_flow_1.27,bike_flow_1.33,15.6,11.0,1.42
156.0,auto_flow_1.27,bike_flow_1.34,24.49,11.0,2.23
156.0,auto_flow_1.27,bike_flow_2.1,27.25,11.0,2.48
156.0,auto_flow_1.27,bike_flow_2.2,28.67,11.0,2.61
156.0,auto_flow_1.27,bike_flow_2.3,30.7,11.0,2.79
156.0,auto_flow_1.27,car_flow_1.34,4.7,11.0,0.43
156.0,auto_flow_1.27,car_flow_2.27,31.62,11.0,2.87
156.0,auto_flow_1.27,car_flow_2.28,18.88,11.0,1.72
156.0,auto_flow_1.28,bike_flow_2.1,25.99,10.15,2.56
156.0,auto_flow_1.28,bike_flow_2.2,27.48,10.15,2.71
156.0,auto_flow_1.28,bike_flow_2.3,29.58,10.15,2.91
156.0,auto_flow_1.28,car_flow_1.33,8.2,10.15,0.81
156.0,auto_flow_1.28,car_flow_2.29,16.95,10.15,1.67
156.0,auto_flow_1.29,bike_flow_1.32,9.81,10.27,0.96
156.0,auto_flow_1.29,car_flow_1.32,12.9,10.27,1.26
156.0,auto_flow_1.29,car_flow_2.29,26.15,10.27,2.55
156.0,auto_flow_1.29,car_flow_2.30,18.29,10.27,1.78
156.0,bike_flow_1.31,car_flow_1.32,18.23,10.21,1.79
156.0,bike_flow_1.31,car_flow_2.30,12.84,10.21,1.26
156.0,bike_flow_1.32,car_flow_1.32,21.77,13.59,1.6
156.0,bike_flow_1.32,car_flow_2.29,17.18,13.59,1.26
156.0,bike_flow_1.32,car_flow_2.30,27.75,13.59,2.04
156.0,bike_flow_1.33,bike_flow_2.1,14.86,11.42,1.3
156.0,bike_flow_1.33,bike_flow_2.2,18.15,11.42,1.59
156.0,bike_flow_1.33,bike_flow_2.3,21.87,11.42,1.91
156.0,bike_flow_1.33,bike_flow_2.4,25.84,11.42,2.26
156.0,bike_flow_1.33,bike_flow_2.5,29.96,11.42,2.62
156.0,bike_flow_1.33,bike_flow_2.6,34.18,11.42,2.99
156.0,bike_flow_1.33,car_flow_1.33,28.75,11.42,2.52
156.0,bike_flow_1.33,car_flow_1.34,18.71,11.42,1.64
156.0,bike_flow_1.33,car_flow_2.28,4.83,11.42,0.42
156.0,bike_flow_1.34,car_flow_1.34,20.84,12.68,1.64
156.0,bike_flow_1.34,car_flow_1.35,21.11,12.68,1.66
156.0,bike_flow_1.34,car_flow_2.27,8.01,12.68,0.63
156.0,bike_flow_1.35,car_flow_1.35,24.47,10.83,2.26
156.0,car_flow_1.32,car_flow_2.30,6.62,10.97,0.6
156.0,car_flow_1.33,car_flow_2.28,25.34,10.84,2.34
156.0,car_flow_1.33,car_flow_2.29,24.71,10.84,2.28
156.0,car_flow_1.34,car_flow_2.28,22.55,9.39,2.4
156.0,car_flow_1.35,car_flow_2.27,14.14,9.82,1.44
157.0,auto_flow_1.26,bike_flow_1.35,3.38,9.94,0.34
157.0,auto_flow_1.26,car_flow_1.35,24.97,9.94,2.51
157.0,auto_flow_1.26,car_flow_2.27,16.69,9.94,1.68
157.0,auto_flow_1.27,bike_flow_1.34,5.06,9.7,0.52
157.0,auto_flow_1.27,car_flow_1.34,16.99,9.7,1.75
157.0,auto_flow_1.27,car_flow_1.35,24.56,9.7,2.53
157.0,auto_flow_1.27,car_flow_2.28,17.03,9.7,1.76
157.0,auto_flow_1.28,bike_flow_1.33,16.02,10.35,1.55
157.0,auto_flow_1.28,bike_flow_2.1,16.19,10.35,1.57
157.0,auto_flow_1.28,bike_flow_2.2,18.49,10.35,1.79
157.0,auto_flow_1.28,bike_flow_2.3,21.5,10.35,2.08
157.0,auto_flow_1.28,bike_flow_2.4,24.96,10.35,2.41
157.0,auto_flow_1.28,bike_flow_2.5,28.71,10.35,2.77
157.0,auto_flow_1.28,car_flow_1.33,14.04,10.35,1.36
157.0,auto_flow_1.28,car_flow_2.29,16.8,10.35,1.62
157.0,auto_flow_1.29,bike_flow_1.32,12.28,10.58,1.16
157.0,auto_flow_1.29,car_flow_1.33,29.37,10.58,2.77
157.0,auto_flow_1.29,car_flow_2.29,26.06,10.58,2.46
157.0,auto_flow_1.29,car_flow_2.30,18.44,10.58,1.74
157.0,auto_flow_1.30,bike_flow_1.32,29.16,10.47,2.79
157.0,auto_flow_1.30,car_flow_1.32,8.0,10.47,0.76
157.0,auto_flow_1.30,car_flow_2.30,22.41,10.47,2.14
157.0,bike_flow_1.32,car_flow_1.32,21.66,10.55,2.05
157.0,bike_flow_1.32,car_flow_2.30,7.32,10.55,0.69
157.0,bike_flow_1.33,bike_flow_2.1,9.84,10.26,0.96
157.0,bike_flow_1.33,bike_flow_2.2,14.33,10.26,1.4
157.0,bike_flow_1.33,bike_flow_2.3,18.83,10.26,1.84
157.0,bike_flow_1.33,bike_flow_2.4,23.32,10.26,2.27
157.0,bike_flow_1.33,bike_flow_2.5,27.82,10.26,2.71
157.0,bike_flow_1.33,car_flow_1.33,29.37,10.26,2.86
157.0,bike_flow_1.33,car_flow_1.34,18.53,10.26,1.81
157.0,bike_flow_1.33,car_flow_2.28,18.47,10.26,1.8
157.0,bike_flow_1.34,car_flow_1.34,20.61,10.66,1.93
157.0,bike_flow_1.34,car_flow_1.35,20.42,10.66,1.92
157.0,bike_flow_1.34,car_flow_2.27,28.68,10.66,2.69
157.0,bike_flow_1.34,car_flow_2.28,21.2,10.66,1.99
157.0,bike_flow_1.35,car_flow_1.35,25.86,9.96,2.6
157.0,bike_flow_1.35,car_flow_2.27,18.07,9.96,1.81
157.0,car_flow_1.32,car_flow_2.30,15.42,10.43,1.48
157.0,car_flow_1.33,car_flow_2.29,4.48,10.88,0.41
157.0,car_flow_1.34,car_flow_2.28,3.22,10.43,0.31
157.0,car_flow_1.35,car_flow_2.27,8.69,11.35,0.77
158.0,auto_flow_1.26,bike_flow_1.35,20.57,9.93,2.07
158.0,auto_flow_1.26,car_flow_2.27,17.03,9.93,1.72
158.0,auto_flow_1.27,bike_flow_1.34,16.68,10.23,1.63
158.0,auto_flow_1.27,bike_flow_1.35,28.66,10.23,2.8
158.0,auto_flow_1.27,car_flow_1.35,4.3,10.23,0.42
158.0,auto_flow_1.27,car_flow_2.28,17.05,10.23,1.67
158.0,auto_flow_1.28,bike_flow_1.33,6.42,9.91,0.65
158.0,auto_flow_1.28,bike_flow_2.1,8.21,9.91,0.83
158.0,auto_flow_1.28,bike_flow_2.2,12.13,9.91,1.22
158.0,auto_flow_1.28,bike_flow_2.3,16.35,9.91,1.65
158.0,auto_flow_1.28,bike_flow_2.4,20.69,9.91,2.09
158.0,auto_flow_1.28,bike_flow_2.5,25.08,9.91,2.53
158.0,auto_flow_1.28,bike_flow_2.6,29.51,9.91,2.98
158.0,auto_flow_1.28,car_flow_1.34,14.28,9.91,1.44
158.0,auto_flow_1.28,car_flow_2.29,16.25,9.91,1.64
158.0,auto_flow_1.29,car_flow_1.33,8.76,10.29,0.85
158.0,auto_flow_1.29,car_flow_2.29,26.24,10.29,2.55
158.0,auto_flow_1.29,car_flow_2.30,18.14,10.29,1.76
158.0,auto_flow_1.30,bike_flow_1.32,10.25,10.18,1.01
158.0,auto_flow_1.30,car_flow_2.30,22.81,10.18,2.24
158.0,bike_flow_1.32,car_flow_2.30,13.46,9.07,1.48
158.0,bike_flow_1.33,bike_flow_2.1,14.33,11.36,1.26
158.0,bike_flow_1.33,bike_flow_2.2,17.71,11.36,1.56
158.0,bike_flow_1.33,bike_flow_2.3,21.51,11.36,1.89
158.0,bike_flow_1.33,bike_flow_2.4,25.54,11.36,2.25
158.0,bike_flow_1.33,bike_flow_2.5,29.7,11.36,2.61
158.0,bike_flow_1.33,bike_flow_2.6,33.95,11.36,2.99
158.0,bike_flow_1.33,car_flow_1.33,28.77,11.36,2.53
158.0,bike_flow_1.33,car_flow_1.34,19.49,11.36,1.72
158.0,bike_flow_1.33,car_flow_2.29,11.15,11.36,0.98
158.0,bike_flow_1.34,car_flow_1.34,20.96,10.06,2.08
158.0,bike_flow_1.34,car_flow_1.35,19.24,10.06,1.91
158.0,bike_flow_1.34,car_flow_2.28,3.27,10.06,0.33
158.0,bike_flow_1.35,car_flow_1.35,25.62,11.49,2.23
158.0,bike_flow_1.35,car_flow_2.27,4.59,11.49,0.4
158.0,car_flow_1.33,car_flow_2.29,18.37,10.75,1.71
158.0,car_flow_1.33,car_flow_2.30,26.49,10.75,2.46
158.0,car_flow_1.34,car_flow_2.28,20.52,10.41,1.97
158.0,car_flow_1.34,car_flow_2.29,30.33,10.41,2.91
158.0,car_flow_1.35,car_flow_2.27,29.08,11.25,2.59
158.0,car_flow_1.35,car_flow_2.28,20.18,11.25,1.79
159.0,auto_flow_1.27,bike_flow_1.35,6.13,10.62,0.58
159.0,auto_flow_1.27,car_flow_1.35,18.58,10.62,1.75
159.0,auto_flow_1.27,car_flow_2.27,30.93,10.62,2.91
159.0,auto_flow_1.27,car_flow_2.28,17.49,10.62,1.65
159.0,auto_flow_1.28,bike_flow_1.33,25.31,9.6,2.64
159.0,auto_flow_1.28,bike_flow_1.34,15.72,9.6,1.64
159.0,auto_flow_1.28,bike_flow_2.1,8.12,9.6,0.85
159.0,auto_flow_1.28,bike_flow_2.2,12.07,9.6,1.26
159.0,auto_flow_1.28,bike_flow_2.3,16.3,9.6,1.7
159.0,auto_flow_1.28,bike_flow_2.4,20.65,9.6,2.15
159.0,auto_flow_1.28,bike_flow_2.5,25.05,9.6,2.61
159.0,auto_flow_1.28,car_flow_1.34,8.29,9.6,0.86
159.0,auto_flow_1.28,car_flow_2.29,16.48,9.6,1.72
159.0,auto_flow_1.29,bike_flow_1.33,17.49,9.79,1.79
159.0,auto_flow_1.29,car_flow_1.33,13.28,9.79,1.36
159.0,auto_flow_1.29,car_flow_2.29,25.83,9.79,2.64
159.0,auto_flow_1.29,car_flow_2.30,17.77,9.79,1.82
159.0,auto_flow_1.30,bike_flow_1.32,11.47,10.88,1.05
159.0,auto_flow_1.30,car_flow_1.33,27.16,10.88,2.5
159.0,auto_flow_1.30,car_flow_2.30,22.09,10.88,2.03
159.0,auto_flow_1.30,car_flow_2.31,19.06,10.88,1.75
159.0,bike_flow_1.32,car_flow_2.31,8.66,9.87,0.88
159.0,bike_flow_1.33,bike_flow_2.1,22.62,9.93,2.28
159.0,bike_flow_1.33,bike_flow_2.2,24.9,9.93,2.51
159.0,bike_flow_1.33,bike_flow_2.3,27.73,9.93,2.79
159.0,bike_flow_1.33,car_flow_1.34,17.46,9.93,1.76
159.0,bike_flow_1.33,car_flow_2.29,9.2,9.93,0.93
159.0,bike_flow_1.34,bike_flow_2.1,22.37,9.89,2.26
159.0,bike_flow_1.34,bike_flow_2.2,24.68,9.89,2.5
159.0,bike_flow_1.34,bike_flow_2.3,27.53,9.89,2.79
159.0,bike_flow_1.34,car_flow_1.34,23.03,9.89,2.33
159.0,bike_flow_1.34,car_flow_1.35,18.57,9.89,1.88
159.0,bike_flow_1.34,car_flow_2.28,19.65,9.89,1.99
159.0,bike_flow_1.35,car_flow_1.35,23.54,12.63,1.86
159.0,bike_flow_1.35,car_flow_1.36,31.08,12.63,2.46
159.0,bike_flow_1.35,car_flow_2.27,25.9,12.63,2.05
159.0,bike_flow_1.35,car_flow_2.28,22.95,12.63,1.82
159.0,car_flow_1.33,car_flow_2.30,5.84,11.25,0.52
159.0,car_flow_1.34,car_flow_2.29,9.4,11.96,0.79
159.0,car_flow_1.35,car_flow_2.28,3.3,10.55,0.31
159.0,car_flow_1.36,car_flow_2.27,6.26,11.02,0.57
160.0,auto_flow_1.27,bike_flow_1.35,15.43,9.79,1.58
160.0,auto_flow_1.27,car_flow_1.36,15.69,9.79,1.6
160.0,auto_flow_1.27,car_flow_2.28,16.46,9.79,1.68
160.0,auto_flow_1.28,bike_flow_1.34,6.88,10.17,0.68
160.0,auto_flow_1.28,bike_flow_2.1,16.29,10.17,1.6
160.0,auto_flow_1.28,bike_flow_2.2,18.58,10.17,1.83
160.0,auto_flow_1.28,bike_flow_2.3,21.57,10.17,2.12
160.0,auto_flow_1.28,bike_flow_2.4,25.02,10.17,2.46
160.0,auto_flow_1.28,bike_flow_2.5,28.76,10.17,2.83
160.0,auto_flow_1.28,car_flow_1.34,28.19,10.17,2.77
160.0,auto_flow_1.28,car_flow_1.35,14.11,10.17,1.39
160.0,auto_flow_1.28,car_flow_2.29,17.46,10.17,1.72
160.0,auto_flow_1.29,bike_flow_1.33,5.45,10.32,0.53
160.0,auto_flow_1.29,bike_flow_2.1,28.04,10.32,2.72
160.0,auto_flow_1.29,bike_flow_2.2,29.43,10.32,2.85
160.0,auto_flow_1.29,car_flow_1.34,14.5,10.32,1.4
160.0,auto_flow_1.29,car_flow_2.29,24.69,10.32,2.39
160.0,auto_flow_1.29,car_flow_2.30,18.03,10.32,1.75
160.0,auto_flow_1.30,car_flow_1.33,6.92,9.94,0.7
160.0,auto_flow_1.30,car_flow_2.30,22.21,9.94,2.23
160.0,auto_flow_1.30,car_flow_2.31,17.28,9.94,1.74
160.0,bike_flow_1.32,car_flow_2.31,14.22,10.18,1.4
160.0,bike_flow_1.33,bike_flow_2.1,33.14,11.28,2.94
160.0,bike_flow_1.33,car_flow_1.33,29.7,11.28,2.63
160.0,bike_flow_1.33,car_flow_1.34,18.55,11.28,1.64
160.0,bike_flow_1.33,car_flow_2.29,29.27,11.28,2.6
160.0,bike_flow_1.33,car_flow_2.30,13.99,11.28,1.24
160.0,bike_flow_1.34,bike_flow_2.1,13.17,11.31,1.16
160.0,bike_flow_1.34,bike_flow_2.2,16.79,11.31,1.48
160.0,bike_flow_1.34,bike_flow_2.3,20.76,11.31,1.83
160.0,bike_flow_1.34,bike_flow_2.4,24.91,11.31,2.2
160.0,bike_flow_1.34,bike_flow_2.5,29.16,11.31,2.58
160.0,bike_flow_1.34,bike_flow_2.6,33.48,11.31,2.96
160.0,bike_flow_1.34,car_flow_1.34,21.92,11.31,1.94
160.0,bike_flow_1.34,car_flow_1.35,19.84,11.31,1.75
160.0,bike_flow_1.34,car_flow_2.29,11.8,11.31,1.04
160.0,bike_flow_1.35,car_flow_1.35,23.05,10.54,2.19
160.0,bike_flow_1.35,car_flow_1.36,30.46,10.54,2.89
160.0,bike_flow_1.35,car_flow_2.28,3.48,10.54,0.33
160.0,car_flow_1.33,car_flow_2.30,16.4,10.9,1.5
160.0,car_flow_1.33,car_flow_2.31,23.63,10.9,2.17
160.0,car_flow_1.34,car_flow_2.29,11.03,10.2,1.08
160.0,car_flow_1.35,car_flow_2.28,21.92,10.04,2.18
160.0,car_flow_1.36,car_flow_2.28,31.98,11.16,2.87
161.0,auto_flow_1.27,bike_flow_1.36,19.58,10.21,1.92
161.0,auto_flow_1.27,car_flow_1.36,6.62,10.21,0.65
161.0,auto_flow_1.27,car_flow_2.28,17.06,10.21,1.67
161.0,auto_flow_1.28,bike_flow_1.34,25.57,10.16,2.52
161.0,auto_flow_1.28,bike_flow_1.35,17.38,10.16,1.71
161.0,auto_flow_1.28,bike_flow_2.1,25.91,10.16,2.55
161.0,auto_flow_1.28,bike_flow_2.2,27.4,10.16,2.7
161.0,auto_flow_1.28,bike_flow_2.3,29.52,10.16,2.9
161.0,auto_flow_1.28,car_flow_1.35,8.92,10.16,0.88
161.0,auto_flow_1.28,car_flow_2.29,17.23,10.16,1.7
161.0,auto_flow_1.29,bike_flow_1.33,26.82,10.2,2.63
161.0,auto_flow_1.29,bike_flow_1.34,17.05,10.2,1.67
161.0,auto_flow_1.29,bike_flow_2.1,18.29,10.2,1.79
161.0,auto_flow_1.29,bike_flow_2.2,20.35,10.2,2.0
161.0,auto_flow_1.29,bike_flow_2.3,23.12,10.2,2.27
161.0,auto_flow_1.29,bike_flow_2.4,26.37,10.2,2.59
161.0,auto_flow_1.29,bike_flow_2.5,29.94,10.2,2.94
161.0,auto_flow_1.29,car_flow_1.34,7.5,10.2,0.74
161.0,auto_flow_1.29,car_flow_2.29,24.89,10.2,2.44
161.0,auto_flow_1.29,car_flow_2.30,17.66,10.2,1.73
161.0,auto_flow_1.30,bike_flow_1.33,14.32,9.86,1.45
161.0,auto_flow_1.30,car_flow_1.33,14.84,9.86,1.51
161.0,auto_flow_1.30,car_flow_2.30,22.92,9.86,2.32
161.0,auto_flow_1.30,car_flow_2.31,17.47,9.86,1.77
161.0,auto_flow_1.31,car_flow_1.33,26.56,10.07,2.64
161.0,auto_flow_1.31,car_flow_2.31,23.39,10.07,2.32
161.0,bike_flow_1.33,car_flow_1.33,28.44,12.02,2.37
161.0,bike_flow_1.33,car_flow_1.34,19.84,12.02,1.65
161.0,bike_flow_1.33,car_flow_2.30,9.52,12.02,0.79
161.0,bike_flow_1.33,car_flow_2.31,31.59,12.02,2.63
161.0,bike_flow_1.34,bike_flow_2.1,9.81,9.11,1.08
161.0,bike_flow_1.34,bike_flow_2.2,14.31,9.11,1.57
161.0,bike_flow_1.34,bike_flow_2.3,18.81,9.11,2.06
161.0,bike_flow_1.34,bike_flow_2.4,23.31,9.11,2.56
161.0,bike_flow_1.34,car_flow_1.34,23.53,9.11,2.58
161.0,bike_flow_1.34,car_flow_1.35,17.04,9.11,1.87
161.0,bike_flow_1.34,car_flow_2.29,8.75,9.11,0.96
161.0,bike_flow_1.35,car_flow_1.35,25.41,9.55,2.66
161.0,bike_flow_1.35,car_flow_2.28,18.08,9.55,1.89
161.0,bike_flow_1.36,car_flow_1.36,25.11,10.8,2.32
161.0,car_flow_1.33,car_flow_2.31,4.37,10.76,0.41
161.0,car_flow_1.34,car_flow_2.29,31.83,10.73,2.97
161.0,car_flow_1.34,car_flow_2.30,11.34,10.73,1.06
161.0,car_flow_1.35,car_flow_2.29,9.46,11.91,0.79
161.0,car_flow_1.36,car_flow_2.28,11.71,10.95,1.07
162.0,auto_flow_1.27,bike_flow_1.36,4.84,9.98,0.48
162.0,auto_flow_1.27,car_flow_1.36,27.12,9.98,2.72
162.0,auto_flow_1.27,car_flow_2.28,17.0,9.98,1.7
162.0,auto_flow_1.28,bike_flow_1.35,4.08,9.67,0.42
162.0,auto_flow_1.28,car_flow_1.35,28.17,9.67,2.91
162.0,auto_flow_1.28,car_flow_1.36,25.52,9.67,2.64
162.0,auto_flow_1.28,car_flow_2.29,17.21,9.67,1.78
162.0,auto_flow_1.29,bike_flow_1.34,5.94,10.17,0.58
162.0,auto_flow_1.29,bike_flow_2.1,9.54,10.17,0.94
162.0,auto_flow_1.29,bike_flow_2.2,13.07,10.17,1.28
162.0,auto_flow_1.29,bike_flow_2.3,17.06,10.17,1.68
162.0,auto_flow_1.29,bike_flow_2.4,21.25,10.17,2.09
162.0,auto_flow_1.29,bike_flow_2.5,25.55,10.17,2.51
162.0,auto_flow_1.29,bike_flow_2.6,29.91,10.17,2.94
162.0,auto_flow_1.29,car_flow_1.34,29.13,10.17,2.86
162.0,auto_flow_1.29,car_flow_1.35,13.99,10.17,1.38
162.0,auto_flow_1.29,car_flow_2.29,24.4,10.17,2.4
162.0,auto_flow_1.29,car_flow_2.30,17.71,10.17,1.74
162.0,auto_flow_1.30,bike_flow_1.33,6.62,9.81,0.68
162.0,auto_flow_1.30,car_flow_1.34,12.41,9.81,1.26
162.0,auto_flow_1.30,car_flow_2.30,23.23,9.81,2.37
162.0,auto_flow_1.30,car_flow_2.31,17.57,9.81,1.79
162.0,auto_flow_1.31,car_flow_1.33,5.44,10.96,0.5
162.0,auto_flow_1.31,car_flow_2.31,22.13,10.96,2.02
162.0,bike_flow_1.33,car_flow_1.33,29.51,9.94,2.97
162.0,bike_flow_1.33,car_flow_1.34,17.79,9.94,1.79
162.0,bike_flow_1.33,car_flow_2.30,29.21,9.94,2.94
162.0,bike_flow_1.33,car_flow_2.31,12.2,9.94,1.23
162.0,bike_flow_1.34,bike_flow_2.1,15.41,11.59,1.33
162.0,bike_flow_1.34,bike_flow_2.2,18.6,11.59,1.61
162.0,bike_flow_1.34,bike_flow_2.3,22.25,11.59,1.92
162.0,bike_flow_1.34,bike_flow_2.4,26.17,11.59,2.26
162.0,bike_flow_1.34,bike_flow_2.5,30.24,11.59,2.61
162.0,bike_flow_1.34,bike_flow_2.6,34.43,11.59,2.97
162.0,bike_flow_1.34,car_flow_1.34,23.94,11.59,2.07
162.0,bike_flow_1.34,car_flow_1.35,18.63,11.59,1.61
162.0,bike_flow_1.34,car_flow_2.29,29.58,11.59,2.55
162.0,bike_flow_1.34,car_flow_2.30,13.1,11.59,1.13
162.0,bike_flow_1.35,car_flow_1.35,25.46,9.94,2.56
162.0,bike_flow_1.35,car_flow_1.36,27.85,9.94,2.8
162.0,bike_flow_1.35,car_flow_2.29,15.02,9.94,1.51
162.0,bike_flow_1.36,car_flow_1.36,23.29,12.96,1.8
162.0,bike_flow_1.36,car_flow_2.28,13.74,12.96,1.06
162.0,car_flow_1.33,car_flow_2.31,18.02,11.01,1.64
162.0,car_flow_1.34,car_flow_2.30,11.69,12.0,0.97
162.0,car_flow_1.34,car_flow_2.31,29.73,12.0,2.48
162.0,car_flow_1.35,car_flow_2.29,11.24,9.99,1.13
162.0,car_flow_1.36,car_flow_2.28,10.43,11.15,0.94
163.0,auto_flow_1.27,bike_flow_1.36,25.34,9.92,2.55
163.0,auto_flow_1.27,car_flow_2.28,16.74,9.92,1.69
163.0,auto_flow_1.28,bike_flow_1.35,24.41,10.24,2.38
163.0,auto_flow_1.28,bike_flow_1.36,26.98,10.24,2.63
163.0,auto_flow_1.28,car_flow_1.36,4.87,10.24,0.48
163.0,auto_flow_1.28,car_flow_2.29,17.12,10.24,1.67
163.0,auto_flow_1.29,bike_flow_1.34,26.2,9.63,2.72
163.0,auto_flow_1.29,bike_flow_1.35,18.3,9.63,1.9
163.0,auto_flow_1.29,bike_flow_2.1,7.15,9.63,0.74
163.0,auto_flow_1.29,bike_flow_2.2,11.44,9.63,1.19
163.0,auto_flow_1.29,bike_flow_2.3,15.84,9.63,1.64
163.0,auto_flow_1.29,bike_flow_2.4,20.29,9.63,2.11
163.0,auto_flow_1.29,bike_flow_2.5,24.76,9.63,2.57
163.0,auto_flow_1.29,car_flow_1.35,8.27,9.63,0.86
163.0,auto_flow_1.29,car_flow_2.29,25.1,9.63,2.61
163.0,auto_flow_1.29,car_flow_2.30,17.15,9.63,1.78
163.0,auto_flow_1.30,bike_flow_1.33,28.62,10.95,2.61
163.0,auto_flow_1.30,bike_flow_1.34,13.99,10.95,1.28
163.0,auto_flow_1.30,car_flow_1.34,9.36,10.95,0.86
163.0,auto_flow_1.30,car_flow_1.35,32.15,10.95,2.94
163.0,auto_flow_1.30,car_flow_2.30,22.47,10.95,2.05
163.0,auto_flow_1.30,car_flow_2.31,18.2,10.95,1.66
163.0,auto_flow_1.31,bike_flow_1.33,12.49,10.14,1.23
163.0,auto_flow_1.31,car_flow_1.33,16.84,10.14,1.66
163.0,auto_flow_1.31,car_flow_2.31,22.32,10.14,2.2
163.0,bike_flow_1.33,car_flow_1.33,28.61,11.69,2.45
163.0,bike_flow_1.33,car_flow_1.34,19.64,11.69,1.68
163.0,bike_flow_1.33,car_flow_2.31,10.73,11.69,0.92
163.0,bike_flow_1.34,bike_flow_2.1,25.24,11.36,2.22
163.0,bike_flow_1.34,bike_flow_2.2,27.3,11.36,2.4
163.0,bike_flow_1.34,bike_flow_2.3,29.91,11.36,2.63
163.0,bike_flow_1.34,bike_flow_2.4,32.92,11.36,2.9
163.0,bike_flow_1.34,car_flow_1.34,22.42,11.36,1.97
163.0,bike_flow_1.34,car_flow_1.35,18.37,11.36,1.62
163.0,bike_flow_1.34,car_flow_2.30,9.41,11.36,0.83
163.0,bike_flow_1.34,car_flow_2.31,31.98,11.36,2.82
163.0,bike_flow_1.35,bike_flow_2.1,22.96,11.43,2.01
163.0,bike_flow_1.35,bike_flow_2.2,25.21,11.43,2.21
163.0,bike_flow_1.35,bike_flow_2.3,28.01,11.43,2.45
163.0,bike_flow_1.35,bike_flow_2.4,31.21,11.43,2.73
163.0,bike_flow_1.35,car_flow_1.35,25.65,11.43,2.24
163.0,bike_flow_1.35,car_flow_1.36,27.87,11.43,2.44
163.0,bike_flow_1.35,car_flow_2.29,7.77,11.43,0.68
163.0,bike_flow_1.36,car_flow_1.36,23.12,11.59,2.0
163.0,bike_flow_1.36,car_flow_2.28,8.99,11.59,0.78
163.0,car_flow_1.34,car_flow_2.31,9.93,9.84,1.01
163.0,car_flow_1.35,car_flow_2.29,32.89,11.62,2.83
163.0,car_flow_1.35,car_flow_2.30,10.05,11.62,0.86
163.0,car_flow_1.36,car_flow_2.28,31.69,11.41,2.78
163.0,car_flow_1.36,car_flow_2.29,21.03,11.41,1.84
164.0,auto_flow_1.28,bike_flow_1.36,6.45,9.97,0.65
164.0,auto_flow_1.28,car_flow_1.36,17.18,9.97,1.72
164.0,auto_flow_1.28,car_flow_2.29,16.48,9.97,1.65
164.0,auto_flow_1.29,bike_flow_1.35,5.82,10.63,0.55
164.0,auto_flow_1.29,bike_flow_2.1,14.91,10.63,1.4
164.0,auto_flow_1.29,bike_flow_2.2,17.38,10.63,1.64
164.0,auto_flow_1.29,bike_flow_2.3,20.55,10.63,1.93
164.0,auto_flow_1.29,bike_flow_2.4,24.15,10.63,2.27
164.0,auto_flow_1.29,bike_flow_2.5,28.0,10.63,2.63
164.0,auto_flow_1.29,car_flow_1.35,30.07,10.63,2.83
164.0,auto_flow_1.29,car_flow_1.36,24.89,10.63,2.34
164.0,auto_flow_1.29,car_flow_2.29,25.08,10.63,2.36
164.0,auto_flow_1.29,car_flow_2.30,18.12,10.63,1.7
164.0,auto_flow_1.30,bike_flow_1.34,6.25,10.0,0.62
164.0,auto_flow_1.30,bike_flow_2.1,27.68,10.0,2.77
164.0,auto_flow_1.30,bike_flow_2.2,29.08,10.0,2.91
164.0,auto_flow_1.30,car_flow_1.35,10.83,10.0,1.08
164.0,auto_flow_1.30,car_flow_2.30,22.13,10.0,2.21
164.0,auto_flow_1.30,car_flow_2.31,16.87,10.0,1.69
164.0,auto_flow_1.31,bike_flow_1.33,10.59,10.67,0.99
164.0,auto_flow_1.31,car_flow_1.34,10.03,10.67,0.94
164.0,auto_flow_1.31,car_flow_2.31,22.97,10.67,2.15
164.0,auto_flow_1.31,car_flow_2.32,29.78,10.67,2.79
164.0,bike_flow_1.33,car_flow_1.34,19.6,11.49,1.71
164.0,bike_flow_1.33,car_flow_2.31,33.21,11.49,2.89
164.0,bike_flow_1.33,car_flow_2.32,19.95,11.49,1.74
164.0,bike_flow_1.34,car_flow_1.34,24.97,8.99,2.78
164.0,bike_flow_1.34,car_flow_1.35,15.72,8.99,1.75
164.0,bike_flow_1.34,car_flow_2.31,11.94,8.99,1.33
164.0,bike_flow_1.35,bike_flow_2.1,12.98,12.25,1.06
164.0,bike_flow_1.35,bike_flow_2.2,16.64,12.25,1.36
164.0,bike_flow_1.35,bike_flow_2.3,20.64,12.25,1.68
164.0,bike_flow_1.35,bike_flow_2.4,24.81,12.25,2.02
164.0,bike_flow_1.35,bike_flow_2.5,29.08,12.25,2.37
164.0,bike_flow_1.35,bike_flow_2.6,33.41,12.25,2.73
164.0,bike_flow_1.35,car_flow_1.35,25.04,12.25,2.04
164.0,bike_flow_1.35,car_flow_1.36,29.54,12.25,2.41
164.0,bike_flow_1.35,car_flow_2.29,30.11,12.25,2.46
164.0,bike_flow_1.35,car_flow_2.30,13.64,12.25,1.11
164.0,bike_flow_1.36,car_flow_1.36,22.48,11.22,2.0
164.0,bike_flow_1.36,car_flow_1.37,32.76,11.22,2.92
164.0,bike_flow_1.36,car_flow_2.28,29.36,11.22,2.62
164.0,bike_flow_1.36,car_flow_2.29,22.31,11.22,1.99
164.0,car_flow_1.34,car_flow_2.31,13.83,11.53,1.2
164.0,car_flow_1.35,car_flow_2.30,12.21,11.64,1.05
164.0,car_flow_1.35,car_flow_2.31,27.41,11.64,2.35
164.0,car_flow_1.36,car_flow_2.29,3.22,10.58,0.3
164.0,car_flow_1.37,car_flow_2.28,4.8,11.35,0.42
165.0,auto_flow_1.28,bike_flow_1.36,16.36,10.07,1.62
165.0,auto_flow_1.28,car_flow_1.37,16.45,10.07,1.63
165.0,auto_flow_1.28,car_flow_2.29,17.09,10.07,1.7
165.0,auto_flow_1.29,bike_flow_1.35,26.54,9.58,2.77
165.0,auto_flow_1.29,bike_flow_1.36,26.21,9.58,2.74
165.0,auto_flow_1.29,bike_flow_2.1,23.88,9.58,2.49
165.0,auto_flow_1.29,bike_flow_2.2,25.5,9.58,2.66
165.0,auto_flow_1.29,bike_flow_2.3,27.75,9.58,2.9
165.0,auto_flow_1.29,car_flow_1.36,4.82,9.58,0.5
165.0,auto_flow_1.29,car_flow_2.29,24.96,9.58,2.61
165.0,auto_flow_1.29,car_flow_2.30,17.05,9.58,1.78
165.0,auto_flow_1.30,bike_flow_1.34,25.65,9.55,2.69
165.0,auto_flow_1.30,bike_flow_1.35,14.3,9.55,1.5
165.0,auto_flow_1.30,bike_flow_2.1,18.54,9.55,1.94
165.0,auto_flow_1.30,bike_flow_2.2,20.58,9.55,2.16
165.0,auto_flow_1.30,bike_flow_2.3,23.32,9.55,2.44
165.0,auto_flow_1.30,bike_flow_2.4,26.54,9.55,2.78
165.0,auto_flow_1.30,car_flow_1.35,8.99,9.55,0.94
165.0,auto_flow_1.30,car_flow_2.30,23.23,9.55,2.43
165.0,auto_flow_1.30,car_flow_2.31,16.12,9.55,1.69
165.0,auto_flow_1.31,bike_flow_1.33,31.98,10.83,2.95
165.0,auto_flow_1.31,bike_flow_1.34,13.49,10.83,1.25
165.0,auto_flow_1.31,car_flow_1.34,13.52,10.83,1.25
165.0,auto_flow_1.31,car_flow_1.35,30.33,10.83,2.8
165.0,auto_flow_1.31,car_flow_2.31,22.44,10.83,2.07
165.0,auto_flow_1.31,car_flow_2.32,29.57,10.83,2.73
165.0,bike_flow_1.33,car_flow_1.34,18.68,10.9,1.71
165.0,bike_flow_1.33,car_flow_2.32,3.91,10.9,0.36
165.0,bike_flow_1.34,car_flow_1.34,26.24,10.54,2.49
165.0,bike_flow_1.34,car_flow_1.35,17.05,10.54,1.62
165.0,bike_flow_1.34,car_flow_2.31,9.87,10.54,0.94
165.0,bike_flow_1.35,bike_flow_2.1,10.37,11.91,0.87
165.0,bike_flow_1.35,bike_flow_2.2,14.7,11.91,1.23
165.0,bike_flow_1.35,bike_flow_2.3,19.11,11.91,1.6
165.0,bike_flow_1.35,bike_flow_2.4,23.55,11.91,1.98
165.0,bike_flow_1.35,bike_flow_2.5,28.01,11.91,2.35
165.0,bike_flow_1.35,bike_flow_2.6,32.48,11.91,2.73
165.0,bike_flow_1.35,car_flow_1.35,22.33,11.91,1.88
165.0,bike_flow_1.35,car_flow_1.36,29.95,11.91,2.51
165.0,bike_flow_1.35,car_flow_2.30,9.83,11.91,0.83
165.0,bike_flow_1.35,car_flow_2.31,30.22,11.91,2.54
165.0,bike_flow_1.36,car_flow_1.36,22.41,11.57,1.94
165.0,bike_flow_1.36,car_flow_1.37,32.18,11.57,2.78
165.0,bike_flow_1.36,car_flow_2.29,3.37,11.57,0.29
165.0,car_flow_1.34,car_flow_2.32,16.74,11.81,1.42
165.0,car_flow_1.35,car_flow_2.31,8.35,9.2,0.91
165.0,car_flow_1.36,car_flow_2.29,21.6,11.51,1.88
165.0,car_flow_1.36,car_flow_2.30,20.89,11.51,1.82
165.0,car_flow_1.37,car_flow_2.29,33.37,12.16,2.74
166.0,auto_flow_1.28,bike_flow_1.37,21.65,9.88,2.19
166.0,auto_flow_1.28,car_flow_1.37,6.99,9.88,0.71
166.0,auto_flow_1.28,car_flow_2.29,16.76,9.88,1.7
166.0,auto_flow_1.29,bike_flow_1.36,5.27,10.57,0.5
166.0,auto_flow_1.29,car_flow_1.36,18.22,10.57,1.72
166.0,auto_flow_1.29,car_flow_2.29,24.6,10.57,2.33
166.0,auto_flow_1.29,car_flow_2.30,17.96,10.57,1.7
166.0,auto_flow_1.30,bike_flow_1.35,7.69,9.69,0.79
166.0,auto_flow_1.30,bike_flow_2.1,10.1,9.69,1.04
166.0,auto_flow_1.30,bike_flow_2.2,13.48,9.69,1.39
166.0,auto_flow_1.30,bike_flow_2.3,17.37,9.69,1.79
166.0,auto_flow_1.30,bike_flow_2.4,21.51,9.69,2.22
166.0,auto_flow_1.30,bike_flow_2.5,25.77,9.69,2.66
166.0,auto_flow_1.30,car_flow_1.35,28.96,9.69,2.99
166.0,auto_flow_1.30,car_flow_1.36,23.45,9.69,2.42
166.0,auto_flow_1.30,car_flow_2.30,23.21,9.69,2.4
166.0,auto_flow_1.30,car_flow_2.31,16.7,9.69,1.72
166.0,auto_flow_1.31,bike_flow_1.34,9.05,10.53,0.86
166.0,auto_flow_1.31,bike_flow_1.35,30.89,10.53,2.93
166.0,auto_flow_1.31,car_flow_1.35,9.49,10.53,0.9
166.0,auto_flow_1.31,car_flow_2.31,21.01,10.53,1.99
166.0,auto_flow_1.31,car_flow_2.32,28.73,10.53,2.73
166.0,bike_flow_1.33,car_flow_1.34,19.12,11.05,1.73
166.0,bike_flow_1.33,car_flow_2.32,24.88,11.05,2.25
166.0,bike_flow_1.34,car_flow_1.34,25.82,11.03,2.34
166.0,bike_flow_1.34,car_flow_1.35,17.39,11.03,1.58
166.0,bike_flow_1.34,car_flow_2.31,29.64,11.03,2.69
166.0,bike_flow_1.34,car_flow_2.32,20.52,11.03,1.86
166.0,bike_flow_1.35,bike_flow_2.1,17.61,11.23,1.57
166.0,bike_flow_1.35,bike_flow_2.2,20.46,11.23,1.82
166.0,bike_flow_1.35,bike_flow_2.3,23.82,11.23,2.12
166.0,bike_flow_1.35,bike_flow_2.4,27.52,11.23,2.45
166.0,bike_flow_1.35,bike_flow_2.5,31.42,11.23,2.8
166.0,bike_flow_1.35,car_flow_1.35,21.79,11.23,1.94
166.0,bike_flow_1.35,car_flow_1.36,30.22,11.23,2.69
166.0,bike_flow_1.35,car_flow_2.30,30.36,11.23,2.7
166.0,bike_flow_1.35,car_flow_2.31,10.23,11.23,0.91
166.0,bike_flow_1.36,car_flow_1.36,22.12,11.25,1.97
166.0,bike_flow_1.36,car_flow_1.37,30.96,11.25,2.75
166.0,bike_flow_1.36,car_flow_2.29,20.66,11.25,1.84
166.0,bike_flow_1.36,car_flow_2.30,22.38,11.25,1.99
166.0,bike_flow_1.37,car_flow_1.37,27.63,11.56,2.39
166.0,car_flow_1.34,car_flow_2.32,6.41,10.61,0.6
166.0,car_flow_1.35,car_flow_2.31,12.49,10.69,1.17
166.0,car_flow_1.36,car_flow_2.30,3.2,10.96,0.29
166.0,car_flow_1.37,car_flow_2.29,11.02,12.46,0.88
167.0,auto_flow_1.28,bike_flow_1.37,4.74,10.59,0.45
167.0,auto_flow_1.28,car_flow_1.37,29.35,10.59,2.77
167.0,auto_flow_1.28,car_flow_2.29,17.4,10.59,1.64
167.0,auto_flow_1.29,bike_flow_1.36,17.83,10.63,1.68
167.0,auto_flow_1.29,car_flow_1.37,12.56,10.63,1.18
167.0,auto_flow_1.29,car_flow_2.29,23.92,10.63,2.25
167.0,auto_flow_1.29,car_flow_2.30,18.11,10.63,1.7
167.0,auto_flow_1.30,bike_flow_1.35,27.92,9.76,2.86
167.0,auto_flow_1.30,bike_flow_1.36,24.71,9.76,2.53
167.0,auto_flow_1.30,bike_flow_2.1,6.93,9.76,0.71
167.0,auto_flow_1.30,bike_flow_2.2,11.3,9.76,1.16
167.0,auto_flow_1.30,bike_flow_2.3,15.75,9.76,1.61
167.0,auto_flow_1.30,bike_flow_2.4,20.21,9.76,2.07
167.0,auto_flow_1.30,bike_flow_2.5,24.7,9.76,2.53
167.0,auto_flow_1.30,bike_flow_2.6,29.18,9.76,2.99
167.0,auto_flow_1.30,car_flow_1.36,3.95,9.76,0.4
167.0,auto_flow_1.30,car_flow_2.30,23.94,9.76,2.45
167.0,auto_flow_1.30,car_flow_2.31,17.25,9.76,1.77
167.0,auto_flow_1.31,bike_flow_1.35,11.09,9.11,1.22
167.0,auto_flow_1.31,car_flow_1.35,11.51,9.11,1.26
167.0,auto_flow_1.31,car_flow_2.31,21.11,9.11,2.32
167.0,auto_flow_1.31,car_flow_2.32,27.12,9.11,2.98
167.0,bike_flow_1.34,car_flow_1.34,25.76,11.74,2.2
167.0,bike_flow_1.34,car_flow_1.35,18.24,11.74,1.55
167.0,bike_flow_1.34,car_flow_2.32,3.88,11.74,0.33
167.0,bike_flow_1.35,bike_flow_2.1,27.44,10.99,2.5
167.0,bike_flow_1.35,bike_flow_2.2,29.35,10.99,2.67
167.0,bike_flow_1.35,bike_flow_2.3,31.78,10.99,2.89
167.0,bike_flow_1.35,car_flow_1.35,21.68,10.99,1.97
167.0,bike_flow_1.35,car_flow_1.36,30.05,10.99,2.73
167.0,bike_flow_1.35,car_flow_2.31,10.97,10.99,1.0
167.0,bike_flow_1.36,bike_flow_2.1,28.37,11.09,2.56
167.0,bike_flow_1.36,bike_flow_2.2,30.22,11.09,2.72
167.0,bike_flow_1.36,bike_flow_2.3,32.59,11.09,2.94
167.0,bike_flow_1.36,car_flow_1.36,22.19,11.09,2.0
167.0,bike_flow_1.36,car_flow_1.37,29.68,11.09,2.68
167.0,bike_flow_1.36,car_flow_2.30,3.25,11.09,0.29
167.0,bike_flow_1.37,car_flow_1.37,25.68,14.31,1.79
167.0,bike_flow_1.37,car_flow_2.29,14.27,14.31,1.0
167.0,car_flow_1.34,car_flow_2.32,28.13,11.68,2.41
167.0,car_flow_1.35,car_flow_2.31,32.33,10.88,2.97
167.0,car_flow_1.35,car_flow_2.32,16.37,10.88,1.51
167.0,car_flow_1.36,car_flow_2.30,21.86,11.16,1.96
167.0,car_flow_1.36,car_flow_2.31,19.82,11.16,1.78
167.0,car_flow_1.37,car_flow_2.29,12.2,12.37,0.99
167.0,car_flow_1.37,car_flow_2.30,30.42,12.37,2.46
168.0,auto_flow_1.28,bike_flow_1.37,26.36,10.58,2.49
168.0,auto_flow_1.28,car_flow_2.29,17.5,10.58,1.65
168.0,auto_flow_1.29,bike_flow_1.37,15.88,10.17,1.56
168.0,auto_flow_1.29,car_flow_1.37,11.03,10.17,1.08
168.0,auto_flow_1.29,car_flow_2.29,24.23,10.17,2.38
168.0,auto_flow_1.29,car_flow_2.30,17.54,10.17,1.72
168.0,auto_flow_1.30,bike_flow_1.36,4.88,9.97,0.49
168.0,auto_flow_1.30,bike_flow_2.1,13.77,9.97,1.38
168.0,auto_flow_1.30,bike_flow_2.2,16.41,9.97,1.65
168.0,auto_flow_1.30,bike_flow_2.3,19.74,9.97,1.98
168.0,auto_flow_1.30,bike_flow_2.4,23.46,9.97,2.35
168.0,auto_flow_1.30,bike_flow_2.5,27.41,9.97,2.75
168.0,auto_flow_1.30,car_flow_1.36,19.27,9.97,1.93
168.0,auto_flow_1.30,car_flow_2.30,24.7,9.97,2.48
168.0,auto_flow_1.30,car_flow_2.31,17.01,9.97,1.71
168.0,auto_flow_1.31,bike_flow_1.35,9.41,9.32,1.01
168.0,auto_flow_1.31,bike_flow_2.1,27.72,9.32,2.97
168.0,auto_flow_1.31,car_flow_1.36,20.26,9.32,2.17
168.0,auto_flow_1.31,car_flow_2.31,22.0,9.32,2.36
168.0,auto_flow_1.31,car_flow_2.32,25.62,9.32,2.75
168.0,auto_flow_1.32,bike_flow_1.34,20.64,10.07,2.05
168.0,bike_flow_1.34,car_flow_1.35,19.15,12.56,1.52
168.0,bike_flow_1.34,car_flow_2.32,25.76,12.56,2.05
168.0,bike_flow_1.35,car_flow_1.35,23.19,10.14,2.29
168.0,bike_flow_1.35,car_flow_1.36,28.85,10.14,2.84
168.0,bike_flow_1.35,car_flow_2.32,17.08,10.14,1.68
168.0,bike_flow_1.36,bike_flow_2.1,18.57,10.85,1.71
168.0,bike_flow_1.36,bike_flow_2.2,21.29,10.85,1.96
168.0,bike_flow_1.36,bike_flow_2.3,24.54,10.85,2.26
168.0,bike_flow_1.36,bike_flow_2.4,28.14,10.85,2.59
168.0,bike_flow_1.36,bike_flow_2.5,31.96,10.85,2.95
168.0,bike_flow_1.36,car_flow_1.36,22.68,10.85,2.09
168.0,bike_flow_1.36,car_flow_1.37,28.0,10.85,2.58
168.0,bike_flow_1.36,car_flow_2.30,21.26,10.85,1.96
168.0,bike_flow_1.36,car_flow_2.31,20.94,10.85,1.93
168.0,bike_flow_1.37,car_flow_1.37,26.12,12.1,2.16
168.0,bike_flow_1.37,car_flow_2.29,9.24,12.1,0.76
168.0,bike_flow_1.37,car_flow_2.30,33.25,12.1,2.75
168.0,car_flow_1.35,car_flow_2.32,7.16,11.65,0.61
168.0,car_flow_1.36,car_flow_2.31,3.77,11.34,0.33
168.0,car_flow_1.37,car_flow_2.29,34.94,12.53,2.79
168.0,car_flow_1.37,car_flow_2.30,7.68,12.53,0.61
169.0,auto_flow_1.29,bike_flow_1.37,8.95,9.96,0.9
169.0,auto_flow_1.29,car_flow_1.38,29.18,9.96,2.93
169.0,auto_flow_1.29,car_flow_2.29,24.63,9.96,2.47
169.0,auto_flow_1.29,car_flow_2.30,17.7,9.96,1.78
169.0,auto_flow_1.30,bike_flow_1.36,18.44,10.95,1.68
169.0,auto_flow_1.30,bike_flow_2.1,23.97,10.95,2.19
169.0,auto_flow_1.30,bike_flow_2.2,25.58,10.95,2.33
169.0,auto_flow_1.30,bike_flow_2.3,27.83,10.95,2.54
169.0,auto_flow_1.30,bike_flow_2.4,30.58,10.95,2.79
169.0,auto_flow_1.30,car_flow_1.37,8.83,10.95,0.81
169.0,auto_flow_1.30,car_flow_2.30,23.55,10.95,2.15
169.0,auto_flow_1.30,car_flow_2.31,18.34,10.95,1.67
169.0,auto_flow_1.31,bike_flow_1.35,31.52,10.82,2.91
169.0,auto_flow_1.31,bike_flow_1.36,21.23,10.82,1.96
169.0,auto_flow_1.31,bike_flow_2.1,17.4,10.82,1.61
169.0,auto_flow_1.31,bike_flow_2.2,19.56,10.82,1.81
169.0,auto_flow_1.31,bike_flow_2.3,22.42,10.82,2.07
169.0,auto_flow_1.31,bike_flow_2.4,25.76,10.82,2.38
169.0,auto_flow_1.31,bike_flow_2.5,29.4,10.82,2.72
169.0,auto_flow_1.31,car_flow_1.36,3.62,10.82,0.33
169.0,auto_flow_1.31,car_flow_2.31,20.8,10.82,1.92
169.0,auto_flow_1.31,car_flow_2.32,25.22,10.82,2.33
169.0,auto_flow_1.32,bike_flow_1.34,4.54,10.51,0.43
169.0,auto_flow_1.32,car_flow_1.35,17.14,10.51,1.63
169.0,bike_flow_1.34,car_flow_1.35,20.06,13.1,1.53
169.0,bike_flow_1.35,car_flow_1.35,23.7,11.69,2.03
169.0,bike_flow_1.35,car_flow_1.36,29.66,11.69,2.54
169.0,bike_flow_1.35,car_flow_2.32,6.92,11.69,0.59
169.0,bike_flow_1.36,bike_flow_2.1,10.95,10.88,1.01
169.0,bike_flow_1.36,bike_flow_2.2,15.11,10.88,1.39
169.0,bike_flow_1.36,bike_flow_2.3,19.43,10.88,1.79
169.0,bike_flow_1.36,bike_flow_2.4,23.81,10.88,2.19
169.0,bike_flow_1.36,bike_flow_2.5,28.23,10.88,2.59
169.0,bike_flow_1.36,car_flow_1.36,22.68,10.88,2.08
169.0,bike_flow_1.36,car_flow_1.37,26.38,10.88,2.42
169.0,bike_flow_1.36,car_flow_2.31,3.21,10.88,0.29
169.0,bike_flow_1.37,car_flow_1.37,24.67,13.95,1.77
169.0,bike_flow_1.37,car_flow_1.38,37.36,13.95,2.68
169.0,bike_flow_1.37,car_flow_2.29,33.14,13.95,2.38
169.0,bike_flow_1.37,car_flow_2.30,9.88,13.95,0.71
169.0,car_flow_1.35,car_flow_2.32,30.0,12.2,2.46
169.0,car_flow_1.36,car_flow_2.31,22.72,10.88,2.09
169.0,car_flow_1.36,car_flow_2.32,23.75,10.88,2.18
169.0,car_flow_1.37,car_flow_2.30,15.66,12.5,1.25
169.0,car_flow_1.37,car_flow_2.31,26.76,12.5,2.14
169.0,car_flow_1.38,car_flow_2.29,5.42,13.23,0.41
170.0,auto_flow_1.29,car_flow_1.38,6.82,9.81,0.69
170.0,auto_flow_1.29,car_flow_2.30,16.82,9.81,1.72
170.0,auto_flow_1.30,bike_flow_1.37,9.56,10.6,0.9
170.0,auto_flow_1.30,car_flow_1.37,14.43,10.6,1.36
170.0,auto_flow_1.30,car_flow_2.30,23.63,10.6,2.23
170.0,auto_flow_1.30,car_flow_2.31,17.91,10.6,1.69
170.0,auto_flow_1.31,bike_flow_1.36,3.28,10.17,0.32
170.0,auto_flow_1.31,bike_flow_2.1,8.88,10.17,0.87
170.0,auto_flow_1.31,bike_flow_2.2,12.59,10.17,1.24
170.0,auto_flow_1.31,bike_flow_2.3,16.69,10.17,1.64
170.0,auto_flow_1.31,bike_flow_2.4,20.96,10.17,2.06
170.0,auto_flow_1.31,bike_flow_2.5,25.31,10.17,2.49
170.0,auto_flow_1.31,bike_flow_2.6,29.7,10.17,2.92
170.0,auto_flow_1.31,car_flow_1.36,23.47,10.17,2.31
170.0,auto_flow_1.31,car_flow_1.37,25.7,10.17,2.53
170.0,auto_flow_1.31,car_flow_2.31,21.67,10.17,2.13
170.0,auto_flow_1.31,car_flow_2.32,24.31,10.17,2.39
170.0,auto_flow_1.32,bike_flow_1.35,17.85,9.93,1.8
170.0,auto_flow_1.32,car_flow_1.35,6.41,9.93,0.64
170.0,auto_flow_1.32,car_flow_2.33,18.44,9.93,1.86
170.0,bike_flow_1.35,car_flow_1.35,23.1,13.05,1.77
170.0,bike_flow_1.35,car_flow_1.36,31.32,13.05,2.4
170.0,bike_flow_1.35,car_flow_2.32,30.42,13.05,2.33
170.0,bike_flow_1.35,car_flow_2.33,36.14,13.05,2.77
170.0,bike_flow_1.36,bike_flow_2.1,11.85,11.55,1.03
170.0,bike_flow_1.36,bike_flow_2.2,15.78,11.55,1.37
170.0,bike_flow_1.36,bike_flow_2.3,19.95,11.55,1.73
170.0,bike_flow_1.36,bike_flow_2.4,24.24,11.55,2.1
170.0,bike_flow_1.36,bike_flow_2.5,28.59,11.55,2.48
170.0,bike_flow_1.36,bike_flow_2.6,32.99,11.55,2.86
170.0,bike_flow_1.36,car_flow_1.36,22.52,11.55,1.95
170.0,bike_flow_1.36,car_flow_1.37,26.24,11.55,2.27
170.0,bike_flow_1.36,car_flow_2.31,22.62,11.55,1.96
170.0,bike_flow_1.36,car_flow_2.32,23.8,11.55,2.06
170.0,bike_flow_1.37,car_flow_1.37,23.08,13.29,1.74
170.0,bike_flow_1.37,car_flow_1.38,37.47,13.29,2.82
170.0,bike_flow_1.37,car_flow_2.30,14.97,13.29,1.13
170.0,bike_flow_1.37,car_flow_2.31,27.11,13.29,2.04
170.0,car_flow_1.35,car_flow_2.33,13.28,12.45,1.07
170.0,car_flow_1.36,car_flow_2.32,3.37,11.39,0.3
170.0,car_flow_1.37,car_flow_2.31,5.0,11.7,0.43
170.0,car_flow_1.38,car_flow_2.30,23.06,13.18,1.75
171.0,auto_flow_1.29,bike_flow_1.38,12.0,10.63,1.13
171.0,auto_flow_1.29,car_flow_1.38,17.95,10.63,1.69
171.0,auto_flow_1.29,car_flow_2.30,18.06,10.63,1.7
171.0,auto_flow_1.30,bike_flow_1.37,13.2,10.87,1.21
171.0,auto_flow_1.30,car_flow_1.38,22.78,10.87,2.1
171.0,auto_flow_1.30,car_flow_2.30,22.15,10.87,2.04
171.0,auto_flow_1.30,car_flow_2.31,18.23,10.87,1.68
171.0,auto_flow_1.31,bike_flow_1.36,22.08,10.86,2.03
171.0,auto_flow_1.31,bike_flow_1.37,26.98,10.86,2.48
171.0,auto_flow_1.31,bike_flow_2.1,8.24,10.86,0.76
171.0,auto_flow_1.31,bike_flow_2.2,12.15,10.86,1.12
171.0,auto_flow_1.31,bike_flow_2.3,16.36,10.86,1.51
171.0,auto_flow_1.31,bike_flow_2.4,20.7,10.86,1.91
171.0,auto_flow_1.31,bike_flow_2.5,25.09,10.86,2.31
171.0,auto_flow_1.31,bike_flow_2.6,29.52,10.86,2.72
171.0,auto_flow_1.31,car_flow_1.37,3.88,10.86,0.36
171.0,auto_flow_1.31,car_flow_2.31,21.36,10.86,1.97
171.0,auto_flow_1.31,car_flow_2.32,24.36,10.86,2.24
171.0,auto_flow_1.32,bike_flow_1.35,4.81,10.21,0.47
171.0,auto_flow_1.32,car_flow_1.35,29.47,10.21,2.88
171.0,auto_flow_1.32,car_flow_1.36,27.84,10.21,2.73
171.0,auto_flow_1.32,car_flow_2.33,18.7,10.21,1.83
171.0,bike_flow_1.35,car_flow_1.35,25.7,10.93,2.35
171.0,bike_flow_1.35,car_flow_1.36,31.24,10.93,2.86
171.0,bike_flow_1.35,car_flow_2.33,15.45,10.93,1.41
171.0,bike_flow_1.36,bike_flow_2.1,19.56,10.26,1.91
171.0,bike_flow_1.36,bike_flow_2.2,22.16,10.26,2.16
171.0,bike_flow_1.36,bike_flow_2.3,25.3,10.26,2.47
171.0,bike_flow_1.36,bike_flow_2.4,28.8,10.26,2.81
171.0,bike_flow_1.36,car_flow_1.36,23.27,10.26,2.27
171.0,bike_flow_1.36,car_flow_1.37,24.04,10.26,2.34
171.0,bike_flow_1.36,car_flow_2.32,4.07,10.26,0.4
171.0,bike_flow_1.37,car_flow_1.37,24.59,10.94,2.25
171.0,bike_flow_1.37,car_flow_2.31,6.3,10.94,0.58
171.0,bike_flow_1.38,car_flow_1.38,29.23,12.15,2.41
171.0,bike_flow_1.38,car_flow_2.30,29.8,12.15,2.45
171.0,car_flow_1.35,car_flow_2.33,11.06,13.53,0.82
171.0,car_flow_1.36,car_flow_2.32,21.01,11.01,1.91
171.0,car_flow_1.37,car_flow_2.31,19.43,12.45,1.56
171.0,car_flow_1.37,car_flow_2.32,26.74,12.45,2.15
171.0,car_flow_1.38,car_flow_2.30,3.23,13.05,0.25
172.0,auto_flow_1.29,bike_flow_1.38,12.95,10.23,1.27
172.0,auto_flow_1.29,car_flow_2.30,17.77,10.23,1.74
172.0,auto_flow_1.30,bike_flow_1.38,27.6,10.49,2.63
172.0,auto_flow_1.30,car_flow_1.38,3.54,10.49,0.34
172.0,auto_flow_1.30,car_flow_2.30,22.2,10.49,2.12
172.0,auto_flow_1.30,car_flow_2.31,17.42,10.49,1.66
172.0,auto_flow_1.31,bike_flow_1.37,5.89,9.91,0.59
172.0,auto_flow_1.31,bike_flow_2.1,16.24,9.91,1.64
172.0,auto_flow_1.31,bike_flow_2.2,18.53,9.91,1.87
172.0,auto_flow_1.31,bike_flow_2.3,21.53,9.91,2.17
172.0,auto_flow_1.31,bike_flow_2.4,24.99,9.91,2.52
172.0,auto_flow_1.31,bike_flow_2.5,28.73,9.91,2.9
172.0,auto_flow_1.31,car_flow_1.37,20.37,9.91,2.06
172.0,auto_flow_1.31,car_flow_2.31,22.74,9.91,2.29
172.0,auto_flow_1.31,car_flow_2.32,23.18,9.91,2.34
172.0,auto_flow_1.32,bike_flow_1.35,26.81,10.35,2.59
172.0,auto_flow_1.32,bike_flow_1.36,30.37,10.35,2.93
172.0,auto_flow_1.32,car_flow_1.36,7.41,10.35,0.72
172.0,auto_flow_1.32,car_flow_2.33,18.76,10.35,1.81
172.0,auto_flow_1.33,bike_flow_1.35,14.74,10.33,1.43
172.0,auto_flow_1.33,car_flow_2.33,22.25,10.33,2.15
172.0,bike_flow_1.35,car_flow_1.36,33.3,12.67,2.63
172.0,bike_flow_1.35,car_flow_2.33,8.48,12.67,0.67
172.0,bike_flow_1.36,bike_flow_2.1,28.99,10.36,2.8
172.0,bike_flow_1.36,bike_flow_2.2,30.81,10.36,2.97
172.0,bike_flow_1.36,car_flow_1.36,23.52,10.36,2.27
172.0,bike_flow_1.36,car_flow_1.37,22.01,10.36,2.12
172.0,bike_flow_1.36,car_flow_2.32,19.21,10.36,1.85
172.0,bike_flow_1.37,bike_flow_2.1,22.07,11.94,1.85
172.0,bike_flow_1.37,bike_flow_2.2,24.41,11.94,2.04
172.0,bike_flow_1.37,bike_flow_2.3,27.29,11.94,2.29
172.0,bike_flow_1.37,bike_flow_2.4,30.56,11.94,2.56
172.0,bike_flow_1.37,bike_flow_2.5,34.12,11.94,2.86
172.0,bike_flow_1.37,car_flow_1.37,25.06,11.94,2.1
172.0,bike_flow_1.37,car_flow_1.38,33.7,11.94,2.82
172.0,bike_flow_1.37,car_flow_2.31,18.09,11.94,1.52
172.0,bike_flow_1.37,car_flow_2.32,28.3,11.94,2.37
172.0,bike_flow_1.38,car_flow_1.38,28.94,13.88,2.08
172.0,bike_flow_1.38,car_flow_2.30,6.12,13.88,0.44
172.0,car_flow_1.36,car_flow_2.33,25.64,10.62,2.42
172.0,car_flow_1.37,car_flow_2.32,4.43,12.4,0.36
172.0,car_flow_1.38,car_flow_2.30,23.94,13.59,1.76
172.0,car_flow_1.38,car_flow_2.31,16.22,13.59,1.19
173.0,auto_flow_1.30,bike_flow_1.38,3.89,10.07,0.39
173.0,auto_flow_1.30,car_flow_1.38,25.05,10.07,2.49
173.0,auto_flow_1.30,car_flow_1.39,28.41,10.07,2.82
173.0,auto_flow_1.30,car_flow_2.30,22.29,10.07,2.21
173.0,auto_flow_1.30,car_flow_2.31,16.65,10.07,1.65
173.0,auto_flow_1.31,bike_flow_1.37,18.94,10.77,1.76
173.0,auto_flow_1.31,bike_flow_2.1,26.23,10.77,2.44
173.0,auto_flow_1.31,bike_flow_2.2,27.91,10.77,2.59
173.0,auto_flow_1.31,bike_flow_2.3,29.98,10.77,2.78
173.0,auto_flow_1.31,car_flow_1.38,14.96,10.77,1.39
173.0,auto_flow_1.31,car_flow_2.31,22.81,10.77,2.12
173.0,auto_flow_1.31,car_flow_2.32,22.32,10.77,2.07
173.0,auto_flow_1.32,bike_flow_1.36,9.41,10.7,0.88
173.0,auto_flow_1.32,car_flow_1.36,14.98,10.7,1.4
173.0,auto_flow_1.32,car_flow_1.37,30.13,10.7,2.82
173.0,auto_flow_1.32,car_flow_2.33,18.21,10.7,1.7
173.0,auto_flow_1.33,bike_flow_1.35,11.16,10.85,1.03
173.0,auto_flow_1.33,car_flow_1.36,26.41,10.85,2.43
173.0,auto_flow_1.33,car_flow_2.33,22.65,10.85,2.09
173.0,bike_flow_1.35,car_flow_1.36,36.91,14.23,2.59
173.0,bike_flow_1.35,car_flow_2.33,33.5,14.23,2.35
173.0,bike_flow_1.36,car_flow_1.36,23.49,10.65,2.2
173.0,bike_flow_1.36,car_flow_1.37,21.11,10.65,1.98
173.0,bike_flow_1.36,car_flow_2.33,27.25,10.65,2.56
173.0,bike_flow_1.37,bike_flow_2.1,11.29,12.83,0.88
173.0,bike_flow_1.37,bike_flow_2.2,15.9,12.83,1.24
173.0,bike_flow_1.37,bike_flow_2.3,20.04,12.83,1.56
173.0,bike_flow_1.37,bike_flow_2.4,24.32,12.83,1.89
173.0,bike_flow_1.37,bike_flow_2.5,28.66,12.83,2.23
173.0,bike_flow_1.37,bike_flow_2.6,33.04,12.83,2.57
173.0,bike_flow_1.37,bike_flow_2.7,37.46,12.83,2.92
173.0,bike_flow_1.37,car_flow_1.37,23.77,12.83,1.85
173.0,bike_flow_1.37,car_flow_1.38,33.28,12.83,2.59
173.0,bike_flow_1.37,car_flow_2.32,4.86,12.83,0.38
173.0,bike_flow_1.38,car_flow_1.38,27.05,15.14,1.79
173.0,bike_flow_1.38,car_flow_1.39,26.03,15.14,1.72
173.0,bike_flow_1.38,car_flow_2.30,20.34,15.14,1.34
173.0,bike_flow_1.38,car_flow_2.31,19.13,15.14,1.26
173.0,car_flow_1.36,car_flow_2.33,4.8,10.62,0.45
173.0,car_flow_1.37,car_flow_2.32,20.37,11.55,1.76
173.0,car_flow_1.38,car_flow_2.31,8.8,13.25,0.66
173.0,car_flow_1.38,car_flow_2.32,37.07,13.25,2.8
173.0,car_flow_1.39,car_flow_2.30,6.75,13.74,0.49
174.0,auto_flow_1.30,bike_flow_1.38,23.03,10.64,2.16
174.0,auto_flow_1.30,car_flow_1.39,5.6,10.64,0.53
174.0,auto_flow_1.30,car_flow_2.31,17.52,10.64,1.65
174.0,auto_flow_1.31,bike_flow_1.38,17.87,9.73,1.84
174.0,auto_flow_1.31,car_flow_1.38,9.53,9.73,0.98
174.0,auto_flow_1.31,car_flow_2.31,22.86,9.73,2.35
174.0,auto_flow_1.31,car_flow_2.32,20.44,9.73,2.1
174.0,auto_flow_1.32,bike_flow_1.36,12.92,10.33,1.25
174.0,auto_flow_1.32,car_flow_1.37,8.25,10.33,0.8
174.0,auto_flow_1.32,car_flow_2.33,17.87,10.33,1.73
174.0,auto_flow_1.33,bike_flow_1.36,28.14,10.71,2.63
174.0,auto_flow_1.33,car_flow_1.36,5.14,10.71,0.48
174.0,auto_flow_1.33,car_flow_2.33,22.6,10.71,2.11
174.0,auto_flow_1.33,car_flow_2.34,19.56,10.71,1.83
174.0,bike_flow_1.36,car_flow_1.36,23.94,11.04,2.17
174.0,bike_flow_1.36,car_flow_1.37,20.12,11.04,1.82
174.0,bike_flow_1.36,car_flow_2.33,6.24,11.04,0.57
174.0,bike_flow_1.37,bike_flow_2.1,9.91,11.3,0.88
174.0,bike_flow_1.37,bike_flow_2.2,14.79,11.3,1.31
174.0,bike_flow_1.37,bike_flow_2.3,19.3,11.3,1.71
174.0,bike_flow_1.37,bike_flow_2.4,23.71,11.3,2.1
174.0,bike_flow_1.37,bike_flow_2.5,28.15,11.3,2.49
174.0,bike_flow_1.37,bike_flow_2.6,32.6,11.3,2.88
174.0,bike_flow_1.37,car_flow_1.37,24.5,11.3,2.17
174.0,bike_flow_1.37,car_flow_1.38,30.71,11.3,2.72
174.0,bike_flow_1.37,car_flow_2.32,19.51,11.3,1.73
174.0,bike_flow_1.38,car_flow_1.38,26.56,14.37,1.85
174.0,bike_flow_1.38,car_flow_1.39,27.4,14.37,1.91
174.0,bike_flow_1.38,car_flow_2.31,6.18,14.37,0.43
174.0,bike_flow_1.38,car_flow_2.32,38.15,14.37,2.66
174.0,car_flow_1.36,car_flow_2.33,18.86,11.5,1.64
174.0,car_flow_1.36,car_flow_2.34,23.79,11.5,2.07
174.0,car_flow_1.37,car_flow_2.33,25.68,12.03,2.13
174.0,car_flow_1.38,car_flow_2.31,32.0,13.87,2.31
174.0,car_flow_1.38,car_flow_2.32,11.9,13.87,0.86
174.0,car_flow_1.39,car_flow_2.31,22.35,12.99,1.72
175.0,auto_flow_1.30,bike_flow_1.39,10.63,10.45,1.02
175.0,auto_flow_1.30,car_flow_1.39,19.73,10.45,1.89
175.0,auto_flow_1.30,car_flow_2.31,17.13,10.45,1.64
175.0,auto_flow_1.31,bike_flow_1.38,8.75,10.82,0.81
175.0,auto_flow_1.31,car_flow_1.39,20.78,10.82,1.92
175.0,auto_flow_1.31,car_flow_2.31,22.88,10.82,2.11
175.0,auto_flow_1.31,car_flow_2.32,19.97,10.82,1.85
175.0,auto_flow_1.32,bike_flow_1.37,9.11,10.64,0.86
175.0,auto_flow_1.32,bike_flow_2.1,26.45,10.64,2.49
175.0,auto_flow_1.32,bike_flow_2.2,27.91,10.64,2.62
175.0,auto_flow_1.32,bike_flow_2.3,30.11,10.64,2.83
175.0,auto_flow_1.32,car_flow_1.37,14.99,10.64,1.41
175.0,auto_flow_1.32,car_flow_2.33,18.46,10.64,1.74
175.0,auto_flow_1.33,bike_flow_1.36,6.35,10.31,0.62
175.0,auto_flow_1.33,car_flow_1.36,17.66,10.31,1.71
175.0,auto_flow_1.33,car_flow_1.37,26.35,10.31,2.56
175.0,auto_flow_1.33,car_flow_2.33,22.34,10.31,2.17
175.0,auto_flow_1.33,car_flow_2.34,18.6,10.31,1.8
175.0,bike_flow_1.36,car_flow_1.36,22.85,12.18,1.88
175.0,bike_flow_1.36,car_flow_1.37,20.68,12.18,1.7
175.0,bike_flow_1.36,car_flow_2.33,17.16,12.18,1.41
175.0,bike_flow_1.36,car_flow_2.34,24.29,12.18,1.99
175.0,bike_flow_1.37,bike_flow_2.1,19.46,12.94,1.5
175.0,bike_flow_1.37,bike_flow_2.2,22.11,12.94,1.71
175.0,bike_flow_1.37,bike_flow_2.3,25.45,12.94,1.97
175.0,bike_flow_1.37,bike_flow_2.4,29.03,12.94,2.24
175.0,bike_flow_1.37,bike_flow_2.5,32.75,12.94,2.53
175.0,bike_flow_1.37,bike_flow_2.6,36.65,12.94,2.83
175.0,bike_flow_1.37,car_flow_1.37,23.18,12.94,1.79
175.0,bike_flow_1.37,car_flow_1.38,29.76,12.94,2.3
175.0,bike_flow_1.37,car_flow_2.33,27.18,12.94,2.1
175.0,bike_flow_1.38,bike_flow_2.1,39.04,14.89,2.62
175.0,bike_flow_1.38,bike_flow_2.2,40.43,14.89,2.72
175.0,bike_flow_1.38,bike_flow_2.3,42.35,14.89,2.84
175.0,bike_flow_1.38,bike_flow_2.4,44.59,14.89,2.99
175.0,bike_flow_1.38,car_flow_1.38,25.56,14.89,1.72
175.0,bike_flow_1.38,car_flow_1.39,28.68,14.89,1.93
175.0,bike_flow_1.38,car_flow_2.31,31.18,14.89,2.09
175.0,bike_flow_1.38,car_flow_2.32,12.26,14.89,0.82
175.0,bike_flow_1.39,car_flow_1.39,29.61,14.13,2.09
175.0,bike_flow_1.39,car_flow_2.31,27.45,14.13,1.94
175.0,car_flow_1.36,car_flow_2.34,3.43,11.08,0.31
175.0,car_flow_1.37,car_flow_2.33,4.98,11.62,0.43
175.0,car_flow_1.38,car_flow_2.32,14.09,13.89,1.01
175.0,car_flow_1.39,car_flow_2.31,3.97,13.62,0.29
175.0,car_flow_1.39,car_flow_2.32,40.63,13.62,2.98
176.0,auto_flow_1.30,bike_flow_1.39,15.02,10.38,1.45
176.0,auto_flow_1.30,car_flow_2.31,17.11,10.38,1.65
176.0,auto_flow_1.31,bike_flow_1.39,26.05,9.86,2.64
176.0,auto_flow_1.31,car_flow_1.39,4.3,9.86,0.44
176.0,auto_flow_1.31,car_flow_2.31,23.41,9.86,2.37
176.0,auto_flow_1.31,car_flow_2.32,18.16,9.86,1.84
176.0,auto_flow_1.32,bike_flow_1.37,14.61,10.69,1.37
176.0,auto_flow_1.32,bike_flow_2.1,16.18,10.69,1.51
176.0,auto_flow_1.32,bike_flow_2.2,18.41,10.69,1.72
176.0,auto_flow_1.32,bike_flow_2.3,21.58,10.69,2.02
176.0,auto_flow_1.32,bike_flow_2.4,25.15,10.69,2.35
176.0,auto_flow_1.32,bike_flow_2.5,28.89,10.69,2.7
176.0,auto_flow_1.32,car_flow_1.38,14.77,10.69,1.38
176.0,auto_flow_1.32,car_flow_2.33,18.6,10.69,1.74
176.0,auto_flow_1.33,bike_flow_1.36,16.53,10.67,1.55
176.0,auto_flow_1.33,bike_flow_1.37,26.76,10.67,2.51
176.0,auto_flow_1.33,car_flow_1.37,4.33,10.67,0.41
176.0,auto_flow_1.33,car_flow_2.33,22.22,10.67,2.08
176.0,auto_flow_1.33,car_flow_2.34,18.15,10.67,1.7
176.0,bike_flow_1.36,car_flow_1.36,23.34,11.03,2.12
176.0,bike_flow_1.36,car_flow_1.37,19.14,11.03,1.74
176.0,bike_flow_1.36,car_flow_2.34,3.74,11.03,0.34
176.0,bike_flow_1.37,bike_flow_2.1,30.72,12.1,2.54
176.0,bike_flow_1.37,bike_flow_2.2,32.42,12.1,2.68
176.0,bike_flow_1.37,bike_flow_2.3,34.78,12.1,2.88
176.0,bike_flow_1.37,car_flow_1.37,23.65,12.1,1.96
176.0,bike_flow_1.37,car_flow_1.38,28.67,12.1,2.37
176.0,bike_flow_1.37,car_flow_2.33,5.4,12.1,0.45
176.0,bike_flow_1.38,bike_flow_2.1,27.01,12.52,2.16
176.0,bike_flow_1.38,bike_flow_2.2,28.93,12.52,2.31
176.0,bike_flow_1.38,bike_flow_2.3,31.55,12.52,2.52
176.0,bike_flow_1.38,bike_flow_2.4,34.53,12.52,2.76
176.0,bike_flow_1.38,car_flow_1.38,26.23,12.52,2.09
176.0,bike_flow_1.38,car_flow_1.39,27.64,12.52,2.21
176.0,bike_flow_1.38,car_flow_2.32,12.77,12.52,1.02
176.0,bike_flow_1.39,car_flow_1.39,28.73,14.43,1.99
176.0,bike_flow_1.39,car_flow_2.31,4.02,14.43,0.28
176.0,car_flow_1.36,car_flow_2.34,21.64,11.52,1.88
176.0,car_flow_1.37,car_flow_2.33,19.57,12.57,1.56
176.0,car_flow_1.37,car_flow_2.34,21.32,12.57,1.7
176.0,car_flow_1.38,car_flow_2.32,38.72,13.19,2.94
176.0,car_flow_1.38,car_flow_2.33,33.17,13.19,2.52
176.0,car_flow_1.39,car_flow_2.31,26.48,13.55,1.95
176.0,car_flow_1.39,car_flow_2.32,15.62,13.55,1.15
177.0,auto_flow_1.31,bike_flow_1.39,3.47,10.72,0.32
177.0,auto_flow_1.31,car_flow_1.39,27.06,10.72,2.52
177.0,auto_flow_1.31,car_flow_1.40,26.76,10.72,2.5
177.0,auto_flow_1.31,car_flow_2.31,23.18,10.72,2.16
177.0,auto_flow_1.31,car_flow_2.32,18.74,10.72,1.75
177.0,auto_flow_1.32,bike_flow_1.38,16.27,10.53,1.54
177.0,auto_flow_1.32,bike_flow_2.1,7.33,10.53,0.7
177.0,auto_flow_1.32,bike_flow_2.2,11.33,10.53,1.08
177.0,auto_flow_1.32,bike_flow_2.3,15.93,10.53,1.51
177.0,auto_flow_1.32,bike_flow_2.4,20.52,10.53,1.95
177.0,auto_flow_1.32,bike_flow_2.5,25.02,10.53,2.37
177.0,auto_flow_1.32,bike_flow_2.6,29.47,10.53,2.8
177.0,auto_flow_1.32,car_flow_1.38,10.1,10.53,0.96
177.0,auto_flow_1.32,car_flow_2.33,18.25,10.53,1.73
177.0,auto_flow_1.33,bike_flow_1.37,5.81,10.13,0.57
177.0,auto_flow_1.33,car_flow_1.37,19.07,10.13,1.88
177.0,auto_flow_1.33,car_flow_2.33,22.99,10.13,2.27
177.0,auto_flow_1.33,car_flow_2.34,17.74,10.13,1.75
177.0,auto_flow_1.34,bike_flow_1.36,14.05,10.52,1.34
177.0,bike_flow_1.36,car_flow_1.37,20.17,12.63,1.6
177.0,bike_flow_1.36,car_flow_2.34,21.47,12.63,1.7
177.0,bike_flow_1.37,car_flow_1.37,23.65,11.59,2.04
177.0,bike_flow_1.37,car_flow_1.38,26.8,11.59,2.31
177.0,bike_flow_1.37,car_flow_2.33,18.41,11.59,1.59
177.0,bike_flow_1.37,car_flow_2.34,22.82,11.59,1.97
177.0,bike_flow_1.38,bike_flow_2.1,14.42,14.15,1.02
177.0,bike_flow_1.38,bike_flow_2.2,17.67,14.15,1.25
177.0,bike_flow_1.38,bike_flow_2.3,21.66,14.15,1.53
177.0,bike_flow_1.38,bike_flow_2.4,25.82,14.15,1.82
177.0,bike_flow_1.38,bike_flow_2.5,30.01,14.15,2.12
177.0,bike_flow_1.38,bike_flow_2.6,34.24,14.15,2.42
177.0,bike_flow_1.38,bike_flow_2.7,38.52,14.15,2.72
177.0,bike_flow_1.38,car_flow_1.38,25.54,14.15,1.8
177.0,bike_flow_1.38,car_flow_1.39,28.52,14.15,2.02
177.0,bike_flow_1.38,car_flow_2.32,36.79,14.15,2.6
177.0,bike_flow_1.38,car_flow_2.33,34.35,14.15,2.43
177.0,bike_flow_1.39,car_flow_1.39,28.2,13.8,2.04
177.0,bike_flow_1.39,car_flow_1.40,25.23,13.8,1.83
177.0,bike_flow_1.39,car_flow_2.31,22.08,13.8,1.6
177.0,bike_flow_1.39,car_flow_2.32,20.33,13.8,1.47
177.0,car_flow_1.37,car_flow_2.34,3.37,11.59,0.29
177.0,car_flow_1.38,car_flow_2.33,9.24,13.46,0.69
177.0,car_flow_1.39,car_flow_2.32,8.73,13.27,0.66
177.0,car_flow_1.40,car_flow_2.31,4.66,12.67,0.37
178.0,auto_flow_1.31,bike_flow_1.39,22.2,9.87,2.25
178.0,auto_flow_1.31,car_flow_1.40,5.66,9.87,0.57
178.0,auto_flow_1.31,car_flow_2.32,17.48,9.87,1.77
178.0,auto_flow_1.32,bike_flow_1.38,7.18,10.01,0.72
178.0,auto_flow_1.32,bike_flow_2.1,7.85,10.01,0.78
178.0,auto_flow_1.32,bike_flow_2.2,11.63,10.01,1.16
178.0,auto_flow_1.32,bike_flow_2.3,15.82,10.01,1.58
178.0,auto_flow_1.32,bike_flow_2.4,20.65,10.01,2.06
178.0,auto_flow_1.32,bike_flow_2.5,25.08,10.01,2.51
178.0,auto_flow_1.32,bike_flow_2.6,29.6,10.01,2.96
178.0,auto_flow_1.32,car_flow_1.39,21.35,10.01,2.13
178.0,auto_flow_1.32,car_flow_2.33,17.63,10.01,1.76
178.0,auto_flow_1.33,bike_flow_1.37,18.88,10.37,1.82
178.0,auto_flow_1.33,car_flow_1.38,8.41,10.37,0.81
178.0,auto_flow_1.33,car_flow_2.33,23.25,10.37,2.24
178.0,auto_flow_1.33,car_flow_2.34,18.0,10.37,1.74
178.0,auto_flow_1.34,bike_flow_1.36,9.5,10.75,0.88
178.0,auto_flow_1.34,car_flow_1.37,10.96,10.75,1.02
178.0,bike_flow_1.36,car_flow_1.37,19.43,11.88,1.64
178.0,bike_flow_1.37,car_flow_1.37,23.19,13.09,1.77
178.0,bike_flow_1.37,car_flow_1.38,26.38,13.09,2.02
178.0,bike_flow_1.37,car_flow_2.34,3.26,13.09,0.25
178.0,bike_flow_1.38,bike_flow_2.1,8.96,12.37,0.72
178.0,bike_flow_1.38,bike_flow_2.2,13.54,12.37,1.09
178.0,bike_flow_1.38,bike_flow_2.3,18.1,12.37,1.46
178.0,bike_flow_1.38,bike_flow_2.4,23.16,12.37,1.87
178.0,bike_flow_1.38,bike_flow_2.5,27.71,12.37,2.24
178.0,bike_flow_1.38,bike_flow_2.6,32.32,12.37,2.61
178.0,bike_flow_1.38,bike_flow_2.7,36.82,12.37,2.98
178.0,bike_flow_1.38,car_flow_1.38,26.67,12.37,2.16
178.0,bike_flow_1.38,car_flow_1.39,27.54,12.37,2.23
178.0,bike_flow_1.38,car_flow_2.33,11.65,12.37,0.94
178.0,bike_flow_1.39,car_flow_1.39,28.13,13.42,2.1
178.0,bike_flow_1.39,car_flow_1.40,26.64,13.42,1.98
178.0,bike_flow_1.39,car_flow_2.32,5.51,13.42,0.41
178.0,car_flow_1.37,car_flow_2.34,24.0,12.62,1.9
178.0,car_flow_1.38,car_flow_2.33,15.8,13.5,1.17
178.0,car_flow_1.38,car_flow_2.34,25.98,13.5,1.92
178.0,car_flow_1.39,car_flow_2.32,32.77,13.36,2.45
178.0,car_flow_1.39,car_flow_2.33,38.87,13.36,2.91
178.0,car_flow_1.40,car_flow_2.32,22.38,12.02,1.86
179.0,auto_flow_1.31,bike_flow_1.40,10.34,9.86,1.05
179.0,auto_flow_1.31,car_flow_1.40,17.83,9.86,1.81
179.0,auto_flow_1.31,car_flow_2.32,17.49,9.86,1.77
179.0,auto_flow_1.32,bike_flow_1.38,29.59,10.06,2.94
179.0,auto_flow_1.32,bike_flow_1.39,25.28,10.06,2.51
179.0,auto_flow_1.32,bike_flow_2.1,16.48,10.06,1.64
179.0,auto_flow_1.32,bike_flow_2.2,18.54,10.06,1.84
179.0,auto_flow_1.32,bike_flow_2.3,21.43,10.06,2.13
179.0,auto_flow_1.32,bike_flow_2.4,24.99,10.06,2.48
179.0,auto_flow_1.32,bike_flow_2.5,28.93,10.06,2.87
179.0,auto_flow_1.32,car_flow_1.39,3.95,10.06,0.39
179.0,auto_flow_1.32,car_flow_2.33,17.72,10.06,1.76
179.0,auto_flow_1.33,bike_flow_1.38,12.08,9.87,1.22
179.0,auto_flow_1.33,bike_flow_2.1,26.23,9.87,2.66
179.0,auto_flow_1.33,bike_flow_2.2,27.57,9.87,2.79
179.0,auto_flow_1.33,bike_flow_2.3,29.59,9.87,3.0
179.0,auto_flow_1.33,car_flow_1.38,15.51,9.87,1.57
179.0,auto_flow_1.33,car_flow_2.33,23.35,9.87,2.37
179.0,auto_flow_1.33,car_flow_2.34,17.64,9.87,1.79
179.0,auto_flow_1.34,bike_flow_1.37,12.03,10.69,1.13
179.0,auto_flow_1.34,car_flow_1.37,12.13,10.69,1.13
179.0,auto_flow_1.34,car_flow_2.35,19.43,10.69,1.82
179.0,bike_flow_1.37,car_flow_1.37,23.3,11.39,2.05
179.0,bike_flow_1.37,car_flow_1.38,24.69,11.39,2.17
179.0,bike_flow_1.37,car_flow_2.34,22.45,11.39,1.97
179.0,bike_flow_1.37,car_flow_2.35,31.2,11.39,2.74
179.0,bike_flow_1.38,bike_flow_2.1,16.55,12.93,1.28
179.0,bike_flow_1.38,bike_flow_2.2,19.36,12.93,1.5
179.0,bike_flow_1.38,bike_flow_2.3,22.8,12.93,1.76
179.0,bike_flow_1.38,bike_flow_2.4,26.76,12.93,2.07
179.0,bike_flow_1.38,bike_flow_2.5,30.97,12.93,2.4
179.0,bike_flow_1.38,bike_flow_2.6,35.13,12.93,2.72
179.0,bike_flow_1.38,car_flow_1.38,26.82,12.93,2.08
179.0,bike_flow_1.38,car_flow_1.39,27.1,12.93,2.1
179.0,bike_flow_1.38,car_flow_2.33,12.13,12.93,0.94
179.0,bike_flow_1.38,car_flow_2.34,29.47,12.93,2.28
179.0,bike_flow_1.39,bike_flow_2.1,41.51,14.1,2.94
179.0,bike_flow_1.39,car_flow_1.39,27.4,14.1,1.94
179.0,bike_flow_1.39,car_flow_1.40,28.39,14.1,2.01
179.0,bike_flow_1.39,car_flow_2.32,28.62,14.1,2.03
179.0,bike_flow_1.40,car_flow_1.40,27.37,13.28,2.06
179.0,bike_flow_1.40,car_flow_2.32,27.5,13.28,2.07
179.0,car_flow_1.37,car_flow_2.35,8.37,11.5,0.73
179.0,car_flow_1.38,car_flow_2.33,38.66,13.08,2.95
179.0,car_flow_1.38,car_flow_2.34,4.04,13.08,0.31
179.0,car_flow_1.39,car_flow_2.33,15.73,13.37,1.18
179.0,car_flow_1.40,car_flow_2.32,3.2,12.35,0.26
180.0,auto_flow_1.31,bike_flow_1.40,12.85,9.59,1.34
180.0,auto_flow_1.31,car_flow_2.32,17.19,9.59,1.79
180.0,auto_flow_1.32,bike_flow_1.39,3.21,10.21,0.31
180.0,auto_flow_1.32,bike_flow_2.1,26.3,10.21,2.58
180.0,auto_flow_1.32,bike_flow_2.2,27.63,10.21,2.71
180.0,auto_flow_1.32,bike_flow_2.3,29.63,10.21,2.9
180.0,auto_flow_1.32,car_flow_1.39,26.29,10.21,2.58
180.0,auto_flow_1.32,car_flow_2.33,17.6,10.21,1.72
180.0,auto_flow_1.33,bike_flow_1.38,11.91,10.33,1.15
180.0,auto_flow_1.33,bike_flow_2.1,16.31,10.33,1.58
180.0,auto_flow_1.33,bike_flow_2.2,18.38,10.33,1.78
180.0,auto_flow_1.33,bike_flow_2.3,21.27,10.33,2.06
180.0,auto_flow_1.33,bike_flow_2.4,24.78,10.33,2.4
180.0,auto_flow_1.33,bike_flow_2.5,28.72,10.33,2.78
180.0,auto_flow_1.33,car_flow_1.39,15.2,10.33,1.47
180.0,auto_flow_1.33,car_flow_2.33,23.35,10.33,2.26
180.0,auto_flow_1.33,car_flow_2.34,17.39,10.33,1.68
180.0,auto_flow_1.34,bike_flow_1.37,12.39,10.86,1.14
180.0,auto_flow_1.34,car_flow_1.38,12.33,10.86,1.14
180.0,auto_flow_1.34,car_flow_2.35,18.56,10.86,1.71
180.0,bike_flow_1.37,car_flow_1.37,22.77,12.72,1.79
180.0,bike_flow_1.37,car_flow_1.38,23.88,12.72,1.88
180.0,bike_flow_1.37,car_flow_2.35,7.32,12.72,0.58
180.0,bike_flow_1.38,bike_flow_2.1,28.19,12.79,2.2
180.0,bike_flow_1.38,bike_flow_2.2,29.93,12.79,2.34
180.0,bike_flow_1.38,bike_flow_2.3,32.24,12.79,2.52
180.0,bike_flow_1.38,bike_flow_2.4,35.09,12.79,2.74
180.0,bike_flow_1.38,bike_flow_2.5,38.37,12.79,3.0
180.0,bike_flow_1.38,car_flow_1.38,27.55,12.79,2.15
180.0,bike_flow_1.38,car_flow_1.39,26.33,12.79,2.06
180.0,bike_flow_1.38,car_flow_2.33,34.97,12.79,2.73
180.0,bike_flow_1.38,car_flow_2.34,6.73,12.79,0.53
180.0,bike_flow_1.39,bike_flow_2.1,27.37,14.66,1.87
180.0,bike_flow_1.39,bike_flow_2.2,29.15,14.66,1.99
180.0,bike_flow_1.39,bike_flow_2.3,31.52,14.66,2.15
180.0,bike_flow_1.39,bike_flow_2.4,34.43,14.66,2.35
180.0,bike_flow_1.39,bike_flow_2.5,37.77,14.66,2.58
180.0,bike_flow_1.39,bike_flow_2.6,41.33,14.66,2.82
180.0,bike_flow_1.39,car_flow_1.39,26.3,14.66,1.79
180.0,bike_flow_1.39,car_flow_1.40,30.43,14.66,2.08
180.0,bike_flow_1.39,car_flow_2.33,18.09,14.66,1.23
180.0,bike_flow_1.40,car_flow_1.40,27.29,12.69,2.15
180.0,bike_flow_1.40,car_flow_2.32,5.72,12.69,0.45
180.0,car_flow_1.37,car_flow_2.35,16.5,12.19,1.35
180.0,car_flow_1.38,car_flow_2.34,21.87,13.52,1.62
180.0,car_flow_1.38,car_flow_2.35,30.64,13.52,2.27
180.0,car_flow_1.39,car_flow_2.33,9.08,13.56,0.67
180.0,car_flow_1.39,car_flow_2.34,32.4,13.56,2.39
180.0,car_flow_1.40,car_flow_2.32,22.78,12.62,1.81
181.0,auto_flow_1.32,bike_flow_1.39,23.24,9.96,2.33
181.0,auto_flow_1.32,car_flow_1.40,9.38,9.96,0.94
181.0,auto_flow_1.32,car_flow_2.33,17.45,9.96,1.75
181.0,auto_flow_1.33,bike_flow_1.39,17.58,10.61,1.66
181.0,auto_flow_1.33,bike_flow_2.1,7.37,10.61,0.69
181.0,auto_flow_1.33,bike_flow_2.2,11.24,10.61,1.06
181.0,auto_flow_1.33,bike_flow_2.3,15.45,10.61,1.46
181.0,auto_flow_1.33,bike_flow_2.4,19.97,10.61,1.88
181.0,auto_flow_1.33,bike_flow_2.5,24.73,10.61,2.33
181.0,auto_flow_1.33,bike_flow_2.6,29.23,10.61,2.76
181.0,auto_flow_1.33,car_flow_1.39,9.53,10.61,0.9
181.0,auto_flow_1.33,car_flow_2.33,22.86,10.61,2.15
181.0,auto_flow_1.33,car_flow_2.34,17.23,10.61,1.62
181.0,auto_flow_1.34,bike_flow_1.38,15.66,10.93,1.43
181.0,auto_flow_1.34,car_flow_1.38,13.26,10.93,1.21
181.0,auto_flow_1.34,car_flow_2.35,18.75,10.93,1.71
181.0,bike_flow_1.37,car_flow_1.38,22.61,12.57,1.8
181.0,bike_flow_1.37,car_flow_2.35,17.04,12.57,1.36
181.0,bike_flow_1.38,car_flow_1.38,28.2,13.2,2.14
181.0,bike_flow_1.38,car_flow_1.39,26.3,13.2,1.99
181.0,bike_flow_1.38,car_flow_2.34,18.33,13.2,1.39
181.0,bike_flow_1.38,car_flow_2.35,34.22,13.2,2.59
181.0,bike_flow_1.39,bike_flow_2.1,15.44,13.27,1.16
181.0,bike_flow_1.39,bike_flow_2.2,18.42,13.27,1.39
181.0,bike_flow_1.39,bike_flow_2.3,21.92,13.27,1.65
181.0,bike_flow_1.39,bike_flow_2.4,25.89,13.27,1.95
181.0,bike_flow_1.39,bike_flow_2.5,30.24,13.27,2.28
181.0,bike_flow_1.39,bike_flow_2.6,34.45,13.27,2.6
181.0,bike_flow_1.39,bike_flow_2.7,38.85,13.27,2.93
181.0,bike_flow_1.39,car_flow_1.39,26.26,13.27,1.98
181.0,bike_flow_1.39,car_flow_1.40,31.84,13.27,2.4
181.0,bike_flow_1.39,car_flow_2.33,6.42,13.27,0.48
181.0,bike_flow_1.39,car_flow_2.34,34.66,13.27,2.61
181.0,bike_flow_1.40,car_flow_1.40,25.3,13.86,1.83
181.0,bike_flow_1.40,car_flow_1.41,23.55,13.86,1.7
181.0,bike_flow_1.40,car_flow_2.32,19.24,13.86,1.39
181.0,car_flow_1.38,car_flow_2.35,6.69,13.85,0.48
181.0,car_flow_1.39,car_flow_2.33,31.99,13.23,2.42
181.0,car_flow_1.39,car_flow_2.34,8.85,13.23,0.67
181.0,car_flow_1.40,car_flow_2.33,26.46,11.86,2.23
181.0,car_flow_1.41,car_flow_2.32,5.59,13.0,0.43
182.0,auto_flow_1.32,bike_flow_1.40,11.38,10.55,1.08
182.0,auto_flow_1.32,car_flow_1.40,13.9,10.55,1.32
182.0,auto_flow_1.32,car_flow_2.33,17.95,10.55,1.7
182.0,auto_flow_1.33,bike_flow_1.39,7.33,9.65,0.76
182.0,auto_flow_1.33,bike_flow_2.1,7.57,9.65,0.78
182.0,auto_flow_1.33,bike_flow_2.2,11.35,9.65,1.18
182.0,auto_flow_1.33,bike_flow_2.3,15.55,9.65,1.61
182.0,auto_flow_1.33,bike_flow_2.4,19.87,9.65,2.06
182.0,auto_flow_1.33,bike_flow_2.5,24.58,9.65,2.55
182.0,auto_flow_1.33,car_flow_1.40,27.86,9.65,2.89
182.0,auto_flow_1.33,car_flow_2.33,23.26,9.65,2.41
182.0,auto_flow_1.33,car_flow_2.34,15.97,9.65,1.66
182.0,auto_flow_1.34,bike_flow_1.38,10.66,10.85,0.98
182.0,auto_flow_1.34,car_flow_1.39,17.61,10.85,1.62
182.0,auto_flow_1.34,car_flow_2.35,18.17,10.85,1.67
182.0,auto_flow_1.35,car_flow_1.38,17.21,11.0,1.56
182.0,bike_flow_1.38,car_flow_1.38,26.99,14.65,1.84
182.0,bike_flow_1.38,car_flow_1.39,27.49,14.65,1.88
182.0,bike_flow_1.38,car_flow_2.34,43.72,14.65,2.98
182.0,bike_flow_1.38,car_flow_2.35,8.61,14.65,0.59
182.0,bike_flow_1.39,bike_flow_2.1,9.05,14.24,0.64
182.0,bike_flow_1.39,bike_flow_2.2,13.5,14.24,0.95
182.0,bike_flow_1.39,bike_flow_2.3,18.0,14.24,1.26
182.0,bike_flow_1.39,bike_flow_2.4,22.5,14.24,1.58
182.0,bike_flow_1.39,bike_flow_2.5,27.32,14.24,1.92
182.0,bike_flow_1.39,bike_flow_2.6,32.04,14.24,2.25
182.0,bike_flow_1.39,bike_flow_2.7,36.67,14.24,2.58
182.0,bike_flow_1.39,bike_flow_2.8,41.3,14.24,2.9
182.0,bike_flow_1.39,car_flow_1.39,25.49,14.24,1.79
182.0,bike_flow_1.39,car_flow_1.40,34.28,14.24,2.41
182.0,bike_flow_1.39,car_flow_2.33,30.03,14.24,2.11
182.0,bike_flow_1.39,car_flow_2.34,9.9,14.24,0.7
182.0,bike_flow_1.40,car_flow_1.40,24.45,12.65,1.93
182.0,bike_flow_1.40,car_flow_1.41,22.82,12.65,1.8
182.0,bike_flow_1.40,car_flow_2.33,29.04,12.65,2.3
182.0,car_flow_1.38,car_flow_2.35,19.26,13.44,1.43
182.0,car_flow_1.39,car_flow_2.34,16.43,13.46,1.22
182.0,car_flow_1.39,car_flow_2.35,35.63,13.46,2.65
182.0,car_flow_1.40,car_flow_2.33,5.46,11.8,0.46
183.0,auto_flow_1.32,bike_flow_1.40,10.98,9.83,1.12
183.0,auto_flow_1.32,car_flow_1.41,11.03,9.83,1.12
183.0,auto_flow_1.32,car_flow_2.33,16.97,9.83,1.73
183.0,auto_flow_1.33,bike_flow_2.1,15.74,9.7,1.62
183.0,auto_flow_1.33,bike_flow_2.2,17.87,9.7,1.84
183.0,auto_flow_1.33,bike_flow_2.3,20.79,9.7,2.14
183.0,auto_flow_1.33,bike_flow_2.4,24.19,9.7,2.49
183.0,auto_flow_1.33,bike_flow_2.5,28.15,9.7,2.9
183.0,auto_flow_1.33,car_flow_1.40,6.41,9.7,0.66
183.0,auto_flow_1.33,car_flow_2.33,24.37,9.7,2.51
183.0,auto_flow_1.33,car_flow_2.34,15.82,9.7,1.63
183.0,auto_flow_1.34,bike_flow_1.39,19.55,9.64,2.03
183.0,auto_flow_1.34,car_flow_1.39,6.51,9.64,0.68
183.0,auto_flow_1.34,car_flow_2.35,16.81,9.64,1.74
183.0,auto_flow_1.35,bike_flow_1.38,21.01,10.46,2.01
183.0,auto_flow_1.35,car_flow_1.38,7.29,10.46,0.7
183.0,bike_flow_1.38,car_flow_1.38,27.31,12.68,2.15
183.0,bike_flow_1.38,car_flow_1.39,26.82,12.68,2.11
183.0,bike_flow_1.38,car_flow_2.35,16.0,12.68,1.26
183.0,bike_flow_1.39,bike_flow_2.1,17.87,13.88,1.29
183.0,bike_flow_1.39,bike_flow_2.2,20.49,13.88,1.48
183.0,bike_flow_1.39,bike_flow_2.3,23.69,13.88,1.71
183.0,bike_flow_1.39,bike_flow_2.4,27.27,13.88,1.96
183.0,bike_flow_1.39,bike_flow_2.5,31.33,13.88,2.26
183.0,bike_flow_1.39,bike_flow_2.6,35.5,13.88,2.56
183.0,bike_flow_1.39,bike_flow_2.7,39.68,13.88,2.86
183.0,bike_flow_1.39,car_flow_1.39,24.96,13.88,1.8
183.0,bike_flow_1.39,car_flow_1.40,35.73,13.88,2.57
183.0,bike_flow_1.39,car_flow_2.34,14.71,13.88,1.06
183.0,bike_flow_1.39,car_flow_2.35,36.24,13.88,2.61
183.0,bike_flow_1.40,car_flow_1.40,25.28,11.59,2.18
183.0,bike_flow_1.40,car_flow_1.41,21.06,11.59,1.82
183.0,bike_flow_1.40,car_flow_2.33,7.21,11.59,0.62
183.0,bike_flow_1.41,car_flow_1.41,29.73,12.46,2.39
183.0,car_flow_1.39,car_flow_2.34,39.44,13.35,2.95
183.0,car_flow_1.39,car_flow_2.35,11.59,13.35,0.87
183.0,car_flow_1.40,car_flow_2.33,19.08,12.42,1.54
183.0,car_flow_1.40,car_flow_2.34,21.61,12.42,1.74
183.0,car_flow_1.41,car_flow_2.33,27.71,13.35,2.08
184.0,auto_flow_1.32,bike_flow_1.41,18.42,10.32,1.78
184.0,auto_flow_1.32,car_flow_1.41,12.56,10.32,1.22
184.0,auto_flow_1.32,car_flow_2.33,17.21,10.32,1.67
184.0,auto_flow_1.33,bike_flow_1.40,9.27,10.21,0.91
184.0,auto_flow_1.33,bike_flow_2.1,25.53,10.21,2.5
184.0,auto_flow_1.33,bike_flow_2.2,26.89,10.21,2.63
184.0,auto_flow_1.33,bike_flow_2.3,28.91,10.21,2.83
184.0,auto_flow_1.33,car_flow_1.40,16.83,10.21,1.65
184.0,auto_flow_1.33,car_flow_1.41,29.49,10.21,2.89
184.0,auto_flow_1.33,car_flow_2.33,24.25,10.21,2.38
184.0,auto_flow_1.33,car_flow_2.34,16.16,10.21,1.58
184.0,auto_flow_1.34,bike_flow_1.39,6.18,10.55,0.59
184.0,auto_flow_1.34,bike_flow_2.1,24.89,10.55,2.36
184.0,auto_flow_1.34,bike_flow_2.2,26.29,10.55,2.49
184.0,auto_flow_1.34,bike_flow_2.3,28.35,10.55,2.69
184.0,auto_flow_1.34,bike_flow_2.4,30.94,10.55,2.93
184.0,auto_flow_1.34,car_flow_1.39,29.34,10.55,2.78
184.0,auto_flow_1.34,car_flow_2.35,18.05,10.55,1.71
184.0,auto_flow_1.35,bike_flow_1.38,4.72,9.57,0.49
184.0,auto_flow_1.35,car_flow_1.39,25.27,9.57,2.64
184.0,bike_flow_1.38,car_flow_1.39,28.54,14.66,1.95
184.0,bike_flow_1.38,car_flow_2.35,39.79,14.66,2.71
184.0,bike_flow_1.39,bike_flow_2.1,30.83,14.02,2.2
184.0,bike_flow_1.39,bike_flow_2.2,32.42,14.02,2.31
184.0,bike_flow_1.39,bike_flow_2.3,34.53,14.02,2.46
184.0,bike_flow_1.39,bike_flow_2.4,37.07,14.02,2.64
184.0,bike_flow_1.39,bike_flow_2.5,40.12,14.02,2.86
184.0,bike_flow_1.39,car_flow_1.39,23.88,14.02,1.7
184.0,bike_flow_1.39,car_flow_1.40,37.87,14.02,2.7
184.0,bike_flow_1.39,car_flow_2.34,38.37,14.02,2.74
184.0,bike_flow_1.39,car_flow_2.35,13.16,14.02,0.94
184.0,bike_flow_1.40,bike_flow_2.1,34.74,11.93,2.91
184.0,bike_flow_1.40,car_flow_1.40,25.23,11.93,2.12
184.0,bike_flow_1.40,car_flow_1.41,20.61,11.93,1.73
184.0,bike_flow_1.40,car_flow_2.33,15.88,11.93,1.33
184.0,bike_flow_1.40,car_flow_2.34,25.06,11.93,2.1
184.0,bike_flow_1.41,car_flow_1.41,30.28,11.82,2.56
184.0,car_flow_1.39,car_flow_2.35,11.58,12.95,0.89
184.0,car_flow_1.40,car_flow_2.34,3.22,11.88,0.27
184.0,car_flow_1.41,car_flow_2.33,5.99,12.37,0.48
185.0,auto_flow_1.32,bike_flow_1.41,6.63,10.88,0.61
185.0,auto_flow_1.32,car_flow_1.42,16.4,10.88,1.51
185.0,auto_flow_1.32,car_flow_2.33,17.79,10.88,1.64
185.0,auto_flow_1.33,bike_flow_1.40,15.52,10.79,1.44
185.0,auto_flow_1.33,car_flow_1.41,6.76,10.79,0.63
185.0,auto_flow_1.33,car_flow_2.33,23.75,10.79,2.2
185.0,auto_flow_1.33,car_flow_2.34,17.56,10.79,1.63
185.0,auto_flow_1.34,bike_flow_1.39,28.49,9.98,2.86
185.0,auto_flow_1.34,bike_flow_2.1,15.35,9.98,1.54
185.0,auto_flow_1.34,bike_flow_2.2,17.53,9.98,1.76
185.0,auto_flow_1.34,bike_flow_2.3,20.48,9.98,2.05
185.0,auto_flow_1.34,bike_flow_2.4,23.93,9.98,2.4
185.0,auto_flow_1.34,bike_flow_2.5,27.74,9.98,2.78
185.0,auto_flow_1.34,car_flow_1.40,10.52,9.98,1.05
185.0,auto_flow_1.34,car_flow_2.35,17.67,9.98,1.77
185.0,auto_flow_1.35,bike_flow_1.38,28.7,10.88,2.64
185.0,auto_flow_1.35,bike_flow_1.39,25.23,10.88,2.32
185.0,auto_flow_1.35,car_flow_1.39,3.24,10.88,0.3
185.0,bike_flow_1.38,car_flow_1.39,29.01,14.17,2.05
185.0,bike_flow_1.39,car_flow_1.39,24.54,13.05,1.88
185.0,bike_flow_1.39,car_flow_1.40,38.33,13.05,2.94
185.0,bike_flow_1.39,car_flow_2.35,11.11,13.05,0.85
185.0,bike_flow_1.40,bike_flow_2.1,22.33,13.1,1.7
185.0,bike_flow_1.40,bike_flow_2.2,24.48,13.1,1.87
185.0,bike_flow_1.40,bike_flow_2.3,27.21,13.1,2.08
185.0,bike_flow_1.40,bike_flow_2.4,30.37,13.1,2.32
185.0,bike_flow_1.40,bike_flow_2.5,33.88,13.1,2.59
185.0,bike_flow_1.40,bike_flow_2.6,37.73,13.1,2.88
185.0,bike_flow_1.40,car_flow_1.40,24.72,13.1,1.89
185.0,bike_flow_1.40,car_flow_1.41,21.15,13.1,1.61
185.0,bike_flow_1.40,car_flow_2.33,39.07,13.1,2.98
185.0,bike_flow_1.40,car_flow_2.34,3.99,13.1,0.3
185.0,bike_flow_1.41,car_flow_1.41,29.78,13.07,2.28
185.0,bike_flow_1.41,car_flow_1.42,21.89,13.07,1.68
185.0,bike_flow_1.41,car_flow_2.33,12.41,13.07,0.95
185.0,car_flow_1.39,car_flow_2.35,35.33,13.71,2.58
185.0,car_flow_1.40,car_flow_2.34,22.57,12.59,1.79
185.0,car_flow_1.40,car_flow_2.35,27.87,12.59,2.21
185.0,car_flow_1.41,car_flow_2.33,18.08,12.56,1.44
185.0,car_flow_1.41,car_flow_2.34,23.74,12.56,1.89
185.0,car_flow_1.42,car_flow_2.33,34.03,12.91,2.64
186.0,auto_flow_1.32,bike_flow_1.41,30.03,10.49,2.86
186.0,auto_flow_1.32,car_flow_1.42,8.82,10.49,0.84
186.0,auto_flow_1.32,car_flow_2.33,17.72,10.49,1.69
186.0,auto_flow_1.33,bike_flow_1.41,12.06,10.54,1.14
186.0,auto_flow_1.33,car_flow_1.41,18.43,10.54,1.75
186.0,auto_flow_1.33,car_flow_2.33,23.77,10.54,2.25
186.0,auto_flow_1.33,car_flow_2.34,16.92,10.54,1.6
186.0,auto_flow_1.34,bike_flow_1.40,11.59,9.6,1.21
186.0,auto_flow_1.34,bike_flow_2.1,7.36,9.6,0.77
186.0,auto_flow_1.34,bike_flow_2.2,11.21,9.6,1.17
186.0,auto_flow_1.34,bike_flow_2.3,15.43,9.6,1.61
186.0,auto_flow_1.34,bike_flow_2.4,19.77,9.6,2.06
186.0,auto_flow_1.34,bike_flow_2.5,24.2,9.6,2.52
186.0,auto_flow_1.34,bike_flow_2.6,28.76,9.6,3.0
186.0,auto_flow_1.34,car_flow_1.40,11.73,9.6,1.22
186.0,auto_flow_1.34,car_flow_2.35,17.52,9.6,1.82
186.0,auto_flow_1.35,bike_flow_1.39,3.76,10.67,0.35
186.0,auto_flow_1.35,car_flow_1.39,23.46,10.67,2.2
186.0,bike_flow_1.39,car_flow_1.39,25.22,12.37,2.04
186.0,bike_flow_1.39,car_flow_2.35,32.92,12.37,2.66
186.0,bike_flow_1.40,bike_flow_2.1,11.01,13.99,0.79
186.0,bike_flow_1.40,bike_flow_2.2,14.89,13.99,1.06
186.0,bike_flow_1.40,bike_flow_2.3,19.05,13.99,1.36
186.0,bike_flow_1.40,bike_flow_2.4,23.33,13.99,1.67
186.0,bike_flow_1.40,bike_flow_2.5,27.72,13.99,1.98
186.0,bike_flow_1.40,bike_flow_2.6,32.24,13.99,2.3
186.0,bike_flow_1.40,bike_flow_2.7,36.81,13.99,2.63
186.0,bike_flow_1.40,bike_flow_2.8,41.56,13.99,2.97
186.0,bike_flow_1.40,car_flow_1.40,22.43,13.99,1.6
186.0,bike_flow_1.40,car_flow_1.41,21.58,13.99,1.54
186.0,bike_flow_1.40,car_flow_2.34,23.03,13.99,1.65
186.0,bike_flow_1.40,car_flow_2.35,28.84,13.99,2.06
186.0,bike_flow_1.41,car_flow_1.41,29.78,13.57,2.19
186.0,bike_flow_1.41,car_flow_1.42,21.64,13.57,1.59
186.0,bike_flow_1.41,car_flow_2.33,12.55,13.57,0.93
186.0,bike_flow_1.41,car_flow_2.34,28.73,13.57,2.12
186.0,car_flow_1.39,car_flow_2.36,16.65,13.05,1.28
186.0,car_flow_1.40,car_flow_2.35,7.0,11.71,0.6
186.0,car_flow_1.41,car_flow_2.34,3.43,13.57,0.25
186.0,car_flow_1.42,car_flow_2.33,10.03,13.82,0.73
187.0,auto_flow_1.32,car_flow_2.33,17.33,9.95,1.74
187.0,auto_flow_1.33,bike_flow_1.41,11.73,9.98,1.18
187.0,auto_flow_1.33,car_flow_1.42,10.75,9.98,1.08
187.0,auto_flow_1.33,car_flow_2.33,24.13,9.98,2.42
187.0,auto_flow_1.33,car_flow_2.34,16.93,9.98,1.7
187.0,auto_flow_1.34,bike_flow_1.40,11.88,10.28,1.16
187.0,auto_flow_1.34,bike_flow_2.1,8.01,10.28,0.78
187.0,auto_flow_1.34,bike_flow_2.2,11.65,10.28,1.13
187.0,auto_flow_1.34,bike_flow_2.3,15.74,10.28,1.53
187.0,auto_flow_1.34,bike_flow_2.4,20.02,10.28,1.95
187.0,auto_flow_1.34,bike_flow_2.5,24.38,10.28,2.37
187.0,auto_flow_1.34,bike_flow_2.6,28.81,10.28,2.8
187.0,auto_flow_1.34,car_flow_1.41,9.9,10.28,0.96
187.0,auto_flow_1.34,car_flow_2.35,17.82,10.28,1.73
187.0,auto_flow_1.35,bike_flow_1.39,21.59,9.75,2.22
187.0,auto_flow_1.35,car_flow_1.40,19.04,9.75,1.95
187.0,bike_flow_1.39,car_flow_1.39,25.2,13.58,1.85
187.0,bike_flow_1.39,car_flow_1.40,40.12,13.58,2.95
187.0,bike_flow_1.39,car_flow_2.36,16.09,13.58,1.18
187.0,bike_flow_1.40,bike_flow_2.1,10.63,12.31,0.86
187.0,bike_flow_1.40,bike_flow_2.2,14.61,12.31,1.19
187.0,bike_flow_1.40,bike_flow_2.3,18.82,12.31,1.53
187.0,bike_flow_1.40,bike_flow_2.4,23.15,12.31,1.88
187.0,bike_flow_1.40,bike_flow_2.5,27.55,12.31,2.24
187.0,bike_flow_1.40,bike_flow_2.6,31.99,12.31,2.6
187.0,bike_flow_1.40,bike_flow_2.7,36.63,12.31,2.98
187.0,bike_flow_1.40,car_flow_1.40,22.59,12.31,1.84
187.0,bike_flow_1.40,car_flow_1.41,20.81,12.31,1.69
187.0,bike_flow_1.40,car_flow_2.35,7.14,12.31,0.58
187.0,bike_flow_1.41,car_flow_1.41,29.91,12.94,2.31
187.0,bike_flow_1.41,car_flow_1.42,21.56,12.94,1.67
187.0,bike_flow_1.41,car_flow_2.33,35.56,12.94,2.75
187.0,bike_flow_1.41,car_flow_2.34,6.48,12.94,0.5
187.0,car_flow_1.39,car_flow_2.36,9.96,13.56,0.73
187.0,car_flow_1.40,car_flow_2.35,16.52,12.46,1.33
187.0,car_flow_1.41,car_flow_2.34,24.48,13.07,1.87
187.0,car_flow_1.41,car_flow_2.35,27.38,13.07,2.09
187.0,car_flow_1.42,car_flow_2.33,14.22,13.02,1.09
187.0,car_flow_1.42,car_flow_2.34,27.38,13.02,2.1
188.0,auto_flow_1.33,bike_flow_1.42,30.15,10.13,2.98
188.0,auto_flow_1.33,car_flow_1.42,13.17,10.13,1.3
188.0,auto_flow_1.33,car_flow_2.33,24.06,10.13,2.37
188.0,auto_flow_1.33,car_flow_2.34,16.98,10.13,1.68
188.0,auto_flow_1.34,bike_flow_1.41,15.68,10.19,1.54
188.0,auto_flow_1.34,bike_flow_2.1,16.81,10.19,1.65
188.0,auto_flow_1.34,bike_flow_2.2,18.82,10.19,1.85
188.0,auto_flow_1.34,bike_flow_2.3,21.59,10.19,2.12
188.0,auto_flow_1.34,bike_flow_2.4,24.88,10.19,2.44
188.0,auto_flow_1.34,bike_flow_2.5,28.51,10.19,2.8
188.0,auto_flow_1.34,car_flow_1.41,13.89,10.19,1.36
188.0,auto_flow_1.34,car_flow_2.35,17.35,10.19,1.7
188.0,auto_flow_1.35,bike_flow_1.40,18.43,9.91,1.86
188.0,auto_flow_1.35,car_flow_1.40,4.64,9.91,0.47
188.0,bike_flow_1.39,car_flow_1.40,42.27,14.37,2.94
188.0,bike_flow_1.39,car_flow_2.36,12.79,14.37,0.89
188.0,bike_flow_1.40,bike_flow_2.1,21.08,13.29,1.59
188.0,bike_flow_1.40,bike_flow_2.2,23.34,13.29,1.76
188.0,bike_flow_1.40,bike_flow_2.3,26.18,13.29,1.97
188.0,bike_flow_1.40,bike_flow_2.4,29.45,13.29,2.22
188.0,bike_flow_1.40,bike_flow_2.5,33.01,13.29,2.48
188.0,bike_flow_1.40,bike_flow_2.6,36.78,13.29,2.77
188.0,bike_flow_1.40,car_flow_1.40,21.51,13.29,1.62
188.0,bike_flow_1.40,car_flow_1.41,21.4,13.29,1.61
188.0,bike_flow_1.40,car_flow_2.35,17.86,13.29,1.34
188.0,bike_flow_1.41,bike_flow_2.1,32.41,13.73,2.36
188.0,bike_flow_1.41,bike_flow_2.2,33.93,13.73,2.47
188.0,bike_flow_1.41,bike_flow_2.3,35.94,13.73,2.62
188.0,bike_flow_1.41,bike_flow_2.4,38.39,13.73,2.8
188.0,bike_flow_1.41,bike_flow_2.5,41.18,13.73,3.0
188.0,bike_flow_1.41,car_flow_1.41,28.87,13.73,2.1
188.0,bike_flow_1.41,car_flow_1.42,22.37,13.73,1.63
188.0,bike_flow_1.41,car_flow_2.34,18.45,13.73,1.34
188.0,bike_flow_1.41,car_flow_2.35,32.86,13.73,2.39
188.0,bike_flow_1.42,car_flow_2.33,6.73,13.33,0.51
188.0,car_flow_1.40,car_flow_2.36,30.06,12.22,2.46
188.0,car_flow_1.41,car_flow_2.35,4.99,12.7,0.39
188.0,car_flow_1.42,car_flow_2.33,36.97,12.92,2.86
188.0,car_flow_1.42,car_flow_2.34,5.28,12.92,0.41
189.0,auto_flow_1.33,bike_flow_1.42,7.6,10.46,0.73
189.0,auto_flow_1.33,car_flow_2.34,17.44,10.46,1.67
189.0,auto_flow_1.34,bike_flow_1.41,7.44,9.7,0.77
189.0,auto_flow_1.34,bike_flow_2.1,26.14,9.7,2.7
189.0,auto_flow_1.34,bike_flow_2.2,27.48,9.7,2.83
189.0,auto_flow_1.34,car_flow_1.42,14.51,9.7,1.5
189.0,auto_flow_1.34,car_flow_2.35,17.0,9.7,1.75
189.0,auto_flow_1.35,bike_flow_1.40,5.12,10.95,0.47
189.0,auto_flow_1.35,bike_flow_2.1,26.92,10.95,2.46
189.0,auto_flow_1.35,bike_flow_2.2,28.22,10.95,2.58
189.0,auto_flow_1.35,bike_flow_2.3,30.14,10.95,2.75
189.0,auto_flow_1.35,bike_flow_2.4,32.57,10.95,2.97
189.0,auto_flow_1.35,car_flow_1.40,26.92,10.95,2.46
189.0,auto_flow_1.35,car_flow_1.41,15.54,10.95,1.42
189.0,auto_flow_1.35,car_flow_2.36,31.0,10.95,2.83
189.0,bike_flow_1.39,car_flow_1.40,45.6,15.74,2.9
189.0,bike_flow_1.39,car_flow_2.36,41.46,15.74,2.63
189.0,bike_flow_1.40,bike_flow_2.1,31.59,11.2,2.82
189.0,bike_flow_1.40,bike_flow_2.2,33.14,11.2,2.96
189.0,bike_flow_1.40,car_flow_1.40,22.73,11.2,2.03
189.0,bike_flow_1.40,car_flow_1.41,19.21,11.2,1.72
189.0,bike_flow_1.40,car_flow_2.36,27.19,11.2,2.43
189.0,bike_flow_1.41,bike_flow_2.1,20.8,12.37,1.68
189.0,bike_flow_1.41,bike_flow_2.2,23.08,12.37,1.87
189.0,bike_flow_1.41,bike_flow_2.3,25.96,12.37,2.1
189.0,bike_flow_1.41,bike_flow_2.4,29.24,12.37,2.36
189.0,bike_flow_1.41,bike_flow_2.5,32.83,12.37,2.65
189.0,bike_flow_1.41,bike_flow_2.6,36.61,12.37,2.96
189.0,bike_flow_1.41,car_flow_1.41,29.89,12.37,2.42
189.0,bike_flow_1.41,car_flow_1.42,20.87,12.37,1.69
189.0,bike_flow_1.41,car_flow_2.35,10.77,12.37,0.87
189.0,bike_flow_1.42,car_flow_2.34,24.54,12.63,1.94
189.0,car_flow_1.40,car_flow_2.36,5.33,12.42,0.43
189.0,car_flow_1.41,car_flow_2.35,19.87,13.39,1.48
189.0,car_flow_1.42,car_flow_2.34,19.94,13.88,1.44
189.0,car_flow_1.42,car_flow_2.35,31.32,13.88,2.26
190.0,auto_flow_1.33,bike_flow_1.42,16.94,10.41,1.63
190.0,auto_flow_1.33,car_flow_1.43,6.9,10.41,0.66
190.0,auto_flow_1.33,car_flow_2.34,17.39,10.41,1.67
190.0,auto_flow_1.34,bike_flow_1.41,29.19,10.31,2.83
190.0,auto_flow_1.34,car_flow_1.42,9.6,10.31,0.93
190.0,auto_flow_1.34,car_flow_2.35,17.15,10.31,1.66
190.0,auto_flow_1.35,bike_flow_1.40,28.09,10.6,2.65
190.0,auto_flow_1.35,bike_flow_1.41,22.75,10.6,2.15
190.0,auto_flow_1.35,bike_flow_2.1,16.71,10.6,1.58
190.0,auto_flow_1.35,bike_flow_2.2,18.73,10.6,1.77
190.0,auto_flow_1.35,bike_flow_2.3,21.52,10.6,2.03
190.0,auto_flow_1.35,bike_flow_2.4,24.81,10.6,2.34
190.0,auto_flow_1.35,bike_flow_2.5,28.45,10.6,2.68
190.0,auto_flow_1.35,car_flow_1.41,7.41,10.6,0.7
190.0,auto_flow_1.35,car_flow_2.36,27.97,10.6,2.64
190.0,bike_flow_1.40,car_flow_1.40,21.28,13.31,1.6
190.0,bike_flow_1.40,car_flow_1.41,21.22,13.31,1.59
190.0,bike_flow_1.40,car_flow_2.36,3.2,13.31,0.24
190.0,bike_flow_1.41,bike_flow_2.1,11.21,11.98,0.94
190.0,bike_flow_1.41,bike_flow_2.2,15.04,11.98,1.26
190.0,bike_flow_1.41,bike_flow_2.3,19.16,11.98,1.6
190.0,bike_flow_1.41,bike_flow_2.4,23.42,11.98,1.95
190.0,bike_flow_1.41,bike_flow_2.5,27.76,11.98,2.32
190.0,bike_flow_1.41,bike_flow_2.6,32.15,11.98,2.68
190.0,bike_flow_1.41,car_flow_1.41,29.21,11.98,2.44
190.0,bike_flow_1.41,car_flow_1.42,19.96,11.98,1.67
190.0,bike_flow_1.41,car_flow_2.35,12.28,11.98,1.03
190.0,bike_flow_1.42,car_flow_1.43,22.74,13.11,1.73
190.0,bike_flow_1.42,car_flow_2.34,3.29,13.11,0.25
190.0,car_flow_1.40,car_flow_2.36,21.46,11.86,1.81
190.0,car_flow_1.41,car_flow_2.36,21.53,11.29,1.91
190.0,car_flow_1.42,car_flow_2.35,8.71,12.89,0.68
190.0,car_flow_1.43,car_flow_2.34,23.72,12.66,1.87
191.0,auto_flow_1.33,car_flow_1.43,17.83,10.17,1.75
191.0,auto_flow_1.33,car_flow_2.34,17.43,10.17,1.71
191.0,auto_flow_1.34,bike_flow_1.42,12.77,9.75,1.31
191.0,auto_flow_1.34,car_flow_2.35,17.0,9.75,1.74
191.0,auto_flow_1.35,bike_flow_1.41,3.26,9.99,0.33
191.0,auto_flow_1.35,bike_flow_2.1,8.07,9.99,0.81
191.0,auto_flow_1.35,bike_flow_2.2,11.69,9.99,1.17
191.0,auto_flow_1.35,bike_flow_2.3,15.78,9.99,1.58
191.0,auto_flow_1.35,bike_flow_2.4,20.04,9.99,2.01
191.0,auto_flow_1.35,bike_flow_2.5,24.39,9.99,2.44
191.0,auto_flow_1.35,bike_flow_2.6,28.79,9.99,2.88
191.0,auto_flow_1.35,car_flow_1.41,29.71,9.99,2.97
191.0,auto_flow_1.35,car_flow_1.42,20.64,9.99,2.07
191.0,auto_flow_1.35,car_flow_2.36,24.55,9.99,2.46
191.0,auto_flow_1.36,car_flow_1.40,12.3,9.92,1.24
191.0,bike_flow_1.40,car_flow_1.40,20.87,12.21,1.71
191.0,bike_flow_1.40,car_flow_1.41,20.58,12.21,1.68
191.0,bike_flow_1.40,car_flow_2.36,25.76,12.21,2.11
191.0,bike_flow_1.41,bike_flow_2.1,10.26,11.93,0.86
191.0,bike_flow_1.41,bike_flow_2.2,14.34,11.93,1.2
191.0,bike_flow_1.41,bike_flow_2.3,18.62,11.93,1.56
191.0,bike_flow_1.41,bike_flow_2.4,22.98,11.93,1.93
191.0,bike_flow_1.41,bike_flow_2.5,27.39,11.93,2.3
191.0,bike_flow_1.41,bike_flow_2.6,31.83,11.93,2.67
191.0,bike_flow_1.41,car_flow_1.41,30.14,11.93,2.53
191.0,bike_flow_1.41,car_flow_1.42,19.78,11.93,1.66
191.0,bike_flow_1.41,car_flow_2.35,33.84,11.93,2.84
191.0,bike_flow_1.41,car_flow_2.36,25.36,11.93,2.13
191.0,bike_flow_1.42,car_flow_1.43,21.88,12.62,1.73
191.0,bike_flow_1.42,car_flow_2.34,22.22,12.62,1.76
191.0,bike_flow_1.42,car_flow_2.35,29.53,12.62,2.34
191.0,car_flow_1.41,car_flow_2.36,5.92,12.86,0.46
191.0,car_flow_1.42,car_flow_2.35,14.27,12.1,1.18
191.0,car_flow_1.43,car_flow_2.34,3.2,13.48,0.24
192.0,auto_flow_1.34,bike_flow_1.42,12.15,10.74,1.13
192.0,auto_flow_1.34,car_flow_1.43,10.6,10.74,0.99
192.0,auto_flow_1.34,car_flow_2.35,18.0,10.74,1.68
192.0,auto_flow_1.35,bike_flow_1.41,22.75,10.28,2.21
192.0,auto_flow_1.35,bike_flow_2.1,7.3,10.28,0.71
192.0,auto_flow_1.35,bike_flow_2.2,11.18,10.28,1.09
192.0,auto_flow_1.35,bike_flow_2.3,15.39,10.28,1.5
192.0,auto_flow_1.35,bike_flow_2.4,19.74,10.28,1.92
192.0,auto_flow_1.35,bike_flow_2.5,24.14,10.28,2.35
192.0,auto_flow_1.35,bike_flow_2.6,28.58,10.28,2.78
192.0,auto_flow_1.35,car_flow_1.42,3.76,10.28,0.37
192.0,auto_flow_1.35,car_flow_2.36,22.4,10.28,2.18
192.0,auto_flow_1.36,bike_flow_1.40,11.01,10.91,1.01
192.0,auto_flow_1.36,car_flow_1.40,11.18,10.91,1.03
192.0,auto_flow_1.36,car_flow_1.41,29.71,10.91,2.72
192.0,auto_flow_1.36,car_flow_2.37,18.83,10.91,1.73
192.0,bike_flow_1.40,car_flow_1.40,21.25,11.3,1.88
192.0,bike_flow_1.40,car_flow_1.41,19.0,11.3,1.68
192.0,bike_flow_1.40,car_flow_2.37,29.54,11.3,2.61
192.0,bike_flow_1.41,bike_flow_2.1,20.05,12.85,1.56
192.0,bike_flow_1.41,bike_flow_2.2,22.41,12.85,1.74
192.0,bike_flow_1.41,bike_flow_2.3,25.36,12.85,1.97
192.0,bike_flow_1.41,bike_flow_2.4,28.72,12.85,2.23
192.0,bike_flow_1.41,bike_flow_2.5,32.35,12.85,2.52
192.0,bike_flow_1.41,bike_flow_2.6,36.19,12.85,2.82
192.0,bike_flow_1.41,car_flow_1.41,30.16,12.85,2.35
192.0,bike_flow_1.41,car_flow_1.42,20.55,12.85,1.6
192.0,bike_flow_1.41,car_flow_2.36,3.2,12.85,0.25
192.0,bike_flow_1.42,car_flow_1.43,21.82,13.34,1.64
192.0,bike_flow_1.42,car_flow_2.35,7.06,13.34,0.53
192.0,bike_flow_1.43,car_flow_1.43,29.88,12.2,2.45
192.0,bike_flow_1.43,car_flow_2.34,6.64,12.2,0.54
192.0,car_flow_1.40,car_flow_2.37,8.72,11.68,0.75
192.0,car_flow_1.41,car_flow_2.36,30.45,12.88,2.37
192.0,car_flow_1.42,car_flow_2.35,35.87,12.08,2.97
192.0,car_flow_1.42,car_flow_2.36,20.68,12.08,1.71
192.0,car_flow_1.43,car_flow_2.34,24.28,13.4,1.81
192.0,car_flow_1.43,car_flow_2.35,28.29,13.4,2.11
193.0,auto_flow_1.34,bike_flow_1.43,19.67,10.64,1.85
193.0,auto_flow_1.34,car_flow_1.43,13.88,10.64,1.3
193.0,auto_flow_1.34,car_flow_2.35,18.2,10.64,1.71
193.0,auto_flow_1.35,bike_flow_1.42,16.32,10.63,1.53
193.0,auto_flow_1.35,bike_flow_2.1,16.23,10.63,1.53
193.0,auto_flow_1.35,bike_flow_2.2,18.3,10.63,1.72
193.0,auto_flow_1.35,bike_flow_2.3,21.14,10.63,1.99
193.0,auto_flow_1.35,bike_flow_2.4,24.49,10.63,2.3
193.0,auto_flow_1.35,bike_flow_2.5,28.16,10.63,2.65
193.0,auto_flow_1.35,car_flow_1.42,25.52,10.63,2.4
193.0,auto_flow_1.35,car_flow_2.36,20.6,10.63,1.94
193.0,auto_flow_1.36,bike_flow_1.40,11.52,9.73,1.18
193.0,auto_flow_1.36,car_flow_1.41,8.93,9.73,0.92
193.0,auto_flow_1.36,car_flow_2.37,17.31,9.73,1.78
193.0,bike_flow_1.40,car_flow_1.40,21.79,11.87,1.84
193.0,bike_flow_1.40,car_flow_1.41,19.4,11.87,1.63
193.0,bike_flow_1.40,car_flow_2.37,7.02,11.87,0.59
193.0,bike_flow_1.41,bike_flow_2.1,32.5,13.29,2.45
193.0,bike_flow_1.41,bike_flow_2.2,34.01,13.29,2.56
193.0,bike_flow_1.41,bike_flow_2.3,36.02,13.29,2.71
193.0,bike_flow_1.41,bike_flow_2.4,38.46,13.29,2.89
193.0,bike_flow_1.41,car_flow_1.41,28.35,13.29,2.13
193.0,bike_flow_1.41,car_flow_1.42,21.13,13.29,1.59
193.0,bike_flow_1.41,car_flow_2.36,26.05,13.29,1.96
193.0,bike_flow_1.42,bike_flow_2.1,32.45,13.4,2.42
193.0,bike_flow_1.42,bike_flow_2.2,33.96,13.4,2.53
193.0,bike_flow_1.42,bike_flow_2.3,35.97,13.4,2.68
193.0,bike_flow_1.42,bike_flow_2.4,38.41,13.4,2.87
193.0,bike_flow_1.42,car_flow_1.43,22.25,13.4,1.66
193.0,bike_flow_1.42,car_flow_2.35,17.84,13.4,1.33
193.0,bike_flow_1.42,car_flow_2.36,36.75,13.4,2.74
193.0,car_flow_1.40,car_flow_2.37,15.87,12.41,1.28
193.0,car_flow_1.41,car_flow_2.37,25.84,11.48,2.25
193.0,car_flow_1.42,car_flow_2.36,5.7,12.72,0.45
193.0,car_flow_1.43,car_flow_2.35,5.68,12.97,0.44
194.0,auto_flow_1.34,bike_flow_1.43,3.75,10.81,0.35
194.0,auto_flow_1.34,car_flow_2.35,18.46,10.81,1.71
194.0,auto_flow_1.35,bike_flow_1.42,6.59,10.54,0.63
194.0,auto_flow_1.35,bike_flow_2.1,26.36,10.54,2.5
194.0,auto_flow_1.35,bike_flow_2.2,27.68,10.54,2.63
194.0,auto_flow_1.35,bike_flow_2.3,29.64,10.54,2.81
194.0,auto_flow_1.35,car_flow_1.43,15.05,10.54,1.43
194.0,auto_flow_1.35,car_flow_2.36,19.45,10.54,1.85
194.0,auto_flow_1.36,bike_flow_1.41,15.25,10.16,1.5
194.0,auto_flow_1.36,car_flow_1.41,14.51,10.16,1.43
194.0,auto_flow_1.36,car_flow_2.37,17.82,10.16,1.75
194.0,auto_flow_1.37,bike_flow_1.40,9.65,9.9,0.97
194.0,auto_flow_1.37,car_flow_1.41,26.76,9.9,2.7
194.0,auto_flow_1.37,car_flow_2.37,22.9,9.9,2.31
194.0,bike_flow_1.40,car_flow_1.41,17.47,10.4,1.68
194.0,bike_flow_1.40,car_flow_2.37,14.16,10.4,1.36
194.0,bike_flow_1.41,car_flow_1.41,29.06,11.62,2.5
194.0,bike_flow_1.41,car_flow_1.42,19.31,11.62,1.66
194.0,bike_flow_1.41,car_flow_2.37,32.89,11.62,2.83
194.0,bike_flow_1.42,bike_flow_2.1,21.86,11.23,1.95
194.0,bike_flow_1.42,bike_flow_2.2,24.05,11.23,2.14
194.0,bike_flow_1.42,bike_flow_2.3,26.82,11.23,2.39
194.0,bike_flow_1.42,bike_flow_2.4,30.01,11.23,2.67
194.0,bike_flow_1.42,bike_flow_2.5,33.51,11.23,2.98
194.0,bike_flow_1.42,car_flow_1.43,20.47,11.23,1.82
194.0,bike_flow_1.42,car_flow_2.36,14.05,11.23,1.25
194.0,bike_flow_1.43,car_flow_2.35,16.81,10.56,1.59
194.0,car_flow_1.41,car_flow_2.37,4.87,12.33,0.4
194.0,car_flow_1.42,car_flow_2.36,30.02,13.43,2.23
194.0,car_flow_1.43,car_flow_2.35,19.14,13.01,1.47
194.0,car_flow_1.43,car_flow_2.36,34.3,13.01,2.64
195.0,auto_flow_1.34,bike_flow_1.43,23.2,10.78,2.15
195.0,auto_flow_1.34,car_flow_1.44,5.73,10.78,0.53
195.0,auto_flow_1.34,car_flow_2.35,18.53,10.78,1.72
195.0,auto_flow_1.35,bike_flow_1.42,28.89,10.44,2.77
195.0,auto_flow_1.35,bike_flow_1.43,29.58,10.44,2.83
195.0,auto_flow_1.35,car_flow_1.43,8.37,10.44,0.8
195.0,auto_flow_1.35,car_flow_2.36,18.41,10.44,1.76
195.0,auto_flow_1.36,bike_flow_1.41,8.77,10.22,0.86
195.0,auto_flow_1.36,car_flow_1.42,13.05,10.22,1.28
195.0,auto_flow_1.36,car_flow_2.37,18.01,10.22,1.76
195.0,auto_flow_1.37,car_flow_1.41,7.36,9.97,0.74
195.0,auto_flow_1.37,car_flow_2.37,22.96,9.97,2.3
195.0,bike_flow_1.41,car_flow_1.41,26.17,12.85,2.04
195.0,bike_flow_1.41,car_flow_1.42,20.81,12.85,1.62
195.0,bike_flow_1.41,car_flow_2.37,10.35,12.85,0.81
195.0,bike_flow_1.42,bike_flow_2.1,11.61,12.52,0.93
195.0,bike_flow_1.42,bike_flow_2.2,15.33,12.52,1.22
195.0,bike_flow_1.42,bike_flow_2.3,19.39,12.52,1.55
195.0,bike_flow_1.42,bike_flow_2.4,23.61,12.52,1.89
195.0,bike_flow_1.42,bike_flow_2.5,27.92,12.52,2.23
195.0,bike_flow_1.42,bike_flow_2.6,32.28,12.52,2.58
195.0,bike_flow_1.42,bike_flow_2.7,36.68,12.52,2.93
195.0,bike_flow_1.42,car_flow_1.43,20.98,12.52,1.68
195.0,bike_flow_1.42,car_flow_2.36,10.79,12.52,0.86
195.0,bike_flow_1.43,car_flow_1.44,27.72,10.23,2.71
195.0,bike_flow_1.43,car_flow_2.35,5.48,10.23,0.54
195.0,car_flow_1.41,car_flow_2.37,16.64,9.97,1.67
195.0,car_flow_1.42,car_flow_2.37,30.82,11.35,2.72
195.0,car_flow_1.43,car_flow_2.36,11.15,12.0,0.93
195.0,car_flow_1.44,car_flow_2.35,23.5,11.58,2.03
196.0,auto_flow_1.35,bike_flow_1.43,10.27,9.95,1.03
196.0,auto_flow_1.35,car_flow_2.36,17.81,9.95,1.79
196.0,auto_flow_1.36,car_flow_1.42,10.57,10.09,1.05
196.0,auto_flow_1.36,car_flow_2.37,17.86,10.09,1.77
196.0,auto_flow_1.37,bike_flow_1.41,10.23,10.56,0.97
196.0,auto_flow_1.37,car_flow_1.41,15.36,10.56,1.45
196.0,auto_flow_1.37,car_flow_1.42,30.59,10.56,2.9
196.0,auto_flow_1.37,car_flow_2.37,22.63,10.56,2.14
196.0,bike_flow_1.41,car_flow_1.41,24.74,12.52,1.98
196.0,bike_flow_1.41,car_flow_1.42,20.7,12.52,1.65
196.0,bike_flow_1.41,car_flow_2.37,13.31,12.52,1.06
196.0,bike_flow_1.42,bike_flow_2.1,10.72,13.43,0.8
196.0,bike_flow_1.42,bike_flow_2.2,14.67,13.43,1.09
196.0,bike_flow_1.42,bike_flow_2.3,18.87,13.43,1.41
196.0,bike_flow_1.42,bike_flow_2.4,23.19,13.43,1.73
196.0,bike_flow_1.42,bike_flow_2.5,27.56,13.43,2.05
196.0,bike_flow_1.42,bike_flow_2.6,31.97,13.43,2.38
196.0,bike_flow_1.42,bike_flow_2.7,36.4,13.43,2.71
196.0,bike_flow_1.42,car_flow_1.43,21.57,13.43,1.61
196.0,bike_flow_1.42,car_flow_2.36,34.43,13.43,2.56
196.0,bike_flow_1.43,car_flow_1.44,26.15,9.7,2.69
196.0,bike_flow_1.43,car_flow_2.35,25.11,9.7,2.59
196.0,bike_flow_1.43,car_flow_2.36,27.76,9.7,2.86
196.0,car_flow_1.42,car_flow_2.37,8.42,12.63,0.67
196.0,car_flow_1.43,car_flow_2.36,13.1,12.84,1.02
196.0,car_flow_1.44,car_flow_2.35,3.43,11.28,0.3
197.0,auto_flow_1.35,bike_flow_1.43,10.96,10.35,1.06
197.0,auto_flow_1.35,car_flow_1.44,13.72,10.35,1.33
197.0,auto_flow_1.35,car_flow_2.36,18.08,10.35,1.75
197.0,auto_flow_1.36,bike_flow_1.42,8.41,10.6,0.79
197.0,auto_flow_1.36,bike_flow_2.1,27.46,10.6,2.59
197.0,auto_flow_1.36,bike_flow_2.2,28.73,10.6,2.71
197.0,auto_flow_1.36,bike_flow_2.3,30.62,10.6,2.89
197.0,auto_flow_1.36,car_flow_1.43,29.64,10.6,2.8
197.0,auto_flow_1.36,car_flow_2.37,18.37,10.6,1.73
197.0,auto_flow_1.37,bike_flow_1.41,14.1,10.88,1.3
197.0,auto_flow_1.37,car_flow_1.42,7.29,10.88,0.67
197.0,auto_flow_1.37,car_flow_2.37,21.86,10.88,2.01
197.0,auto_flow_1.37,car_flow_2.38,29.42,10.88,2.7
197.0,bike_flow_1.41,car_flow_1.42,20.28,12.57,1.61
197.0,bike_flow_1.41,car_flow_2.37,35.73,12.57,2.84
197.0,bike_flow_1.41,car_flow_2.38,16.01,12.57,1.27
197.0,bike_flow_1.42,bike_flow_2.1,21.06,13.11,1.61
197.0,bike_flow_1.42,bike_flow_2.2,23.32,13.11,1.78
197.0,bike_flow_1.42,bike_flow_2.3,26.17,13.11,2.0
197.0,bike_flow_1.42,bike_flow_2.4,29.43,13.11,2.25
197.0,bike_flow_1.42,bike_flow_2.5,32.99,13.11,2.52
197.0,bike_flow_1.42,bike_flow_2.6,36.75,13.11,2.8
197.0,bike_flow_1.42,car_flow_1.43,21.69,13.11,1.65
197.0,bike_flow_1.42,car_flow_2.37,26.34,13.11,2.01
197.0,bike_flow_1.43,car_flow_1.44,23.83,9.89,2.41
197.0,bike_flow_1.43,car_flow_2.36,8.24,9.89,0.83
197.0,car_flow_1.42,car_flow_2.37,15.64,13.0,1.2
197.0,car_flow_1.42,car_flow_2.38,36.11,13.0,2.78
197.0,car_flow_1.43,car_flow_2.36,35.92,12.99,2.77
197.0,car_flow_1.44,car_flow_2.35,23.54,12.21,1.93
197.0,car_flow_1.44,car_flow_2.36,31.58,12.21,2.59
198.0,auto_flow_1.35,car_flow_1.44,8.72,9.7,0.9
198.0,auto_flow_1.35,car_flow_2.36,17.61,9.7,1.82
198.0,auto_flow_1.36,bike_flow_1.42,14.35,9.66,1.49
198.0,auto_flow_1.36,bike_flow_2.1,18.12,9.66,1.88
198.0,auto_flow_1.36,bike_flow_2.2,20.0,9.66,2.07
198.0,auto_flow_1.36,bike_flow_2.3,22.63,9.66,2.34
198.0,auto_flow_1.36,bike_flow_2.4,25.78,9.66,2.67
198.0,auto_flow_1.36,car_flow_1.43,7.33,9.66,0.76
198.0,auto_flow_1.36,car_flow_2.37,17.53,9.66,1.81
198.0,auto_flow_1.37,bike_flow_1.42,25.32,10.78,2.35
198.0,auto_flow_1.37,car_flow_1.42,17.11,10.78,1.59
198.0,auto_flow_1.37,car_flow_2.37,21.58,10.78,2.0
198.0,auto_flow_1.37,car_flow_2.38,28.43,10.78,2.64
198.0,bike_flow_1.41,car_flow_1.42,20.89,13.18,1.59
198.0,bike_flow_1.41,car_flow_2.38,9.8,13.18,0.74
198.0,bike_flow_1.42,bike_flow_2.1,32.43,12.1,2.68
198.0,bike_flow_1.42,bike_flow_2.2,33.95,12.1,2.8
198.0,bike_flow_1.42,bike_flow_2.3,35.96,12.1,2.97
198.0,bike_flow_1.42,car_flow_1.43,20.58,12.1,1.7
198.0,bike_flow_1.42,car_flow_2.37,4.77,12.1,0.39
198.0,bike_flow_1.43,car_flow_1.44,21.67,9.6,2.26
198.0,bike_flow_1.43,car_flow_2.36,12.58,9.6,1.31
198.0,car_flow_1.42,car_flow_2.38,12.05,12.57,0.96
198.0,car_flow_1.43,car_flow_2.37,24.33,13.21,1.84
198.0,car_flow_1.44,car_flow_2.36,10.03,11.75,0.85
199.0,auto_flow_1.35,bike_flow_1.44,7.27,10.78,0.67
199.0,auto_flow_1.35,car_flow_1.44,30.12,10.78,2.79
199.0,auto_flow_1.35,car_flow_2.36,18.15,10.78,1.68
199.0,auto_flow_1.36,bike_flow_2.1,9.45,9.66,0.98
199.0,auto_flow_1.36,bike_flow_2.2,12.69,9.66,1.31
199.0,auto_flow_1.36,bike_flow_2.3,16.52,9.66,1.71
199.0,auto_flow_1.36,bike_flow_2.4,20.63,9.66,2.14
199.0,auto_flow_1.36,bike_flow_2.5,24.87,9.66,2.57
199.0,auto_flow_1.36,car_flow_1.43,15.43,9.66,1.6
199.0,auto_flow_1.36,car_flow_2.37,17.22,9.66,1.78
199.0,auto_flow_1.37,bike_flow_1.42,4.41,10.93,0.4
199.0,auto_flow_1.37,car_flow_1.43,22.96,10.93,2.1
199.0,auto_flow_1.37,car_flow_2.37,20.62,10.93,1.89
199.0,auto_flow_1.37,car_flow_2.38,26.0,10.93,2.38
199.0,auto_flow_1.38,car_flow_1.42,12.62,11.0,1.15
199.0,auto_flow_1.38,car_flow_2.38,27.12,11.0,2.47
199.0,bike_flow_1.42,car_flow_1.43,19.7,11.15,1.77
199.0,bike_flow_1.42,car_flow_2.37,17.87,11.15,1.6
199.0,bike_flow_1.42,car_flow_2.38,29.21,11.15,2.62
199.0,bike_flow_1.43,bike_flow_2.1,28.16,9.66,2.92
199.0,bike_flow_1.43,car_flow_1.44,20.27,9.66,2.1
199.0,bike_flow_1.44,car_flow_1.44,36.48,12.83,2.84
199.0,bike_flow_1.44,car_flow_2.36,24.89,12.83,1.94
199.0,car_flow_1.42,car_flow_2.38,15.26,13.19,1.16
199.0,car_flow_1.43,car_flow_2.37,3.84,12.03,0.32
199.0,car_flow_1.44,car_flow_2.36,12.23,11.06,1.11
200.0,auto_flow_1.35,bike_flow_1.44,17.44,10.98,1.59
200.0,auto_flow_1.35,car_flow_1.45,6.25,10.98,0.57
200.0,auto_flow_1.35,car_flow_2.36,18.6,10.98,1.69
200.0,auto_flow_1.36,bike_flow_1.43,13.08,10.78,1.21
200.0,auto_flow_1.36,bike_flow_2.1,6.56,10.78,0.61
200.0,auto_flow_1.36,bike_flow_2.2,10.7,10.78,0.99
200.0,auto_flow_1.36,bike_flow_2.3,15.06,10.78,1.4
200.0,auto_flow_1.36,bike_flow_2.4,19.48,10.78,1.81
200.0,auto_flow_1.36,bike_flow_2.5,23.93,10.78,2.22
200.0,auto_flow_1.36,bike_flow_2.6,28.39,10.78,2.63
200.0,auto_flow_1.36,car_flow_2.37,17.97,10.78,1.67
200.0,auto_flow_1.37,bike_flow_1.42,20.56,10.19,2.02
200.0,auto_flow_1.37,car_flow_1.43,3.32,10.19,0.33
200.0,auto_flow_1.37,car_flow_2.37,20.46,10.19,2.01
200.0,auto_flow_1.37,car_flow_2.38,23.0,10.19,2.26
200.0,auto_flow_1.38,car_flow_1.42,11.83,10.24,1.16
200.0,auto_flow_1.38,car_flow_2.38,30.07,10.24,2.94
200.0,bike_flow_1.42,car_flow_1.43,21.18,13.16,1.61
200.0,bike_flow_1.42,car_flow_2.38,4.18,13.16,0.32
200.0,bike_flow_1.43,bike_flow_2.1,18.24,10.79,1.69
200.0,bike_flow_1.43,bike_flow_2.2,20.81,10.79,1.93
200.0,bike_flow_1.43,bike_flow_2.3,23.96,10.79,2.22
200.0,bike_flow_1.43,bike_flow_2.4,27.49,10.79,2.55
200.0,bike_flow_1.43,bike_flow_2.5,31.26,10.79,2.9
200.0,bike_flow_1.43,car_flow_1.44,20.01,10.79,1.85
200.0,bike_flow_1.43,car_flow_2.37,30.82,10.79,2.85
200.0,bike_flow_1.44,car_flow_1.44,34.86,12.69,2.75
200.0,bike_flow_1.44,car_flow_1.45,22.51,12.69,1.77
200.0,bike_flow_1.44,car_flow_2.36,3.52,12.69,0.28
200.0,car_flow_1.43,car_flow_2.37,19.85,11.68,1.7
200.0,car_flow_1.43,car_flow_2.38,24.08,11.68,2.06
200.0,car_flow_1.45,car_flow_2.36,24.18,11.51,2.1
201.0,auto_flow_1.35,car_flow_1.45,15.33,9.56,1.6
201.0,auto_flow_1.35,car_flow_2.36,16.71,9.56,1.75
201.0,auto_flow_1.36,bike_flow_1.43,9.19,9.66,0.95
201.0,auto_flow_1.36,bike_flow_2.1,14.1,9.66,1.46
201.0,auto_flow_1.36,bike_flow_2.2,16.45,9.66,1.7
201.0,auto_flow_1.36,bike_flow_2.3,19.56,9.66,2.02
201.0,auto_flow_1.36,bike_flow_2.4,23.13,9.66,2.39
201.0,auto_flow_1.36,bike_flow_2.5,26.99,9.66,2.79
201.0,auto_flow_1.36,car_flow_1.44,12.56,9.66,1.3
201.0,auto_flow_1.36,car_flow_2.37,16.83,9.66,1.74
201.0,auto_flow_1.37,bike_flow_2.1,26.57,9.23,2.88
201.0,auto_flow_1.37,car_flow_1.43,21.65,9.23,2.34
201.0,auto_flow_1.37,car_flow_2.37,22.02,9.23,2.38
201.0,auto_flow_1.37,car_flow_2.38,20.16,9.23,2.18
201.0,auto_flow_1.38,bike_flow_1.42,10.94,9.58,1.14
201.0,auto_flow_1.38,car_flow_2.39,17.82,9.58,1.86
201.0,bike_flow_1.42,car_flow_1.43,20.85,12.72,1.64
201.0,bike_flow_1.42,car_flow_2.38,22.33,12.72,1.76
201.0,bike_flow_1.42,car_flow_2.39,28.46,12.72,2.24
201.0,bike_flow_1.43,bike_flow_2.1,9.88,11.64,0.85
201.0,bike_flow_1.43,bike_flow_2.2,14.07,11.64,1.21
201.0,bike_flow_1.43,bike_flow_2.3,18.41,11.64,1.58
201.0,bike_flow_1.43,bike_flow_2.4,22.81,11.64,1.96
201.0,bike_flow_1.43,bike_flow_2.5,27.24,11.64,2.34
201.0,bike_flow_1.43,bike_flow_2.6,31.7,11.64,2.72
201.0,bike_flow_1.43,car_flow_1.44,20.75,11.64,1.78
201.0,bike_flow_1.43,car_flow_2.37,8.82,11.64,0.76
201.0,bike_flow_1.44,car_flow_1.44,32.39,13.36,2.42
201.0,bike_flow_1.44,car_flow_1.45,25.07,13.36,1.88
201.0,bike_flow_1.44,car_flow_2.36,23.57,13.36,1.76
201.0,car_flow_1.43,car_flow_2.38,3.44,13.04,0.26
201.0,car_flow_1.44,car_flow_2.37,29.15,10.89,2.68
201.0,car_flow_1.45,car_flow_2.36,3.63,10.8,0.34
202.0,auto_flow_1.36,bike_flow_1.43,30.29,10.12,2.99
202.0,auto_flow_1.36,bike_flow_1.44,21.43,10.12,2.12
202.0,auto_flow_1.36,bike_flow_2.1,23.72,10.12,2.34
202.0,auto_flow_1.36,bike_flow_2.2,25.18,10.12,2.49
202.0,auto_flow_1.36,bike_flow_2.3,27.32,10.12,2.7
202.0,auto_flow_1.36,bike_flow_2.4,29.98,10.12,2.96
202.0,auto_flow_1.36,car_flow_1.44,10.2,10.12,1.01
202.0,auto_flow_1.36,car_flow_2.37,17.68,10.12,1.75
202.0,auto_flow_1.37,bike_flow_1.43,9.31,10.12,0.92
202.0,auto_flow_1.37,bike_flow_2.1,16.83,10.12,1.66
202.0,auto_flow_1.37,bike_flow_2.2,18.84,10.12,1.86
202.0,auto_flow_1.37,bike_flow_2.3,21.61,10.12,2.14
202.0,auto_flow_1.37,bike_flow_2.4,24.89,10.12,2.46
202.0,auto_flow_1.37,bike_flow_2.5,28.51,10.12,2.82
202.0,auto_flow_1.37,car_flow_1.44,29.35,10.12,2.9
202.0,auto_flow_1.37,car_flow_2.37,21.19,10.12,2.09
202.0,auto_flow_1.37,car_flow_2.38,19.64,10.12,1.94
202.0,auto_flow_1.38,bike_flow_1.42,12.48,10.91,1.14
202.0,auto_flow_1.38,car_flow_1.43,8.42,10.91,0.77
202.0,auto_flow_1.38,car_flow_2.38,32.28,10.91,2.96
202.0,auto_flow_1.38,car_flow_2.39,18.46,10.91,1.69
202.0,bike_flow_1.42,car_flow_1.43,19.85,11.61,1.71
202.0,bike_flow_1.42,car_flow_2.39,7.15,11.61,0.62
202.0,bike_flow_1.43,bike_flow_2.1,11.39,11.39,1.0
202.0,bike_flow_1.43,bike_flow_2.2,15.17,11.39,1.33
202.0,bike_flow_1.43,bike_flow_2.3,19.26,11.39,1.69
202.0,bike_flow_1.43,bike_flow_2.4,23.5,11.39,2.06
202.0,bike_flow_1.43,bike_flow_2.5,27.83,11.39,2.44
202.0,bike_flow_1.43,bike_flow_2.6,32.2,11.39,2.83
202.0,bike_flow_1.43,car_flow_1.44,20.44,11.39,1.79
202.0,bike_flow_1.43,car_flow_2.37,12.85,11.39,1.13
202.0,bike_flow_1.43,car_flow_2.38,28.56,11.39,2.51
202.0,bike_flow_1.44,car_flow_1.44,30.87,13.22,2.34
202.0,bike_flow_1.44,car_flow_1.45,27.35,13.22,2.07
202.0,bike_flow_1.44,car_flow_2.37,38.99,13.22,2.95
202.0,bike_flow_1.45,car_flow_1.45,24.74,11.95,2.07
202.0,bike_flow_1.45,car_flow_2.36,7.06,11.95,0.59
202.0,car_flow_1.43,car_flow_2.38,24.7,12.61,1.96
202.0,car_flow_1.43,car_flow_2.39,26.45,12.61,2.1
202.0,car_flow_1.44,car_flow_2.37,8.6,11.7,0.74
202.0,car_flow_1.45,car_flow_2.36,18.72,10.94,1.71
203.0,auto_flow_1.36,bike_flow_1.44,3.72,10.75,0.35
203.0,auto_flow_1.36,car_flow_1.44,31.93,10.75,2.97
203.0,auto_flow_1.36,car_flow_1.45,26.76,10.75,2.49
203.0,auto_flow_1.36,car_flow_2.37,17.87,10.75,1.66
203.0,auto_flow_1.37,bike_flow_1.43,11.36,9.96,1.14
203.0,auto_flow_1.37,bike_flow_2.1,8.19,9.96,0.82
203.0,auto_flow_1.37,bike_flow_2.2,11.78,9.96,1.18
203.0,auto_flow_1.37,bike_flow_2.3,15.84,9.96,1.59
203.0,auto_flow_1.37,bike_flow_2.4,20.08,9.96,2.02
203.0,auto_flow_1.37,bike_flow_2.5,24.42,9.96,2.45
203.0,auto_flow_1.37,bike_flow_2.6,28.81,9.96,2.89
203.0,auto_flow_1.37,car_flow_1.44,8.51,9.96,0.85
203.0,auto_flow_1.37,car_flow_2.37,21.78,9.96,2.19
203.0,auto_flow_1.37,car_flow_2.38,18.7,9.96,1.88
203.0,auto_flow_1.38,car_flow_1.43,14.49,9.71,1.49
203.0,auto_flow_1.38,car_flow_2.39,17.57,9.71,1.81
203.0,bike_flow_1.42,car_flow_1.43,20.84,13.21,1.58
203.0,bike_flow_1.42,car_flow_2.39,17.71,13.21,1.34
203.0,bike_flow_1.43,bike_flow_2.1,19.0,9.68,1.96
203.0,bike_flow_1.43,bike_flow_2.2,21.48,9.68,2.22
203.0,bike_flow_1.43,bike_flow_2.3,24.54,9.68,2.53
203.0,bike_flow_1.43,bike_flow_2.4,27.99,9.68,2.89
203.0,bike_flow_1.43,car_flow_1.44,18.78,9.68,1.94
203.0,bike_flow_1.43,car_flow_2.38,8.43,9.68,0.87
203.0,bike_flow_1.44,bike_flow_2.1,33.09,12.34,2.68
203.0,bike_flow_1.44,bike_flow_2.2,34.57,12.34,2.8
203.0,bike_flow_1.44,bike_flow_2.3,36.55,12.34,2.96
203.0,bike_flow_1.44,car_flow_1.44,29.87,12.34,2.42
203.0,bike_flow_1.44,car_flow_1.45,28.47,12.34,2.31
203.0,bike_flow_1.44,car_flow_2.37,16.28,12.34,1.32
203.0,bike_flow_1.45,car_flow_1.45,24.54,11.42,2.15
203.0,car_flow_1.43,car_flow_2.39,4.69,12.22,0.38
203.0,car_flow_1.44,car_flow_2.37,14.27,11.33,1.26
203.0,car_flow_1.44,car_flow_2.38,26.77,11.33,2.36
204.0,auto_flow_1.36,bike_flow_1.44,25.61,10.79,2.37
204.0,auto_flow_1.36,bike_flow_1.45,29.13,10.79,2.7
204.0,auto_flow_1.36,car_flow_1.45,5.96,10.79,0.55
204.0,auto_flow_1.36,car_flow_2.37,18.28,10.79,1.69
204.0,auto_flow_1.37,bike_flow_1.44,15.73,9.63,1.63
204.0,auto_flow_1.37,bike_flow_2.1,6.82,9.63,0.71
204.0,auto_flow_1.37,bike_flow_2.2,10.87,9.63,1.13
204.0,auto_flow_1.37,bike_flow_2.3,15.17,9.63,1.58
204.0,auto_flow_1.37,bike_flow_2.4,19.57,9.63,2.03
204.0,auto_flow_1.37,bike_flow_2.5,24.0,9.63,2.49
204.0,auto_flow_1.37,bike_flow_2.6,28.45,9.63,2.96
204.0,auto_flow_1.37,car_flow_1.44,12.04,9.63,1.25
204.0,auto_flow_1.37,car_flow_2.37,22.54,9.63,2.34
204.0,auto_flow_1.37,car_flow_2.38,17.5,9.63,1.82
204.0,auto_flow_1.38,bike_flow_1.43,20.46,9.63,2.12
204.0,auto_flow_1.38,car_flow_2.39,17.04,9.63,1.77
204.0,bike_flow_1.43,bike_flow_2.1,29.59,11.44,2.59
204.0,bike_flow_1.43,bike_flow_2.2,31.24,11.44,2.73
204.0,bike_flow_1.43,bike_flow_2.3,33.42,11.44,2.92
204.0,bike_flow_1.43,car_flow_1.44,20.35,11.44,1.78
204.0,bike_flow_1.43,car_flow_2.38,14.81,11.44,1.3
204.0,bike_flow_1.44,bike_flow_2.1,21.12,12.72,1.66
204.0,bike_flow_1.44,bike_flow_2.2,23.37,12.72,1.84
204.0,bike_flow_1.44,bike_flow_2.3,26.21,12.72,2.06
204.0,bike_flow_1.44,bike_flow_2.4,29.47,12.72,2.32
204.0,bike_flow_1.44,bike_flow_2.5,33.02,12.72,2.6
204.0,bike_flow_1.44,bike_flow_2.6,36.78,12.72,2.89
204.0,bike_flow_1.44,car_flow_1.44,27.01,12.72,2.12
204.0,bike_flow_1.44,car_flow_1.45,30.44,12.72,2.39
204.0,bike_flow_1.44,car_flow_2.37,7.82,12.72,0.61
204.0,bike_flow_1.44,car_flow_2.38,33.06,12.72,2.6
204.0,bike_flow_1.45,car_flow_1.45,23.93,11.36,2.11
204.0,bike_flow_1.45,car_flow_1.46,19.78,11.36,1.74
204.0,car_flow_1.43,car_flow_2.39,20.56,13.59,1.51
204.0,car_flow_1.44,car_flow_2.38,6.7,9.87,0.68
204.0,car_flow_1.45,car_flow_2.37,23.52,10.75,2.19
205.0,auto_flow_1.36,bike_flow_1.45,8.36,9.8,0.85
205.0,auto_flow_1.36,car_flow_1.45,16.62,9.8,1.7
205.0,auto_flow_1.36,car_flow_1.46,27.55,9.8,2.81
205.0,auto_flow_1.36,car_flow_2.37,17.49,9.8,1.78
205.0,auto_flow_1.37,bike_flow_1.44,7.33,10.7,0.68
205.0,auto_flow_1.37,bike_flow_2.1,15.53,10.7,1.45
205.0,auto_flow_1.37,bike_flow_2.2,17.69,10.7,1.65
205.0,auto_flow_1.37,bike_flow_2.3,20.61,10.7,1.93
205.0,auto_flow_1.37,bike_flow_2.4,24.03,10.7,2.25
205.0,auto_flow_1.37,bike_flow_2.5,27.76,10.7,2.59
205.0,auto_flow_1.37,bike_flow_2.6,31.69,10.7,2.96
205.0,auto_flow_1.37,car_flow_1.45,23.82,10.7,2.23
205.0,auto_flow_1.37,car_flow_2.37,22.43,10.7,2.1
205.0,auto_flow_1.37,car_flow_2.38,17.95,10.7,1.68
205.0,auto_flow_1.38,bike_flow_1.43,3.73,10.29,0.36
205.0,auto_flow_1.38,car_flow_1.44,19.44,10.29,1.89
205.0,auto_flow_1.38,car_flow_2.39,17.87,10.29,1.74
205.0,bike_flow_1.43,car_flow_1.44,21.08,11.83,1.78
205.0,bike_flow_1.43,car_flow_2.39,16.28,11.83,1.38
205.0,bike_flow_1.44,bike_flow_2.1,11.87,11.29,1.05
205.0,bike_flow_1.44,bike_flow_2.2,15.54,11.29,1.38
205.0,bike_flow_1.44,bike_flow_2.3,19.55,11.29,1.73
205.0,bike_flow_1.44,bike_flow_2.4,23.74,11.29,2.1
205.0,bike_flow_1.44,bike_flow_2.5,28.03,11.29,2.48
205.0,bike_flow_1.44,bike_flow_2.6,32.37,11.29,2.87
205.0,bike_flow_1.44,car_flow_1.44,26.82,11.29,2.38
205.0,bike_flow_1.44,car_flow_1.45,30.19,11.29,2.67
205.0,bike_flow_1.44,car_flow_2.37,29.19,11.29,2.59
205.0,bike_flow_1.44,car_flow_2.38,11.8,11.29,1.05
205.0,bike_flow_1.45,car_flow_1.45,24.04,11.43,2.1
205.0,bike_flow_1.45,car_flow_1.46,19.64,11.43,1.72
205.0,bike_flow_1.45,car_flow_2.37,25.41,11.43,2.22
205.0,car_flow_1.44,car_flow_2.38,15.79,11.1,1.42
205.0,car_flow_1.45,car_flow_2.37,3.41,11.54,0.3
206.0,auto_flow_1.36,bike_flow_1.45,14.92,9.99,1.49
206.0,auto_flow_1.36,car_flow_1.46,6.21,9.99,0.62
206.0,auto_flow_1.36,car_flow_2.37,17.76,9.99,1.78
206.0,auto_flow_1.37,bike_flow_1.44,28.08,10.07,2.79
206.0,auto_flow_1.37,bike_flow_1.45,25.47,10.07,2.53
206.0,auto_flow_1.37,bike_flow_2.1,25.17,10.07,2.5
206.0,auto_flow_1.37,bike_flow_2.2,26.55,10.07,2.64
206.0,auto_flow_1.37,bike_flow_2.3,28.58,10.07,2.84
206.0,auto_flow_1.37,car_flow_1.45,4.06,10.07,0.4
206.0,auto_flow_1.37,car_flow_2.37,22.08,10.07,2.19
206.0,auto_flow_1.37,car_flow_2.38,17.24,10.07,1.71
206.0,auto_flow_1.38,bike_flow_1.43,23.13,10.68,2.17
206.0,auto_flow_1.38,bike_flow_1.44,24.28,10.68,2.27
206.0,auto_flow_1.38,bike_flow_2.1,28.04,10.68,2.62
206.0,auto_flow_1.38,bike_flow_2.2,29.29,10.68,2.74
206.0,auto_flow_1.38,bike_flow_2.3,31.14,10.68,2.92
206.0,auto_flow_1.38,car_flow_1.44,4.39,10.68,0.41
206.0,auto_flow_1.38,car_flow_2.39,18.32,10.68,1.72
206.0,bike_flow_1.43,car_flow_1.44,19.9,10.32,1.93
206.0,bike_flow_1.43,car_flow_2.39,5.59,10.32,0.54
206.0,bike_flow_1.44,bike_flow_2.1,9.52,11.24,0.85
206.0,bike_flow_1.44,bike_flow_2.2,13.82,11.24,1.23
206.0,bike_flow_1.44,bike_flow_2.3,18.22,11.24,1.62
206.0,bike_flow_1.44,bike_flow_2.4,22.66,11.24,2.02
206.0,bike_flow_1.44,bike_flow_2.5,27.12,11.24,2.41
206.0,bike_flow_1.44,bike_flow_2.6,31.59,11.24,2.81
206.0,bike_flow_1.44,car_flow_1.44,27.08,11.24,2.41
206.0,bike_flow_1.44,car_flow_1.45,30.39,11.24,2.7
206.0,bike_flow_1.44,car_flow_2.38,11.13,11.24,0.99
206.0,bike_flow_1.45,car_flow_1.45,22.77,12.31,1.85
206.0,bike_flow_1.45,car_flow_1.46,19.9,12.31,1.62
206.0,bike_flow_1.45,car_flow_2.37,4.52,12.31,0.37
206.0,bike_flow_1.46,car_flow_1.46,26.62,11.8,2.26
206.0,car_flow_1.44,car_flow_2.39,15.65,11.5,1.36
206.0,car_flow_1.45,car_flow_2.37,19.84,11.04,1.8
206.0,car_flow_1.45,car_flow_2.38,19.99,11.04,1.81
206.0,car_flow_1.46,car_flow_2.37,23.31,12.05,1.93
207.0,auto_flow_1.36,bike_flow_1.46,10.58,10.46,1.01
207.0,auto_flow_1.36,car_flow_1.46,17.94,10.46,1.72
207.0,auto_flow_1.36,car_flow_2.37,18.16,10.46,1.74
207.0,auto_flow_1.37,bike_flow_1.45,5.9,9.71,0.61
207.0,auto_flow_1.37,car_flow_1.45,18.61,9.71,1.92
207.0,auto_flow_1.37,car_flow_1.46,23.15,9.71,2.38
207.0,auto_flow_1.37,car_flow_2.37,22.42,9.71,2.31
207.0,auto_flow_1.37,car_flow_2.38,17.22,9.71,1.77
207.0,auto_flow_1.38,bike_flow_1.44,3.25,10.87,0.3
207.0,auto_flow_1.38,bike_flow_2.1,17.54,10.87,1.61
207.0,auto_flow_1.38,bike_flow_2.2,19.48,10.87,1.79
207.0,auto_flow_1.38,bike_flow_2.3,22.17,10.87,2.04
207.0,auto_flow_1.38,bike_flow_2.4,25.38,10.87,2.34
207.0,auto_flow_1.38,bike_flow_2.5,28.93,10.87,2.66
207.0,auto_flow_1.38,car_flow_1.44,25.15,10.87,2.31
207.0,auto_flow_1.38,car_flow_2.39,18.42,10.87,1.7
207.0,auto_flow_1.39,bike_flow_1.43,28.54,9.99,2.86
207.0,bike_flow_1.43,car_flow_1.44,18.62,9.78,1.9
207.0,bike_flow_1.43,car_flow_2.39,25.34,9.78,2.59
207.0,bike_flow_1.44,bike_flow_2.1,18.31,12.61,1.45
207.0,bike_flow_1.44,bike_flow_2.2,20.87,12.61,1.65
207.0,bike_flow_1.44,bike_flow_2.3,24.01,12.61,1.9
207.0,bike_flow_1.44,bike_flow_2.4,27.53,12.61,2.18
207.0,bike_flow_1.44,bike_flow_2.5,31.3,12.61,2.48
207.0,bike_flow_1.44,bike_flow_2.6,35.25,12.61,2.79
207.0,bike_flow_1.44,car_flow_1.44,25.54,12.61,2.02
207.0,bike_flow_1.44,car_flow_1.45,31.9,12.61,2.53
207.0,bike_flow_1.44,car_flow_2.38,33.16,12.61,2.63
207.0,bike_flow_1.44,car_flow_2.39,19.28,12.61,1.53
207.0,bike_flow_1.45,car_flow_1.45,23.29,10.59,2.2
207.0,bike_flow_1.45,car_flow_1.46,17.97,10.59,1.7
207.0,bike_flow_1.45,car_flow_2.37,17.75,10.59,1.68
207.0,bike_flow_1.45,car_flow_2.38,22.41,10.59,2.12
207.0,bike_flow_1.46,car_flow_1.46,27.73,11.41,2.43
207.0,bike_flow_1.46,car_flow_2.37,28.43,11.41,2.49
207.0,car_flow_1.44,car_flow_2.39,7.27,11.07,0.66
207.0,car_flow_1.45,car_flow_2.38,3.39,11.11,0.3
207.0,car_flow_1.46,car_flow_2.37,3.24,12.52,0.26
208.0,auto_flow_1.36,bike_flow_1.46,13.66,10.55,1.29
208.0,auto_flow_1.36,car_flow_1.47,8.56,10.55,0.81
208.0,auto_flow_1.36,car_flow_2.37,17.75,10.55,1.68
208.0,auto_flow_1.37,bike_flow_1.45,16.64,10.1,1.65
208.0,auto_flow_1.37,bike_flow_1.46,27.94,10.1,2.76
208.0,auto_flow_1.37,car_flow_1.46,4.08,10.1,0.4
208.0,auto_flow_1.37,car_flow_2.37,23.27,10.1,2.3
208.0,auto_flow_1.37,car_flow_2.38,17.59,10.1,1.74
208.0,auto_flow_1.38,bike_flow_1.44,23.5,10.8,2.18
208.0,auto_flow_1.38,bike_flow_2.1,8.12,10.8,0.75
208.0,auto_flow_1.38,bike_flow_2.2,11.73,10.8,1.09
208.0,auto_flow_1.38,bike_flow_2.3,15.8,10.8,1.46
208.0,auto_flow_1.38,bike_flow_2.4,20.06,10.8,1.86
208.0,auto_flow_1.38,bike_flow_2.5,24.4,10.8,2.26
208.0,auto_flow_1.38,bike_flow_2.6,28.79,10.8,2.67
208.0,auto_flow_1.38,car_flow_1.45,11.48,10.8,1.06
208.0,auto_flow_1.38,car_flow_2.39,18.64,10.8,1.73
208.0,auto_flow_1.39,bike_flow_1.43,9.33,9.95,0.94
208.0,auto_flow_1.39,car_flow_1.44,27.12,9.95,2.72
208.0,auto_flow_1.39,car_flow_2.40,17.94,9.95,1.8
208.0,bike_flow_1.43,car_flow_1.44,18.16,9.64,1.88
208.0,bike_flow_1.43,car_flow_2.40,26.9,9.64,2.79
208.0,bike_flow_1.44,bike_flow_2.1,30.4,13.07,2.33
208.0,bike_flow_1.44,bike_flow_2.2,32.01,13.07,2.45
208.0,bike_flow_1.44,bike_flow_2.3,34.14,13.07,2.61
208.0,bike_flow_1.44,bike_flow_2.4,36.7,13.07,2.81
208.0,bike_flow_1.44,car_flow_1.44,22.56,13.07,1.73
208.0,bike_flow_1.44,car_flow_1.45,34.31,13.07,2.62
208.0,bike_flow_1.44,car_flow_2.39,5.64,13.07,0.43
208.0,bike_flow_1.45,bike_flow_2.1,29.39,11.18,2.63
208.0,bike_flow_1.45,bike_flow_2.2,31.05,11.18,2.78
208.0,bike_flow_1.45,bike_flow_2.3,33.24,11.18,2.97
208.0,bike_flow_1.45,car_flow_1.45,22.77,11.18,2.04
208.0,bike_flow_1.45,car_flow_1.46,18.86,11.18,1.69
208.0,bike_flow_1.45,car_flow_2.38,3.44,11.18,0.31
208.0,bike_flow_1.46,car_flow_1.46,25.22,12.81,1.97
208.0,bike_flow_1.46,car_flow_1.47,21.22,12.81,1.66
208.0,bike_flow_1.46,car_flow_2.37,5.5,12.81,0.43
208.0,car_flow_1.44,car_flow_2.39,27.39,10.09,2.71
208.0,car_flow_1.45,car_flow_2.38,21.74,10.66,2.04
208.0,car_flow_1.45,car_flow_2.39,29.84,10.66,2.8
208.0,car_flow_1.46,car_flow_2.37,20.99,10.3,2.04
208.0,car_flow_1.46,car_flow_2.38,20.37,10.3,1.98
208.0,car_flow_1.47,car_flow_2.37,25.89,11.43,2.27
209.0,auto_flow_1.36,car_flow_1.47,15.71,10.34,1.52
209.0,auto_flow_1.36,car_flow_2.37,17.26,10.34,1.67
209.0,auto_flow_1.37,bike_flow_1.46,6.22,10.19,0.61
209.0,auto_flow_1.37,car_flow_1.46,19.15,10.19,1.88
209.0,auto_flow_1.37,car_flow_1.47,26.0,10.19,2.55
209.0,auto_flow_1.37,car_flow_2.37,23.92,10.19,2.35
209.0,auto_flow_1.37,car_flow_2.38,17.09,10.19,1.68
209.0,auto_flow_1.38,bike_flow_1.45,11.95,10.21,1.17
209.0,auto_flow_1.38,bike_flow_2.1,7.21,10.21,0.71
209.0,auto_flow_1.38,bike_flow_2.2,11.12,10.21,1.09
209.0,auto_flow_1.38,bike_flow_2.3,15.35,10.21,1.5
209.0,auto_flow_1.38,bike_flow_2.4,19.71,10.21,1.93
209.0,auto_flow_1.38,bike_flow_2.5,24.11,10.21,2.36
209.0,auto_flow_1.38,bike_flow_2.6,28.55,10.21,2.8
209.0,auto_flow_1.38,car_flow_1.45,10.6,10.21,1.04
209.0,auto_flow_1.38,car_flow_2.39,17.54,10.21,1.72
209.0,auto_flow_1.39,bike_flow_1.43,13.03,9.87,1.32
209.0,auto_flow_1.39,bike_flow_1.44,28.86,9.87,2.92
209.0,auto_flow_1.39,car_flow_1.44,7.42,9.87,0.75
209.0,auto_flow_1.39,car_flow_2.40,17.58,9.87,1.78
209.0,bike_flow_1.43,car_flow_1.44,19.33,11.53,1.68
209.0,bike_flow_1.43,car_flow_2.40,5.89,11.53,0.51
209.0,bike_flow_1.44,car_flow_1.44,21.99,10.93,2.01
209.0,bike_flow_1.44,car_flow_2.39,27.07,10.93,2.48
209.0,bike_flow_1.45,bike_flow_2.1,18.25,12.08,1.51
209.0,bike_flow_1.45,bike_flow_2.2,20.82,12.08,1.72
209.0,bike_flow_1.45,bike_flow_2.3,23.96,12.08,1.98
209.0,bike_flow_1.45,bike_flow_2.4,27.49,12.08,2.28
209.0,bike_flow_1.45,bike_flow_2.5,31.27,12.08,2.59
209.0,bike_flow_1.45,bike_flow_2.6,35.22,12.08,2.92
209.0,bike_flow_1.45,car_flow_1.45,21.62,12.08,1.79
209.0,bike_flow_1.45,car_flow_1.46,19.71,12.08,1.63
209.0,bike_flow_1.45,car_flow_2.38,21.73,12.08,1.8
209.0,bike_flow_1.45,car_flow_2.39,29.23,12.08,2.42
209.0,bike_flow_1.46,car_flow_1.46,24.22,12.23,1.98
209.0,bike_flow_1.46,car_flow_1.47,20.47,12.23,1.67
209.0,bike_flow_1.46,car_flow_2.37,18.86,12.23,1.54
209.0,bike_flow_1.46,car_flow_2.38,22.66,12.23,1.85
209.0,car_flow_1.44,car_flow_2.40,24.48,10.36,2.36
209.0,car_flow_1.45,car_flow_2.39,8.09,10.92,0.74
209.0,car_flow_1.46,car_flow_2.38,3.67,11.23,0.33
209.0,car_flow_1.47,car_flow_2.37,3.71,12.98,0.29
210.0,auto_flow_1.37,bike_flow_1.46,17.18,9.91,1.73
210.0,auto_flow_1.37,car_flow_1.47,4.81,9.91,0.49
210.0,auto_flow_1.37,car_flow_2.37,24.27,9.91,2.45
210.0,auto_flow_1.37,car_flow_2.38,16.94,9.91,1.71
210.0,auto_flow_1.38,bike_flow_1.45,11.66,10.8,1.08
210.0,auto_flow_1.38,bike_flow_2.1,16.26,10.8,1.5
210.0,auto_flow_1.38,bike_flow_2.2,18.33,10.8,1.7
210.0,auto_flow_1.38,bike_flow_2.3,21.17,10.8,1.96
210.0,auto_flow_1.38,bike_flow_2.4,24.51,10.8,2.27
210.0,auto_flow_1.38,bike_flow_2.5,28.17,10.8,2.61
210.0,auto_flow_1.38,bike_flow_2.6,32.05,10.8,2.97
210.0,auto_flow_1.38,car_flow_1.45,32.06,10.8,2.97
210.0,auto_flow_1.38,car_flow_1.46,8.59,10.8,0.8
210.0,auto_flow_1.38,car_flow_2.38,32.27,10.8,2.99
210.0,auto_flow_1.38,car_flow_2.39,18.14,10.8,1.68
210.0,auto_flow_1.39,bike_flow_1.44,9.21,10.64,0.87
210.0,auto_flow_1.39,car_flow_1.44,15.84,10.64,1.49
210.0,auto_flow_1.39,car_flow_2.40,17.7,10.64,1.66
210.0,auto_flow_1.40,bike_flow_1.43,7.11,10.58,0.67
210.0,auto_flow_1.40,car_flow_1.44,25.15,10.58,2.38
210.0,auto_flow_1.40,car_flow_2.40,22.76,10.58,2.15
210.0,bike_flow_1.43,car_flow_1.44,18.6,10.84,1.72
210.0,bike_flow_1.43,car_flow_2.40,16.72,10.84,1.54
210.0,bike_flow_1.44,car_flow_1.44,24.15,9.4,2.57
210.0,bike_flow_1.44,car_flow_2.40,26.53,9.4,2.82
210.0,bike_flow_1.45,bike_flow_2.1,9.77,11.91,0.82
210.0,bike_flow_1.45,bike_flow_2.2,13.99,11.91,1.17
210.0,bike_flow_1.45,bike_flow_2.3,18.35,11.91,1.54
210.0,bike_flow_1.45,bike_flow_2.4,22.76,11.91,1.91
210.0,bike_flow_1.45,bike_flow_2.5,27.2,11.91,2.28
210.0,bike_flow_1.45,bike_flow_2.6,31.66,11.91,2.66
210.0,bike_flow_1.45,car_flow_1.45,20.69,11.91,1.74
210.0,bike_flow_1.45,car_flow_1.46,19.18,11.91,1.61
210.0,bike_flow_1.45,car_flow_2.39,7.64,11.91,0.64
210.0,bike_flow_1.46,car_flow_1.46,24.35,12.3,1.98
210.0,bike_flow_1.46,car_flow_1.47,20.48,12.3,1.66
210.0,bike_flow_1.46,car_flow_2.38,3.2,12.3,0.26
210.0,bike_flow_1.47,car_flow_1.47,28.27,12.05,2.35
210.0,bike_flow_1.47,car_flow_2.37,8.24,12.05,0.68
210.0,car_flow_1.44,car_flow_2.40,3.87,11.57,0.34
210.0,car_flow_1.45,car_flow_2.39,14.12,10.99,1.29
210.0,car_flow_1.46,car_flow_2.38,24.5,12.43,1.97
210.0,car_flow_1.46,car_flow_2.39,26.31,12.43,2.12
210.0,car_flow_1.47,car_flow_2.37,20.92,12.29,1.7
210.0,car_flow_1.47,car_flow_2.38,20.79,12.29,1.69
211.0,auto_flow_1.37,bike_flow_1.47,12.06,10.39,1.16
211.0,auto_flow_1.37,car_flow_1.47,19.84,10.39,1.91
211.0,auto_flow_1.37,car_flow_2.38,17.75,10.39,1.71
211.0,auto_flow_1.38,bike_flow_1.46,10.41,10.83,0.96
211.0,auto_flow_1.38,bike_flow_2.1,26.68,10.83,2.46
211.0,auto_flow_1.38,bike_flow_2.2,27.99,10.83,2.58
211.0,auto_flow_1.38,bike_flow_2.3,29.92,10.83,2.76
211.0,auto_flow_1.38,bike_flow_2.4,32.37,10.83,2.99
211.0,auto_flow_1.38,car_flow_1.46,15.0,10.83,1.38
211.0,auto_flow_1.38,car_flow_1.47,29.36,10.83,2.71
211.0,auto_flow_1.38,car_flow_2.38,31.02,10.83,2.86
211.0,auto_flow_1.38,car_flow_2.39,17.84,10.83,1.65
211.0,auto_flow_1.39,bike_flow_1.44,11.9,9.59,1.24
211.0,auto_flow_1.39,car_flow_1.45,20.54,9.59,2.14
211.0,auto_flow_1.39,car_flow_2.40,16.17,9.59,1.69
211.0,auto_flow_1.40,bike_flow_1.44,28.33,10.44,2.71
211.0,auto_flow_1.40,car_flow_1.44,4.52,10.44,0.43
211.0,auto_flow_1.40,car_flow_2.40,23.44,10.44,2.25
211.0,bike_flow_1.44,car_flow_1.44,24.96,10.51,2.37
211.0,bike_flow_1.44,car_flow_2.40,5.69,10.51,0.54
211.0,bike_flow_1.45,bike_flow_2.1,11.59,11.43,1.01
211.0,bike_flow_1.45,bike_flow_2.2,15.32,11.43,1.34
211.0,bike_flow_1.45,bike_flow_2.3,19.38,11.43,1.69
211.0,bike_flow_1.45,bike_flow_2.4,23.6,11.43,2.06
211.0,bike_flow_1.45,bike_flow_2.5,27.91,11.43,2.44
211.0,bike_flow_1.45,bike_flow_2.6,32.27,11.43,2.82
211.0,bike_flow_1.45,car_flow_1.45,20.75,11.43,1.81
211.0,bike_flow_1.45,car_flow_1.46,18.82,11.43,1.65
211.0,bike_flow_1.45,car_flow_2.39,15.96,11.43,1.4
211.0,bike_flow_1.46,car_flow_1.46,24.56,11.59,2.12
211.0,bike_flow_1.46,car_flow_1.47,19.28,11.59,1.66
211.0,bike_flow_1.46,car_flow_2.38,21.35,11.59,1.84
211.0,bike_flow_1.46,car_flow_2.39,27.93,11.59,2.41
211.0,car_flow_1.44,car_flow_2.40,20.5,11.32,1.81
211.0,car_flow_1.46,car_flow_2.39,4.51,11.8,0.38
211.0,car_flow_1.47,car_flow_2.38,3.69,12.78,0.29
212.0,auto_flow_1.37,bike_flow_1.47,9.66,10.47,0.92
212.0,auto_flow_1.37,car_flow_2.38,17.61,10.47,1.68
212.0,auto_flow_1.38,bike_flow_1.46,12.22,10.24,1.19
212.0,auto_flow_1.38,car_flow_1.47,7.79,10.24,0.76
212.0,auto_flow_1.38,car_flow_2.39,17.34,10.24,1.69
212.0,auto_flow_1.39,bike_flow_1.45,18.84,10.64,1.77
212.0,auto_flow_1.39,car_flow_1.45,3.6,10.64,0.34
212.0,auto_flow_1.39,car_flow_2.40,17.22,10.64,1.62
212.0,auto_flow_1.40,bike_flow_1.44,6.98,10.3,0.68
212.0,auto_flow_1.40,car_flow_1.44,18.71,10.3,1.82
212.0,auto_flow_1.40,car_flow_2.40,22.73,10.3,2.21
212.0,bike_flow_1.44,car_flow_1.44,24.64,11.64,2.12
212.0,bike_flow_1.44,car_flow_1.45,32.09,11.64,2.76
212.0,bike_flow_1.44,car_flow_2.40,16.83,11.64,1.45
212.0,bike_flow_1.45,bike_flow_2.1,21.2,11.83,1.79
212.0,bike_flow_1.45,bike_flow_2.2,23.45,11.83,1.98
212.0,bike_flow_1.45,bike_flow_2.3,26.28,11.83,2.22
212.0,bike_flow_1.45,bike_flow_2.4,29.53,11.83,2.5
212.0,bike_flow_1.45,bike_flow_2.5,33.08,11.83,2.8
212.0,bike_flow_1.45,car_flow_1.45,20.23,11.83,1.71
212.0,bike_flow_1.45,car_flow_1.46,18.88,11.83,1.6
212.0,bike_flow_1.46,bike_flow_2.1,26.08,11.45,2.28
212.0,bike_flow_1.46,bike_flow_2.2,27.94,11.45,2.44
212.0,bike_flow_1.46,bike_flow_2.3,30.35,11.45,2.65
212.0,bike_flow_1.46,bike_flow_2.4,33.21,11.45,2.9
212.0,bike_flow_1.46,car_flow_1.46,24.88,11.45,2.17
212.0,bike_flow_1.46,car_flow_1.47,18.9,11.45,1.65
212.0,bike_flow_1.46,car_flow_2.39,6.4,11.45,0.56
212.0,bike_flow_1.47,car_flow_2.38,9.08,10.27,0.88
212.0,car_flow_1.45,car_flow_2.40,15.89,11.31,1.41
212.0,car_flow_1.46,car_flow_2.39,19.6,11.77,1.67
212.0,car_flow_1.47,car_flow_2.38,24.49,11.84,2.07
212.0,car_flow_1.47,car_flow_2.39,24.65,11.84,2.08
213.0,auto_flow_1.37,bike_flow_1.47,31.08,10.83,2.87
213.0,auto_flow_1.37,car_flow_2.38,17.52,10.83,1.62
213.0,auto_flow_1.38,bike_flow_1.47,19.19,9.99,1.92
213.0,auto_flow_1.38,car_flow_1.47,14.46,9.99,1.45
213.0,auto_flow_1.38,car_flow_2.39,16.89,9.99,1.69
213.0,auto_flow_1.39,bike_flow_1.45,3.42,9.83,0.35
213.0,auto_flow_1.39,bike_flow_2.1,28.55,9.83,2.9
213.0,auto_flow_1.39,car_flow_1.45,23.05,9.83,2.34
213.0,auto_flow_1.39,car_flow_1.46,16.44,9.83,1.67
213.0,auto_flow_1.39,car_flow_2.40,16.34,9.83,1.66
213.0,auto_flow_1.40,bike_flow_1.44,16.38,10.62,1.54
213.0,auto_flow_1.40,car_flow_1.45,16.65,10.62,1.57
213.0,auto_flow_1.40,car_flow_2.40,22.83,10.62,2.15
213.0,auto_flow_1.40,car_flow_2.41,29.36,10.62,2.77
213.0,bike_flow_1.44,car_flow_1.45,32.41,11.66,2.78
213.0,bike_flow_1.44,car_flow_2.41,13.67,11.66,1.17
213.0,bike_flow_1.45,car_flow_1.45,21.63,9.93,2.18
213.0,bike_flow_1.45,car_flow_1.46,17.33,9.93,1.74
213.0,bike_flow_1.45,car_flow_2.40,15.47,9.93,1.56
213.0,bike_flow_1.46,bike_flow_2.1,14.83,12.65,1.17
213.0,bike_flow_1.46,bike_flow_2.2,17.9,12.65,1.41
213.0,bike_flow_1.46,bike_flow_2.3,21.48,12.65,1.7
213.0,bike_flow_1.46,bike_flow_2.4,25.35,12.65,2.0
213.0,bike_flow_1.46,bike_flow_2.5,29.4,12.65,2.32
213.0,bike_flow_1.46,bike_flow_2.6,33.57,12.65,2.65
213.0,bike_flow_1.46,bike_flow_2.7,37.82,12.65,2.99
213.0,bike_flow_1.46,car_flow_1.46,23.71,12.65,1.87
213.0,bike_flow_1.46,car_flow_1.47,20.33,12.65,1.61
213.0,bike_flow_1.46,car_flow_2.39,17.83,12.65,1.41
213.0,bike_flow_1.47,car_flow_2.38,13.77,10.97,1.26
213.0,car_flow_1.45,car_flow_2.40,7.24,11.34,0.64
213.0,car_flow_1.46,car_flow_2.40,32.63,11.48,2.84
213.0,car_flow_1.47,car_flow_2.39,4.24,11.22,0.38
214.0,auto_flow_1.38,bike_flow_1.47,4.28,10.72,0.4
214.0,auto_flow_1.38,car_flow_2.38,32.11,10.72,3.0
214.0,auto_flow_1.38,car_flow_2.39,17.34,10.72,1.62
214.0,auto_flow_1.39,bike_flow_1.45,22.68,10.4,2.18
214.0,auto_flow_1.39,bike_flow_1.46,17.8,10.4,1.71
214.0,auto_flow_1.39,bike_flow_2.1,18.48,10.4,1.78
214.0,auto_flow_1.39,bike_flow_2.2,20.32,10.4,1.95
214.0,auto_flow_1.39,bike_flow_2.3,22.91,10.4,2.2
214.0,auto_flow_1.39,bike_flow_2.4,26.03,10.4,2.5
214.0,auto_flow_1.39,bike_flow_2.5,29.51,10.4,2.84
214.0,auto_flow_1.39,car_flow_1.46,5.06,10.4,0.49
214.0,auto_flow_1.39,car_flow_2.40,16.65,10.4,1.6
214.0,auto_flow_1.40,bike_flow_1.45,17.05,10.36,1.65
214.0,auto_flow_1.40,car_flow_1.45,5.86,10.36,0.57
214.0,auto_flow_1.40,car_flow_2.40,22.56,10.36,2.18
214.0,auto_flow_1.40,car_flow_2.41,27.42,10.36,2.65
214.0,bike_flow_1.44,car_flow_1.45,34.83,13.31,2.62
214.0,bike_flow_1.44,car_flow_2.41,12.73,13.31,0.96
214.0,bike_flow_1.45,car_flow_1.45,21.66,10.86,2.0
214.0,bike_flow_1.45,car_flow_1.46,18.54,10.86,1.71
214.0,bike_flow_1.45,car_flow_2.40,6.63,10.86,0.61
214.0,bike_flow_1.46,bike_flow_2.1,8.9,11.93,0.75
214.0,bike_flow_1.46,bike_flow_2.2,13.4,11.93,1.12
214.0,bike_flow_1.46,bike_flow_2.3,17.9,11.93,1.5
214.0,bike_flow_1.46,bike_flow_2.4,22.4,11.93,1.88
214.0,bike_flow_1.46,bike_flow_2.5,26.91,11.93,2.26
214.0,bike_flow_1.46,bike_flow_2.6,31.41,11.93,2.63
214.0,bike_flow_1.46,car_flow_1.46,21.43,11.93,1.8
214.0,bike_flow_1.46,car_flow_1.47,19.79,11.93,1.66
214.0,bike_flow_1.46,car_flow_2.40,34.31,11.93,2.88
214.0,bike_flow_1.47,car_flow_2.39,14.85,11.04,1.34
214.0,car_flow_1.45,car_flow_2.40,27.65,10.89,2.54
214.0,car_flow_1.45,car_flow_2.41,22.73,10.89,2.09
214.0,car_flow_1.46,car_flow_2.40,13.13,9.65,1.36
214.0,car_flow_1.47,car_flow_2.39,20.21,12.47,1.62
214.0,car_flow_1.48,car_flow_2.38,5.26,11.76,0.45
215.0,auto_flow_1.38,bike_flow_1.47,25.14,10.93,2.3
215.0,auto_flow_1.38,car_flow_1.48,14.62,10.93,1.34
215.0,auto_flow_1.38,car_flow_2.39,17.34,10.93,1.59
215.0,auto_flow_1.39,bike_flow_1.46,4.6,9.64,0.48
215.0,auto_flow_1.39,bike_flow_2.1,9.77,9.64,1.01
215.0,auto_flow_1.39,bike_flow_2.2,12.92,9.64,1.34
215.0,auto_flow_1.39,bike_flow_2.3,16.7,9.64,1.73
215.0,auto_flow_1.39,bike_flow_2.4,20.78,9.64,2.15
215.0,auto_flow_1.39,bike_flow_2.5,25.0,9.64,2.59
215.0,auto_flow_1.39,car_flow_1.46,24.42,9.64,2.53
215.0,auto_flow_1.39,car_flow_1.47,16.09,9.64,1.67
215.0,auto_flow_1.39,car_flow_2.40,15.81,9.64,1.64
215.0,auto_flow_1.40,bike_flow_1.45,4.48,9.85,0.45
215.0,auto_flow_1.40,car_flow_1.45,26.27,9.85,2.67
215.0,auto_flow_1.40,car_flow_1.46,15.14,9.85,1.54
215.0,auto_flow_1.40,car_flow_2.40,23.2,9.85,2.36
215.0,auto_flow_1.40,car_flow_2.41,24.95,9.85,2.53
215.0,auto_flow_1.41,car_flow_1.45,25.69,10.88,2.36
215.0,auto_flow_1.41,car_flow_2.41,26.61,10.88,2.45
215.0,bike_flow_1.45,car_flow_1.45,22.94,10.03,2.29
215.0,bike_flow_1.45,car_flow_1.46,17.93,10.03,1.79
215.0,bike_flow_1.45,car_flow_2.40,26.52,10.03,2.64
215.0,bike_flow_1.45,car_flow_2.41,22.06,10.03,2.2
215.0,bike_flow_1.46,bike_flow_2.1,14.33,11.16,1.28
215.0,bike_flow_1.46,bike_flow_2.2,17.48,11.16,1.57
215.0,bike_flow_1.46,bike_flow_2.3,21.13,11.16,1.89
215.0,bike_flow_1.46,bike_flow_2.4,25.06,11.16,2.25
215.0,bike_flow_1.46,bike_flow_2.5,29.15,11.16,2.61
215.0,bike_flow_1.46,bike_flow_2.6,33.35,11.16,2.99
215.0,bike_flow_1.46,car_flow_1.46,20.91,11.16,1.87
215.0,bike_flow_1.46,car_flow_1.47,19.07,11.16,1.71
215.0,bike_flow_1.46,car_flow_2.40,12.91,11.16,1.16
215.0,bike_flow_1.47,car_flow_2.39,8.24,11.16,0.74
215.0,car_flow_1.45,car_flow_2.41,3.39,11.31,0.3
215.0,car_flow_1.46,car_flow_2.40,8.99,10.64,0.84
215.0,car_flow_1.47,car_flow_2.40,31.74,11.87,2.67
215.0,car_flow_1.48,car_flow_2.39,31.77,11.09,2.86
216.0,auto_flow_1.38,bike_flow_1.48,18.9,9.73,1.94
216.0,auto_flow_1.38,car_flow_1.48,7.36,9.73,0.76
216.0,auto_flow_1.38,car_flow_2.39,16.83,9.73,1.73
216.0,auto_flow_1.39,bike_flow_1.46,23.62,9.96,2.37
216.0,auto_flow_1.39,bike_flow_1.47,29.85,9.96,3.0
216.0,auto_flow_1.39,bike_flow_2.1,6.05,9.96,0.61
216.0,auto_flow_1.39,bike_flow_2.2,10.4,9.96,1.04
216.0,auto_flow_1.39,bike_flow_2.3,14.84,9.96,1.49
216.0,auto_flow_1.39,bike_flow_2.4,19.31,9.96,1.94
216.0,auto_flow_1.39,bike_flow_2.5,23.79,9.96,2.39
216.0,auto_flow_1.39,bike_flow_2.6,28.28,9.96,2.84
216.0,auto_flow_1.39,car_flow_1.47,6.0,9.96,0.6
216.0,auto_flow_1.39,car_flow_2.40,15.97,9.96,1.6
216.0,auto_flow_1.40,bike_flow_1.45,24.23,10.24,2.37
216.0,auto_flow_1.40,bike_flow_1.46,15.66,10.24,1.53
216.0,auto_flow_1.40,car_flow_1.46,6.6,10.24,0.64
216.0,auto_flow_1.40,car_flow_2.40,22.76,10.24,2.22
216.0,auto_flow_1.40,car_flow_2.41,22.21,10.24,2.17
216.0,auto_flow_1.41,bike_flow_1.45,28.34,9.63,2.94
216.0,auto_flow_1.41,car_flow_1.45,5.84,9.63,0.61
216.0,bike_flow_1.45,car_flow_1.45,23.27,10.65,2.19
216.0,bike_flow_1.45,car_flow_1.46,18.25,10.65,1.71
216.0,bike_flow_1.45,car_flow_2.41,3.68,10.65,0.35
216.0,bike_flow_1.46,bike_flow_2.1,23.14,10.14,2.28
216.0,bike_flow_1.46,bike_flow_2.2,25.22,10.14,2.49
216.0,bike_flow_1.46,bike_flow_2.3,27.87,10.14,2.75
216.0,bike_flow_1.46,car_flow_1.46,21.1,10.14,2.08
216.0,bike_flow_1.46,car_flow_1.47,18.32,10.14,1.81
216.0,bike_flow_1.46,car_flow_2.40,8.09,10.14,0.8
216.0,bike_flow_1.47,bike_flow_2.1,32.94,11.3,2.91
216.0,bike_flow_1.47,car_flow_2.39,29.31,11.3,2.59
216.0,bike_flow_1.48,car_flow_1.48,25.26,11.24,2.25
216.0,car_flow_1.45,car_flow_2.41,25.29,10.98,2.3
216.0,car_flow_1.46,car_flow_2.40,28.71,10.33,2.78
216.0,car_flow_1.46,car_flow_2.41,16.75,10.33,1.62
216.0,car_flow_1.47,car_flow_2.40,11.35,10.89,1.04
216.0,car_flow_1.48,car_flow_2.39,10.69,11.17,0.96
217.0,auto_flow_1.38,bike_flow_1.48,4.01,10.85,0.37
217.0,auto_flow_1.38,car_flow_1.48,28.9,10.85,2.66
217.0,auto_flow_1.38,car_flow_2.39,18.09,10.85,1.67
217.0,auto_flow_1.39,bike_flow_1.47,9.05,10.73,0.84
217.0,auto_flow_1.39,bike_flow_2.1,13.98,10.73,1.3
217.0,auto_flow_1.39,bike_flow_2.2,16.34,10.73,1.52
217.0,auto_flow_1.39,bike_flow_2.3,19.47,10.73,1.81
217.0,auto_flow_1.39,bike_flow_2.4,23.06,10.73,2.15
217.0,auto_flow_1.39,bike_flow_2.5,26.92,10.73,2.51
217.0,auto_flow_1.39,bike_flow_2.6,30.96,10.73,2.89
217.0,auto_flow_1.39,car_flow_1.47,25.88,10.73,2.41
217.0,auto_flow_1.39,car_flow_2.40,17.49,10.73,1.63
217.0,auto_flow_1.40,bike_flow_1.46,5.38,9.67,0.56
217.0,auto_flow_1.40,bike_flow_2.1,27.61,9.67,2.85
217.0,auto_flow_1.40,bike_flow_2.2,28.88,9.67,2.99
217.0,auto_flow_1.40,car_flow_1.46,26.56,9.67,2.75
217.0,auto_flow_1.40,car_flow_1.47,14.45,9.67,1.49
217.0,auto_flow_1.40,car_flow_2.40,22.29,9.67,2.3
217.0,auto_flow_1.40,car_flow_2.41,20.27,9.67,2.09
217.0,auto_flow_1.41,bike_flow_1.45,7.96,9.72,0.82
217.0,auto_flow_1.41,car_flow_1.45,16.64,9.72,1.71
217.0,auto_flow_1.41,car_flow_1.46,25.96,9.72,2.67
217.0,bike_flow_1.45,car_flow_1.45,23.61,11.15,2.12
217.0,bike_flow_1.45,car_flow_1.46,18.47,11.15,1.66
217.0,bike_flow_1.45,car_flow_2.41,24.78,11.15,2.22
217.0,bike_flow_1.46,car_flow_1.46,22.04,9.98,2.21
217.0,bike_flow_1.46,car_flow_1.47,18.42,9.98,1.85
217.0,bike_flow_1.46,car_flow_2.40,26.81,9.98,2.69
217.0,bike_flow_1.46,car_flow_2.41,16.26,9.98,1.63
217.0,bike_flow_1.47,bike_flow_2.1,23.01,10.49,2.19
217.0,bike_flow_1.47,bike_flow_2.2,25.1,10.49,2.39
217.0,bike_flow_1.47,bike_flow_2.3,27.76,10.49,2.65
217.0,bike_flow_1.47,bike_flow_2.4,30.86,10.49,2.94
217.0,bike_flow_1.47,car_flow_2.40,26.15,10.49,2.49
217.0,bike_flow_1.48,car_flow_1.48,26.31,10.19,2.58
217.0,bike_flow_1.48,car_flow_2.39,16.0,10.19,1.57
217.0,car_flow_1.46,car_flow_2.41,6.89,10.92,0.63
217.0,car_flow_1.47,car_flow_2.40,8.8,9.88,0.89
217.0,car_flow_1.48,car_flow_2.39,11.1,11.25,0.99
218.0,auto_flow_1.39,bike_flow_1.47,13.17,9.64,1.37
218.0,auto_flow_1.39,bike_flow_2.1,23.11,9.64,2.4
218.0,auto_flow_1.39,bike_flow_2.2,24.61,9.64,2.55
218.0,auto_flow_1.39,bike_flow_2.3,26.79,9.64,2.78
218.0,auto_flow_1.39,car_flow_1.48,26.29,9.64,2.73
218.0,auto_flow_1.39,car_flow_2.40,16.26,9.64,1.69
218.0,auto_flow_1.40,bike_flow_1.46,26.76,10.31,2.6
218.0,auto_flow_1.40,bike_flow_1.47,26.52,10.31,2.57
218.0,auto_flow_1.40,bike_flow_2.1,17.65,10.31,1.71
218.0,auto_flow_1.40,bike_flow_2.2,19.57,10.31,1.9
218.0,auto_flow_1.40,bike_flow_2.3,22.25,10.31,2.16
218.0,auto_flow_1.40,bike_flow_2.4,25.45,10.31,2.47
218.0,auto_flow_1.40,bike_flow_2.5,29.0,10.31,2.81
218.0,auto_flow_1.40,car_flow_1.47,7.13,10.31,0.69
218.0,auto_flow_1.40,car_flow_2.40,22.84,10.31,2.21
218.0,auto_flow_1.40,car_flow_2.41,19.98,10.31,1.94
218.0,auto_flow_1.41,bike_flow_1.45,16.75,10.81,1.55
218.0,auto_flow_1.41,bike_flow_1.46,25.26,10.81,2.34
218.0,auto_flow_1.41,car_flow_1.46,4.86,10.81,0.45
218.0,auto_flow_1.41,car_flow_2.41,31.66,10.81,2.93
218.0,auto_flow_1.41,car_flow_2.42,28.16,10.81,2.61
218.0,bike_flow_1.45,car_flow_1.46,20.1,12.92,1.56
218.0,bike_flow_1.45,car_flow_2.42,12.15,12.92,0.94
218.0,bike_flow_1.46,car_flow_1.46,21.41,11.93,1.79
218.0,bike_flow_1.46,car_flow_1.47,20.2,11.93,1.69
218.0,bike_flow_1.46,car_flow_2.41,7.33,11.93,0.61
218.0,bike_flow_1.47,bike_flow_2.1,13.11,11.6,1.13
218.0,bike_flow_1.47,bike_flow_2.2,16.5,11.6,1.42
218.0,bike_flow_1.47,bike_flow_2.3,20.32,11.6,1.75
218.0,bike_flow_1.47,bike_flow_2.4,24.38,11.6,2.1
218.0,bike_flow_1.47,bike_flow_2.5,28.57,11.6,2.46
218.0,bike_flow_1.47,bike_flow_2.6,32.85,11.6,2.83
218.0,bike_flow_1.47,car_flow_1.47,32.7,11.6,2.82
218.0,bike_flow_1.47,car_flow_2.40,4.73,11.6,0.41
218.0,bike_flow_1.48,car_flow_1.48,27.02,10.59,2.55
218.0,bike_flow_1.48,car_flow_2.39,6.42,10.59,0.61
218.0,car_flow_1.46,car_flow_2.41,28.18,11.3,2.49
218.0,car_flow_1.46,car_flow_2.42,31.98,11.3,2.83
218.0,car_flow_1.47,car_flow_2.40,29.39,10.16,2.89
218.0,car_flow_1.47,car_flow_2.41,13.97,10.16,1.38
218.0,car_flow_1.48,car_flow_2.39,32.74,11.3,2.9
219.0,auto_flow_1.39,bike_flow_1.48,31.15,10.9,2.86
219.0,auto_flow_1.39,car_flow_1.48,5.1,10.9,0.47
219.0,auto_flow_1.39,car_flow_2.40,17.79,10.9,1.63
219.0,auto_flow_1.40,bike_flow_1.47,6.11,10.93,0.56
219.0,auto_flow_1.40,bike_flow_2.1,8.12,10.93,0.74
219.0,auto_flow_1.40,bike_flow_2.2,11.72,10.93,1.07
219.0,auto_flow_1.40,bike_flow_2.3,15.8,10.93,1.45
219.0,auto_flow_1.40,bike_flow_2.4,20.05,10.93,1.84
219.0,auto_flow_1.40,bike_flow_2.5,24.4,10.93,2.23
219.0,auto_flow_1.40,bike_flow_2.6,28.79,10.93,2.63
219.0,auto_flow_1.40,car_flow_1.47,28.96,10.93,2.65
219.0,auto_flow_1.40,car_flow_2.40,21.29,10.93,1.95
219.0,auto_flow_1.40,car_flow_2.41,19.67,10.93,1.8
219.0,auto_flow_1.41,bike_flow_1.46,5.3,10.47,0.51
219.0,auto_flow_1.41,car_flow_1.46,20.23,10.47,1.93
219.0,auto_flow_1.41,car_flow_1.47,23.52,10.47,2.25
219.0,auto_flow_1.41,car_flow_2.42,27.06,10.47,2.58
219.0,bike_flow_1.45,car_flow_1.46,21.3,14.37,1.48
219.0,bike_flow_1.45,car_flow_2.42,14.58,14.37,1.02
219.0,bike_flow_1.46,car_flow_1.46,24.2,10.36,2.34
219.0,bike_flow_1.46,car_flow_1.47,19.08,10.36,1.84
219.0,bike_flow_1.46,car_flow_2.41,28.37,10.36,2.74
219.0,bike_flow_1.47,bike_flow_2.1,8.92,10.19,0.88
219.0,bike_flow_1.47,bike_flow_2.2,13.41,10.19,1.32
219.0,bike_flow_1.47,bike_flow_2.3,17.91,10.19,1.76
219.0,bike_flow_1.47,bike_flow_2.4,22.41,10.19,2.2
219.0,bike_flow_1.47,bike_flow_2.5,26.91,10.19,2.64
219.0,bike_flow_1.47,car_flow_2.40,16.4,10.19,1.61
219.0,bike_flow_1.47,car_flow_2.41,25.08,10.19,2.46
219.0,bike_flow_1.48,car_flow_1.48,27.01,11.23,2.41
219.0,bike_flow_1.48,car_flow_2.39,28.85,11.23,2.57
219.0,car_flow_1.46,car_flow_2.42,7.77,13.16,0.59
219.0,car_flow_1.47,car_flow_2.41,9.66,11.48,0.84
219.0,car_flow_1.48,car_flow_2.40,21.99,11.23,1.96
220.0,auto_flow_1.39,bike_flow_1.48,10.64,10.88,0.98
220.0,auto_flow_1.39,car_flow_1.48,18.34,10.88,1.69
220.0,auto_flow_1.39,car_flow_2.40,17.75,10.88,1.63
220.0,auto_flow_1.40,bike_flow_1.47,16.46,10.33,1.59
220.0,auto_flow_1.40,bike_flow_2.1,7.3,10.33,0.71
220.0,auto_flow_1.40,bike_flow_2.2,11.17,10.33,1.08
220.0,auto_flow_1.40,bike_flow_2.3,15.39,10.33,1.49
220.0,auto_flow_1.40,bike_flow_2.4,19.74,10.33,1.91
220.0,auto_flow_1.40,bike_flow_2.5,24.14,10.33,2.34
220.0,auto_flow_1.40,bike_flow_2.6,28.57,10.33,2.77
220.0,auto_flow_1.40,car_flow_1.48,21.8,10.33,2.11
220.0,auto_flow_1.40,car_flow_2.40,21.88,10.33,2.12
220.0,auto_flow_1.40,car_flow_2.41,18.7,10.33,1.81
220.0,auto_flow_1.41,bike_flow_1.46,18.07,10.03,1.8
220.0,auto_flow_1.41,car_flow_1.47,3.79,10.03,0.38
220.0,auto_flow_1.41,car_flow_2.42,23.51,10.03,2.34
220.0,bike_flow_1.46,car_flow_1.46,25.91,11.98,2.16
220.0,bike_flow_1.46,car_flow_1.47,19.81,11.98,1.65
220.0,bike_flow_1.46,car_flow_2.42,6.56,11.98,0.55
220.0,bike_flow_1.47,bike_flow_2.1,14.61,11.02,1.33
220.0,bike_flow_1.47,bike_flow_2.2,17.72,11.02,1.61
220.0,bike_flow_1.47,bike_flow_2.3,21.33,11.02,1.94
220.0,bike_flow_1.47,bike_flow_2.4,25.22,11.02,2.29
220.0,bike_flow_1.47,bike_flow_2.5,29.29,11.02,2.66
220.0,bike_flow_1.47,car_flow_2.41,4.09,11.02,0.37
220.0,bike_flow_1.48,car_flow_1.48,28.2,9.96,2.83
220.0,bike_flow_1.48,car_flow_2.40,28.07,9.96,2.82
220.0,car_flow_1.46,car_flow_2.42,20.43,13.69,1.49
220.0,car_flow_1.47,car_flow_2.41,31.83,11.25,2.83
220.0,car_flow_1.47,car_flow_2.42,25.74,11.25,2.29
220.0,car_flow_1.48,car_flow_2.40,3.22,11.15,0.29
221.0,auto_flow_1.39,bike_flow_1.48,11.99,10.73,1.12
221.0,auto_flow_1.39,car_flow_1.49,26.72,10.73,2.49
221.0,auto_flow_1.39,car_flow_2.40,17.53,10.73,1.63
221.0,auto_flow_1.40,bike_flow_1.48,29.11,9.87,2.95
221.0,auto_flow_1.40,bike_flow_2.1,15.51,9.87,1.57
221.0,auto_flow_1.40,bike_flow_2.2,17.67,9.87,1.79
221.0,auto_flow_1.40,bike_flow_2.3,20.6,9.87,2.09
221.0,auto_flow_1.40,bike_flow_2.4,24.02,9.87,2.43
221.0,auto_flow_1.40,bike_flow_2.5,27.75,9.87,2.81
221.0,auto_flow_1.40,car_flow_1.48,3.23,9.87,0.33
221.0,auto_flow_1.40,car_flow_2.40,22.95,9.87,2.33
221.0,auto_flow_1.40,car_flow_2.41,17.29,9.87,1.75
221.0,auto_flow_1.41,bike_flow_1.47,14.84,10.29,1.44
221.0,auto_flow_1.41,car_flow_1.47,20.55,10.29,2.0
221.0,auto_flow_1.41,car_flow_2.42,21.65,10.29,2.1
221.0,auto_flow_1.42,bike_flow_1.46,20.33,11.0,1.85
221.0,bike_flow_1.46,car_flow_1.47,20.57,12.8,1.61
221.0,bike_flow_1.46,car_flow_2.42,19.49,12.8,1.52
221.0,bike_flow_1.47,bike_flow_2.1,24.71,11.46,2.16
221.0,bike_flow_1.47,bike_flow_2.2,26.66,11.46,2.33
221.0,bike_flow_1.47,bike_flow_2.3,29.19,11.46,2.55
221.0,bike_flow_1.47,bike_flow_2.4,32.15,11.46,2.8
221.0,bike_flow_1.47,car_flow_2.41,20.44,11.46,1.78
221.0,bike_flow_1.48,car_flow_1.48,28.51,10.96,2.6
221.0,bike_flow_1.48,car_flow_2.40,6.78,10.96,0.62
221.0,car_flow_1.47,car_flow_2.42,3.47,12.04,0.29
221.0,car_flow_1.48,car_flow_2.40,22.76,11.27,2.02
221.0,car_flow_1.48,car_flow_2.41,18.0,11.27,1.6
222.0,auto_flow_1.39,bike_flow_1.49,31.06,10.5,2.96
222.0,auto_flow_1.39,car_flow_1.49,4.19,10.5,0.4
222.0,auto_flow_1.39,car_flow_2.40,17.85,10.5,1.7
222.0,auto_flow_1.40,bike_flow_1.48,8.67,9.9,0.88
222.0,auto_flow_1.40,bike_flow_2.1,24.99,9.9,2.52
222.0,auto_flow_1.40,bike_flow_2.2,26.38,9.9,2.66
222.0,auto_flow_1.40,bike_flow_2.3,28.42,9.9,2.87
222.0,auto_flow_1.40,car_flow_1.48,20.64,9.9,2.08
222.0,auto_flow_1.40,car_flow_2.40,23.24,9.9,2.35
222.0,auto_flow_1.40,car_flow_2.41,17.3,9.9,1.75
222.0,auto_flow_1.41,bike_flow_1.47,7.33,10.12,0.72
222.0,auto_flow_1.41,bike_flow_2.1,28.01,10.12,2.77
222.0,auto_flow_1.41,bike_flow_2.2,29.26,10.12,2.89
222.0,auto_flow_1.41,car_flow_2.42,20.33,10.12,2.01
222.0,auto_flow_1.42,bike_flow_1.46,4.43,10.78,0.41
222.0,auto_flow_1.42,car_flow_1.47,17.21,10.78,1.6
222.0,bike_flow_1.46,car_flow_1.47,19.98,12.36,1.62
222.0,bike_flow_1.47,car_flow_2.42,14.1,10.97,1.29
222.0,bike_flow_1.48,car_flow_1.48,28.44,10.98,2.59
222.0,bike_flow_1.48,car_flow_2.40,15.51,10.98,1.41
222.0,bike_flow_1.48,car_flow_2.41,25.55,10.98,2.33
222.0,bike_flow_1.49,car_flow_1.49,28.19,12.15,2.32
222.0,car_flow_1.47,car_flow_2.42,23.27,12.96,1.8
222.0,car_flow_1.48,car_flow_2.41,4.45,10.91,0.41
222.0,car_flow_1.49,car_flow_2.40,20.8,13.32,1.56
223.0,auto_flow_1.39,bike_flow_1.49,8.32,9.78,0.85
223.0,auto_flow_1.39,car_flow_1.49,20.77,9.78,2.12
223.0,auto_flow_1.39,car_flow_2.40,16.9,9.78,1.73
223.0,auto_flow_1.40,bike_flow_1.48,13.52,10.28,1.31
223.0,auto_flow_1.40,car_flow_1.49,20.32,10.28,1.98
223.0,auto_flow_1.40,car_flow_2.40,23.69,10.28,2.3
223.0,auto_flow_1.40,car_flow_2.41,17.65,10.28,1.72
223.0,auto_flow_1.41,bike_flow_1.47,27.9,9.69,2.88
223.0,auto_flow_1.41,bike_flow_2.1,18.63,9.69,1.92
223.0,auto_flow_1.41,bike_flow_2.2,20.46,9.69,2.11
223.0,auto_flow_1.41,bike_flow_2.3,23.04,9.69,2.38
223.0,auto_flow_1.41,bike_flow_2.4,26.14,9.69,2.7
223.0,auto_flow_1.41,car_flow_1.48,11.21,9.69,1.16
223.0,auto_flow_1.41,car_flow_2.42,18.88,9.69,1.95
223.0,auto_flow_1.42,bike_flow_1.47,31.77,10.66,2.98
223.0,auto_flow_1.42,car_flow_1.47,6.97,10.66,0.65
223.0,auto_flow_1.42,car_flow_2.43,19.44,10.66,1.82
223.0,bike_flow_1.47,car_flow_2.42,9.4,11.43,0.82
223.0,bike_flow_1.48,bike_flow_2.1,23.25,10.91,2.13
223.0,bike_flow_1.48,bike_flow_2.2,25.31,10.91,2.32
223.0,bike_flow_1.48,bike_flow_2.3,27.96,10.91,2.56
223.0,bike_flow_1.48,bike_flow_2.4,31.03,10.91,2.85
223.0,bike_flow_1.48,car_flow_1.48,28.46,10.91,2.61
223.0,bike_flow_1.48,car_flow_2.41,5.54,10.91,0.51
223.0,bike_flow_1.49,car_flow_1.49,28.2,13.42,2.1
223.0,bike_flow_1.49,car_flow_2.40,24.79,13.42,1.85
223.0,car_flow_1.47,car_flow_2.43,13.63,12.44,1.1
223.0,car_flow_1.48,car_flow_2.41,24.15,10.93,2.21
223.0,car_flow_1.48,car_flow_2.42,29.8,10.93,2.73
223.0,car_flow_1.49,car_flow_2.40,4.83,13.44,0.36
223.0,car_flow_1.49,car_flow_2.41,37.85,13.44,2.82
224.0,auto_flow_1.39,bike_flow_1.49,17.61,10.55,1.67
224.0,auto_flow_1.39,car_flow_1.50,8.21,10.55,0.78
224.0,auto_flow_1.39,car_flow_2.40,18.04,10.55,1.71
224.0,auto_flow_1.40,bike_flow_1.49,24.16,9.87,2.45
224.0,auto_flow_1.40,car_flow_1.49,4.33,9.87,0.44
224.0,auto_flow_1.40,car_flow_2.40,23.22,9.87,2.35
224.0,auto_flow_1.40,car_flow_2.41,17.04,9.87,1.73
224.0,auto_flow_1.41,bike_flow_1.48,17.15,10.41,1.65
224.0,auto_flow_1.41,bike_flow_2.1,9.29,10.41,0.89
224.0,auto_flow_1.41,bike_flow_2.2,12.56,10.41,1.21
224.0,auto_flow_1.41,bike_flow_2.3,16.43,10.41,1.58
224.0,auto_flow_1.41,bike_flow_2.4,20.56,10.41,1.98
224.0,auto_flow_1.41,bike_flow_2.5,24.81,10.41,2.38
224.0,auto_flow_1.41,bike_flow_2.6,29.14,10.41,2.8
224.0,auto_flow_1.41,car_flow_1.48,11.68,10.41,1.12
224.0,auto_flow_1.41,car_flow_2.42,18.59,10.41,1.79
224.0,auto_flow_1.42,bike_flow_1.47,9.35,10.93,0.86
224.0,auto_flow_1.42,car_flow_1.47,30.97,10.93,2.83
224.0,auto_flow_1.42,car_flow_2.43,19.21,10.93,1.76
224.0,bike_flow_1.47,car_flow_2.42,31.58,11.89,2.66
224.0,bike_flow_1.47,car_flow_2.43,28.18,11.89,2.37
224.0,bike_flow_1.48,bike_flow_2.1,13.03,11.96,1.09
224.0,bike_flow_1.48,bike_flow_2.2,16.44,11.96,1.37
224.0,bike_flow_1.48,bike_flow_2.3,20.28,11.96,1.7
224.0,bike_flow_1.48,bike_flow_2.4,24.34,11.96,2.04
224.0,bike_flow_1.48,bike_flow_2.5,28.54,11.96,2.39
224.0,bike_flow_1.48,bike_flow_2.6,32.82,11.96,2.74
224.0,bike_flow_1.48,car_flow_1.48,28.08,11.96,2.35
224.0,bike_flow_1.48,car_flow_1.49,32.04,11.96,2.68
224.0,bike_flow_1.48,car_flow_2.41,18.2,11.96,1.52
224.0,bike_flow_1.48,car_flow_2.42,35.58,11.96,2.98
224.0,bike_flow_1.49,car_flow_1.49,26.87,14.45,1.86
224.0,bike_flow_1.49,car_flow_1.50,24.87,14.45,1.72
224.0,bike_flow_1.49,car_flow_2.40,3.28,14.45,0.23
224.0,bike_flow_1.49,car_flow_2.41,41.11,14.45,2.85
224.0,car_flow_1.47,car_flow_2.43,12.03,13.68,0.88
224.0,car_flow_1.48,car_flow_2.42,8.02,11.58,0.69
224.0,car_flow_1.49,car_flow_2.40,26.34,13.11,2.01
224.0,car_flow_1.49,car_flow_2.41,14.48,13.11,1.1
224.0,car_flow_1.50,car_flow_2.40,25.79,10.53,2.45
225.0,auto_flow_1.39,car_flow_1.50,13.75,10.41,1.32
225.0,auto_flow_1.39,car_flow_2.40,17.32,10.41,1.66
225.0,auto_flow_1.40,bike_flow_1.49,3.23,9.77,0.33
225.0,auto_flow_1.40,car_flow_1.49,25.42,9.77,2.6
225.0,auto_flow_1.40,car_flow_1.50,28.72,9.77,2.94
225.0,auto_flow_1.40,car_flow_2.40,24.59,9.77,2.52
225.0,auto_flow_1.40,car_flow_2.41,16.91,9.77,1.73
225.0,auto_flow_1.41,bike_flow_1.48,6.0,10.33,0.58
225.0,auto_flow_1.41,bike_flow_2.1,6.44,10.33,0.62
225.0,auto_flow_1.41,bike_flow_2.2,10.63,10.33,1.03
225.0,auto_flow_1.41,bike_flow_2.3,15.01,10.33,1.45
225.0,auto_flow_1.41,bike_flow_2.4,19.44,10.33,1.88
225.0,auto_flow_1.41,bike_flow_2.5,23.89,10.33,2.31
225.0,auto_flow_1.41,bike_flow_2.6,28.37,10.33,2.75
225.0,auto_flow_1.41,car_flow_1.49,26.23,10.33,2.54
225.0,auto_flow_1.41,car_flow_2.42,18.23,10.33,1.76
225.0,auto_flow_1.42,bike_flow_1.47,11.7,10.31,1.13
225.0,auto_flow_1.42,car_flow_1.48,26.12,10.31,2.53
225.0,auto_flow_1.42,car_flow_2.43,18.29,10.31,1.77
225.0,auto_flow_1.43,bike_flow_1.47,31.6,10.75,2.94
225.0,auto_flow_1.43,car_flow_2.43,24.39,10.75,2.27
225.0,bike_flow_1.47,car_flow_2.43,7.74,9.72,0.8
225.0,bike_flow_1.48,bike_flow_2.1,9.14,11.6,0.79
225.0,bike_flow_1.48,bike_flow_2.2,13.56,11.6,1.17
225.0,bike_flow_1.48,bike_flow_2.3,18.02,11.6,1.55
225.0,bike_flow_1.48,bike_flow_2.4,22.5,11.6,1.94
225.0,bike_flow_1.48,bike_flow_2.5,26.99,11.6,2.33
225.0,bike_flow_1.48,bike_flow_2.6,31.47,11.6,2.71
225.0,bike_flow_1.48,car_flow_1.48,27.81,11.6,2.4
225.0,bike_flow_1.48,car_flow_1.49,31.12,11.6,2.68
225.0,bike_flow_1.48,car_flow_2.42,13.53,11.6,1.17
225.0,bike_flow_1.49,car_flow_1.49,24.76,14.63,1.69
225.0,bike_flow_1.49,car_flow_1.50,28.99,14.63,1.98
225.0,bike_flow_1.49,car_flow_2.40,25.24,14.63,1.73
225.0,bike_flow_1.49,car_flow_2.41,16.77,14.63,1.15
225.0,car_flow_1.48,car_flow_2.42,15.01,11.33,1.33
225.0,car_flow_1.49,car_flow_2.41,8.9,12.52,0.71
225.0,car_flow_1.50,car_flow_2.40,5.08,10.51,0.48
226.0,auto_flow_1.40,bike_flow_1.49,23.6,10.99,2.15
226.0,auto_flow_1.40,bike_flow_1.50,31.23,10.99,2.84
226.0,auto_flow_1.40,car_flow_1.50,8.19,10.99,0.74
226.0,auto_flow_1.40,car_flow_2.40,24.38,10.99,2.22
226.0,auto_flow_1.40,car_flow_2.41,18.55,10.99,1.69
226.0,auto_flow_1.41,bike_flow_1.48,25.55,9.85,2.59
226.0,auto_flow_1.41,bike_flow_1.49,29.18,9.85,2.96
226.0,auto_flow_1.41,bike_flow_2.1,14.06,9.85,1.43
226.0,auto_flow_1.41,bike_flow_2.2,16.41,9.85,1.67
226.0,auto_flow_1.41,bike_flow_2.3,19.53,9.85,1.98
226.0,auto_flow_1.41,bike_flow_2.4,23.11,9.85,2.35
226.0,auto_flow_1.41,bike_flow_2.5,26.97,9.85,2.74
226.0,auto_flow_1.41,car_flow_1.49,4.73,9.85,0.48
226.0,auto_flow_1.41,car_flow_2.42,17.01,9.85,1.73
226.0,auto_flow_1.42,car_flow_1.48,5.07,10.51,0.48
226.0,auto_flow_1.42,car_flow_2.43,17.94,10.51,1.71
226.0,auto_flow_1.43,bike_flow_1.47,10.34,10.25,1.01
226.0,auto_flow_1.43,car_flow_2.43,25.01,10.25,2.44
226.0,bike_flow_1.47,car_flow_2.43,15.5,11.35,1.37
226.0,bike_flow_1.48,bike_flow_2.1,15.34,10.41,1.47
226.0,bike_flow_1.48,bike_flow_2.2,18.32,10.41,1.76
226.0,bike_flow_1.48,bike_flow_2.3,21.83,10.41,2.1
226.0,bike_flow_1.48,bike_flow_2.4,25.65,10.41,2.46
226.0,bike_flow_1.48,bike_flow_2.5,29.66,10.41,2.85
226.0,bike_flow_1.48,car_flow_1.48,28.88,10.41,2.77
226.0,bike_flow_1.48,car_flow_1.49,28.82,10.41,2.77
226.0,bike_flow_1.48,car_flow_2.42,8.93,10.41,0.86
226.0,bike_flow_1.49,car_flow_1.49,25.53,11.94,2.14
226.0,bike_flow_1.49,car_flow_1.50,30.92,11.94,2.59
226.0,bike_flow_1.49,car_flow_2.41,5.8,11.94,0.49
226.0,bike_flow_1.50,car_flow_1.50,23.53,11.55,2.04
226.0,bike_flow_1.50,car_flow_2.40,7.41,11.55,0.64
226.0,car_flow_1.48,car_flow_2.43,22.11,11.48,1.93
226.0,car_flow_1.49,car_flow_2.41,30.53,12.7,2.4
226.0,car_flow_1.49,car_flow_2.42,20.73,12.7,1.63
226.0,car_flow_1.50,car_flow_2.40,17.15,10.01,1.71
226.0,car_flow_1.50,car_flow_2.41,26.28,10.01,2.62
227.0,auto_flow_1.40,bike_flow_1.50,11.2,9.73,1.15
227.0,auto_flow_1.40,car_flow_1.50,12.59,9.73,1.29
227.0,auto_flow_1.40,car_flow_2.41,17.43,9.73,1.79
227.0,auto_flow_1.41,bike_flow_1.49,6.81,10.12,0.67
227.0,auto_flow_1.41,bike_flow_2.1,23.68,10.12,2.34
227.0,auto_flow_1.41,bike_flow_2.2,25.14,10.12,2.48
227.0,auto_flow_1.41,bike_flow_2.3,27.28,10.12,2.69
227.0,auto_flow_1.41,bike_flow_2.4,29.95,10.12,2.96
227.0,auto_flow_1.41,car_flow_1.49,19.91,10.12,1.97
227.0,auto_flow_1.41,car_flow_2.42,16.76,10.12,1.66
227.0,auto_flow_1.42,bike_flow_1.48,13.0,10.72,1.21
227.0,auto_flow_1.42,car_flow_1.48,18.38,10.72,1.71
227.0,auto_flow_1.42,car_flow_2.43,17.62,10.72,1.64
227.0,auto_flow_1.43,bike_flow_1.47,12.06,9.88,1.22
227.0,auto_flow_1.43,car_flow_1.48,25.89,9.88,2.62
227.0,auto_flow_1.43,car_flow_2.43,26.17,9.88,2.65
227.0,bike_flow_1.48,bike_flow_2.1,23.71,9.49,2.5
227.0,bike_flow_1.48,bike_flow_2.2,25.74,9.49,2.71
227.0,bike_flow_1.48,bike_flow_2.3,28.35,9.49,2.99
227.0,bike_flow_1.48,car_flow_1.49,25.31,9.49,2.67
227.0,bike_flow_1.48,car_flow_2.42,28.38,9.49,2.99
227.0,bike_flow_1.49,bike_flow_2.1,30.33,12.87,2.36
227.0,bike_flow_1.49,bike_flow_2.2,31.94,12.87,2.48
227.0,bike_flow_1.49,bike_flow_2.3,34.07,12.87,2.65
227.0,bike_flow_1.49,bike_flow_2.4,36.64,12.87,2.85
227.0,bike_flow_1.49,car_flow_1.49,25.66,12.87,1.99
227.0,bike_flow_1.49,car_flow_1.50,33.8,12.87,2.63
227.0,bike_flow_1.49,car_flow_2.41,28.72,12.87,2.23
227.0,bike_flow_1.49,car_flow_2.42,23.0,12.87,1.79
227.0,bike_flow_1.50,car_flow_1.50,22.9,10.6,2.16
227.0,bike_flow_1.50,car_flow_2.41,28.34,10.6,2.67
227.0,car_flow_1.48,car_flow_2.43,3.24,11.31,0.29
227.0,car_flow_1.49,car_flow_2.42,4.31,13.0,0.33
227.0,car_flow_1.50,car_flow_2.41,6.16,9.98,0.62
228.0,auto_flow_1.40,bike_flow_1.50,9.3,10.17,0.91
228.0,auto_flow_1.40,car_flow_2.41,17.33,10.17,1.7
228.0,auto_flow_1.41,bike_flow_1.49,17.89,10.47,1.71
228.0,auto_flow_1.41,car_flow_1.50,19.54,10.47,1.87
228.0,auto_flow_1.41,car_flow_2.42,17.58,10.47,1.68
228.0,auto_flow_1.42,bike_flow_1.48,7.61,9.72,0.78
228.0,auto_flow_1.42,bike_flow_2.1,25.5,9.72,2.62
228.0,auto_flow_1.42,bike_flow_2.2,26.87,9.72,2.76
228.0,auto_flow_1.42,bike_flow_2.3,28.88,9.72,2.97
228.0,auto_flow_1.42,car_flow_1.49,16.03,9.72,1.65
228.0,auto_flow_1.42,car_flow_2.43,16.94,9.72,1.74
228.0,auto_flow_1.43,car_flow_1.48,5.01,10.11,0.5
228.0,auto_flow_1.43,car_flow_2.43,26.46,10.11,2.62
228.0,bike_flow_1.48,car_flow_1.49,22.62,9.78,2.31
228.0,bike_flow_1.48,car_flow_2.43,10.53,9.78,1.08
228.0,bike_flow_1.49,bike_flow_2.1,18.18,13.14,1.38
228.0,bike_flow_1.49,bike_flow_2.2,20.76,13.14,1.58
228.0,bike_flow_1.49,bike_flow_2.3,23.91,13.14,1.82
228.0,bike_flow_1.49,bike_flow_2.4,27.44,13.14,2.09
228.0,bike_flow_1.49,bike_flow_2.5,31.23,13.14,2.38
228.0,bike_flow_1.49,bike_flow_2.6,35.18,13.14,2.68
228.0,bike_flow_1.49,bike_flow_2.7,39.25,13.14,2.99
228.0,bike_flow_1.49,car_flow_1.49,25.0,13.14,1.9
228.0,bike_flow_1.49,car_flow_1.50,36.87,13.14,2.81
228.0,bike_flow_1.49,car_flow_2.42,3.2,13.14,0.24
228.0,bike_flow_1.50,car_flow_1.50,23.68,9.29,2.55
228.0,bike_flow_1.50,car_flow_2.41,9.17,9.29,0.99
228.0,car_flow_1.48,car_flow_2.43,22.83,11.73,1.95
228.0,car_flow_1.49,car_flow_2.42,25.23,12.48,2.02
228.0,car_flow_1.49,car_flow_2.43,32.81,12.48,2.63
228.0,car_flow_1.50,car_flow_2.41,15.42,10.07,1.53
229.0,auto_flow_1.40,bike_flow_1.50,28.18,9.82,2.87
229.0,auto_flow_1.40,car_flow_2.41,17.33,9.82,1.76
229.0,auto_flow_1.41,bike_flow_1.50,23.8,9.92,2.4
229.0,auto_flow_1.41,car_flow_1.50,3.21,9.92,0.32
229.0,auto_flow_1.41,car_flow_2.42,16.57,9.92,1.67
229.0,auto_flow_1.42,bike_flow_1.48,27.95,10.75,2.6
229.0,auto_flow_1.42,bike_flow_1.49,18.46,10.75,1.72
229.0,auto_flow_1.42,bike_flow_2.1,15.22,10.75,1.42
229.0,auto_flow_1.42,bike_flow_2.2,17.41,10.75,1.62
229.0,auto_flow_1.42,bike_flow_2.3,20.38,10.75,1.9
229.0,auto_flow_1.42,bike_flow_2.4,23.83,10.75,2.22
229.0,auto_flow_1.42,bike_flow_2.5,27.59,10.75,2.57
229.0,auto_flow_1.42,bike_flow_2.6,31.54,10.75,2.93
229.0,auto_flow_1.42,car_flow_1.49,7.29,10.75,0.68
229.0,auto_flow_1.42,car_flow_2.43,17.96,10.75,1.67
229.0,auto_flow_1.43,bike_flow_1.48,16.19,10.51,1.54
229.0,auto_flow_1.43,car_flow_1.48,18.26,10.51,1.74
229.0,auto_flow_1.43,car_flow_2.43,25.68,10.51,2.44
229.0,bike_flow_1.48,car_flow_1.49,21.22,10.11,2.1
229.0,bike_flow_1.48,car_flow_2.43,10.31,10.11,1.02
229.0,bike_flow_1.49,bike_flow_2.1,9.79,11.78,0.83
229.0,bike_flow_1.49,bike_flow_2.2,14.01,11.78,1.19
229.0,bike_flow_1.49,bike_flow_2.3,18.36,11.78,1.56
229.0,bike_flow_1.49,bike_flow_2.4,22.77,11.78,1.93
229.0,bike_flow_1.49,bike_flow_2.5,27.21,11.78,2.31
229.0,bike_flow_1.49,bike_flow_2.6,31.67,11.78,2.69
229.0,bike_flow_1.49,car_flow_1.49,24.73,11.78,2.1
229.0,bike_flow_1.49,car_flow_2.42,22.96,11.78,1.95
229.0,bike_flow_1.50,car_flow_1.50,23.8,9.45,2.52
229.0,bike_flow_1.50,car_flow_2.41,11.14,9.45,1.18
229.0,car_flow_1.48,car_flow_2.44,21.02,11.32,1.86
229.0,car_flow_1.49,car_flow_2.43,11.86,11.51,1.03
229.0,car_flow_1.50,car_flow_2.42,16.66,9.56,1.74
230.0,auto_flow_1.41,bike_flow_1.50,4.09,10.2,0.4
230.0,auto_flow_1.41,car_flow_1.50,20.45,10.2,2.01
230.0,auto_flow_1.41,car_flow_2.42,16.64,10.2,1.63
230.0,auto_flow_1.42,bike_flow_1.49,5.39,10.57,0.51
230.0,auto_flow_1.42,bike_flow_2.1,6.71,10.57,0.63
230.0,auto_flow_1.42,bike_flow_2.2,10.8,10.57,1.02
230.0,auto_flow_1.42,bike_flow_2.3,15.12,10.57,1.43
230.0,auto_flow_1.42,bike_flow_2.4,19.53,10.57,1.85
230.0,auto_flow_1.42,bike_flow_2.5,23.97,10.57,2.27
230.0,auto_flow_1.42,bike_flow_2.6,28.43,10.57,2.69
230.0,auto_flow_1.42,car_flow_1.49,28.2,10.57,2.67
230.0,auto_flow_1.42,car_flow_2.43,17.31,10.57,1.64
230.0,auto_flow_1.43,bike_flow_1.48,6.32,10.32,0.61
230.0,auto_flow_1.43,car_flow_1.49,16.19,10.32,1.57
230.0,auto_flow_1.43,car_flow_2.43,26.58,10.32,2.58
230.0,bike_flow_1.48,car_flow_1.49,21.32,11.01,1.94
230.0,bike_flow_1.48,car_flow_2.43,32.19,11.01,2.92
230.0,bike_flow_1.49,bike_flow_2.1,11.88,11.95,0.99
230.0,bike_flow_1.49,bike_flow_2.2,15.54,11.95,1.3
230.0,bike_flow_1.49,bike_flow_2.3,19.56,11.95,1.64
230.0,bike_flow_1.49,bike_flow_2.4,23.75,11.95,1.99
230.0,bike_flow_1.49,bike_flow_2.5,28.03,11.95,2.35
230.0,bike_flow_1.49,bike_flow_2.6,32.38,11.95,2.71
230.0,bike_flow_1.49,car_flow_1.49,23.69,11.95,1.98
230.0,bike_flow_1.49,car_flow_2.43,13.37,11.95,1.12
230.0,bike_flow_1.50,car_flow_1.50,22.74,10.84,2.1
230.0,bike_flow_1.50,car_flow_2.41,31.94,10.84,2.95
230.0,bike_flow_1.50,car_flow_2.42,19.45,10.84,1.79
230.0,car_flow_1.48,car_flow_2.44,3.22,11.56,0.28
230.0,car_flow_1.49,car_flow_2.43,11.18,10.91,1.02
230.0,car_flow_1.50,car_flow_2.42,4.78,9.79,0.49
230.0,car_flow_1.51,car_flow_2.41,6.28,10.31,0.61
231.0,auto_flow_1.41,bike_flow_1.50,17.59,10.41,1.69
231.0,auto_flow_1.41,car_flow_1.51,17.71,10.41,1.7
231.0,auto_flow_1.41,car_flow_2.42,17.04,10.41,1.64
231.0,auto_flow_1.42,bike_flow_1.49,25.08,9.8,2.56
231.0,auto_flow_1.42,bike_flow_2.1,8.47,9.8,0.86
231.0,auto_flow_1.42,bike_flow_2.2,11.97,9.8,1.22
231.0,auto_flow_1.42,bike_flow_2.3,15.98,9.8,1.63
231.0,auto_flow_1.42,bike_flow_2.4,20.2,9.8,2.06
231.0,auto_flow_1.42,bike_flow_2.5,24.52,9.8,2.5
231.0,auto_flow_1.42,bike_flow_2.6,28.89,9.8,2.95
231.0,auto_flow_1.42,car_flow_1.50,17.46,9.8,1.78
231.0,auto_flow_1.42,car_flow_2.43,16.5,9.8,1.68
231.0,auto_flow_1.43,bike_flow_1.48,27.62,10.45,2.64
231.0,auto_flow_1.43,bike_flow_1.49,18.65,10.45,1.79
231.0,auto_flow_1.43,car_flow_1.49,7.13,10.45,0.68
231.0,auto_flow_1.43,car_flow_2.43,26.75,10.45,2.56
231.0,bike_flow_1.48,car_flow_1.48,34.26,11.54,2.97
231.0,bike_flow_1.48,car_flow_1.49,21.07,11.54,1.83
231.0,bike_flow_1.48,car_flow_2.44,14.65,11.54,1.27
231.0,bike_flow_1.49,bike_flow_2.1,20.63,10.74,1.92
231.0,bike_flow_1.49,bike_flow_2.2,22.93,10.74,2.14
231.0,bike_flow_1.49,bike_flow_2.3,25.82,10.74,2.41
231.0,bike_flow_1.49,bike_flow_2.4,29.12,10.74,2.71
231.0,bike_flow_1.49,car_flow_1.49,24.75,10.74,2.31
231.0,bike_flow_1.49,car_flow_2.43,8.96,10.74,0.83
231.0,bike_flow_1.50,car_flow_1.50,23.26,9.43,2.47
231.0,bike_flow_1.50,car_flow_2.42,3.21,9.43,0.34
231.0,car_flow_1.48,car_flow_2.44,20.22,11.4,1.77
231.0,car_flow_1.49,car_flow_2.43,33.27,11.8,2.82
231.0,car_flow_1.50,car_flow_2.42,23.74,9.95,2.39
231.0,car_flow_1.51,car_flow_2.42,34.61,11.89,2.91
232.0,auto_flow_1.41,bike_flow_1.51,22.74,9.79,2.32
232.0,auto_flow_1.41,car_flow_1.51,6.82,9.79,0.7
232.0,auto_flow_1.41,car_flow_2.42,16.24,9.79,1.66
232.0,auto_flow_1.42,bike_flow_1.50,20.25,10.46,1.94
232.0,auto_flow_1.42,bike_flow_2.1,17.66,10.46,1.69
232.0,auto_flow_1.42,bike_flow_2.2,19.59,10.46,1.87
232.0,auto_flow_1.42,bike_flow_2.3,22.26,10.46,2.13
232.0,auto_flow_1.42,bike_flow_2.4,25.46,10.46,2.44
232.0,auto_flow_1.42,bike_flow_2.5,29.01,10.46,2.77
232.0,auto_flow_1.42,car_flow_1.50,4.88,10.46,0.47
232.0,auto_flow_1.42,car_flow_2.43,17.51,10.46,1.67
232.0,auto_flow_1.43,bike_flow_1.49,5.47,10.54,0.52
232.0,auto_flow_1.43,bike_flow_2.1,27.05,10.54,2.57
232.0,auto_flow_1.43,bike_flow_2.2,28.34,10.54,2.69
232.0,auto_flow_1.43,bike_flow_2.3,30.26,10.54,2.87
232.0,auto_flow_1.43,car_flow_1.49,29.18,10.54,2.77
232.0,auto_flow_1.43,car_flow_2.43,25.66,10.54,2.43
232.0,auto_flow_1.44,bike_flow_1.48,22.62,10.1,2.24
232.0,auto_flow_1.44,car_flow_2.44,29.44,10.1,2.91
232.0,bike_flow_1.48,car_flow_1.49,20.66,11.68,1.77
232.0,bike_flow_1.48,car_flow_2.44,7.74,11.68,0.66
232.0,bike_flow_1.49,bike_flow_2.1,32.14,12.27,2.62
232.0,bike_flow_1.49,bike_flow_2.2,33.66,12.27,2.74
232.0,bike_flow_1.49,bike_flow_2.3,35.69,12.27,2.91
232.0,bike_flow_1.49,car_flow_1.49,24.57,12.27,2.0
232.0,bike_flow_1.49,car_flow_2.43,30.26,12.27,2.47
232.0,bike_flow_1.50,car_flow_1.50,23.68,9.97,2.37
232.0,bike_flow_1.50,car_flow_2.42,21.08,9.97,2.11
232.0,bike_flow_1.51,car_flow_1.51,28.54,11.34,2.52
232.0,car_flow_1.49,car_flow_2.44,13.98,12.09,1.16
232.0,car_flow_1.50,car_flow_2.43,14.18,10.4,1.36
232.0,car_flow_1.51,car_flow_2.42,10.71,13.65,0.78
233.0,auto_flow_1.41,bike_flow_1.51,3.28,10.85,0.3
233.0,auto_flow_1.41,car_flow_1.51,30.69,10.85,2.83
233.0,auto_flow_1.41,car_flow_2.42,17.67,10.85,1.63
233.0,auto_flow_1.42,bike_flow_1.50,3.46,10.24,0.34
233.0,auto_flow_1.42,bike_flow_2.1,27.56,10.24,2.69
233.0,auto_flow_1.42,bike_flow_2.2,28.83,10.24,2.81
233.0,auto_flow_1.42,bike_flow_2.3,30.71,10.24,3.0
233.0,auto_flow_1.42,car_flow_1.50,24.02,10.24,2.35
233.0,auto_flow_1.42,car_flow_1.51,27.33,10.24,2.67
233.0,auto_flow_1.42,car_flow_2.43,17.13,10.24,1.67
233.0,auto_flow_1.43,bike_flow_1.49,28.41,10.49,2.71
233.0,auto_flow_1.43,bike_flow_2.1,16.94,10.49,1.62
233.0,auto_flow_1.43,bike_flow_2.2,18.94,10.49,1.81
233.0,auto_flow_1.43,bike_flow_2.3,21.7,10.49,2.07
233.0,auto_flow_1.43,bike_flow_2.4,24.97,10.49,2.38
233.0,auto_flow_1.43,bike_flow_2.5,28.57,10.49,2.72
233.0,auto_flow_1.43,car_flow_1.50,19.37,10.49,1.85
233.0,auto_flow_1.43,car_flow_2.43,25.79,10.49,2.46
233.0,auto_flow_1.44,bike_flow_1.48,3.2,10.72,0.3
233.0,auto_flow_1.44,car_flow_1.49,20.76,10.72,1.94
233.0,auto_flow_1.44,car_flow_2.44,28.47,10.72,2.66
233.0,bike_flow_1.48,car_flow_1.49,20.67,11.83,1.75
233.0,bike_flow_1.48,car_flow_2.44,28.81,11.83,2.43
233.0,bike_flow_1.49,car_flow_1.49,23.09,13.3,1.74
233.0,bike_flow_1.49,car_flow_2.44,15.46,13.3,1.16
233.0,bike_flow_1.50,bike_flow_2.1,27.15,11.07,2.45
233.0,bike_flow_1.50,bike_flow_2.2,28.94,11.07,2.61
233.0,bike_flow_1.50,bike_flow_2.3,31.28,11.07,2.83
233.0,bike_flow_1.50,car_flow_1.50,22.49,11.07,2.03
233.0,bike_flow_1.50,car_flow_1.51,28.46,11.07,2.57
233.0,bike_flow_1.50,car_flow_2.43,16.13,11.07,1.46
233.0,bike_flow_1.51,car_flow_1.51,29.82,12.38,2.41
233.0,bike_flow_1.51,car_flow_2.42,17.26,12.38,1.39
233.0,car_flow_1.49,car_flow_2.44,8.58,11.82,0.73
233.0,car_flow_1.50,car_flow_2.43,7.41,9.88,0.75
233.0,car_flow_1.51,car_flow_2.42,13.24,13.66,0.97
234.0,auto_flow_1.41,bike_flow_1.51,22.22,10.42,2.13
234.0,auto_flow_1.41,car_flow_2.42,17.43,10.42,1.67
234.0,auto_flow_1.42,bike_flow_1.50,22.25,10.01,2.22
234.0,auto_flow_1.42,car_flow_1.51,4.71,10.01,0.47
234.0,auto_flow_1.42,car_flow_2.43,17.28,10.01,1.73
234.0,auto_flow_1.43,bike_flow_1.50,20.95,10.2,2.05
234.0,auto_flow_1.43,bike_flow_2.1,8.1,10.2,0.79
234.0,auto_flow_1.43,bike_flow_2.2,11.71,10.2,1.15
234.0,auto_flow_1.43,bike_flow_2.3,15.79,10.2,1.55
234.0,auto_flow_1.43,bike_flow_2.4,20.05,10.2,1.97
234.0,auto_flow_1.43,bike_flow_2.5,24.39,10.2,2.39
234.0,auto_flow_1.43,bike_flow_2.6,28.79,10.2,2.82
234.0,auto_flow_1.43,car_flow_1.50,3.32,10.2,0.33
234.0,auto_flow_1.43,car_flow_2.43,25.44,10.2,2.49
234.0,auto_flow_1.44,bike_flow_1.48,22.74,10.46,2.17
234.0,auto_flow_1.44,bike_flow_1.49,20.5,10.46,1.96
234.0,auto_flow_1.44,car_flow_1.49,4.0,10.46,0.38
234.0,auto_flow_1.44,car_flow_2.44,27.05,10.46,2.58
234.0,bike_flow_1.48,car_flow_1.49,20.11,11.89,1.69
234.0,bike_flow_1.49,car_flow_1.49,22.65,12.89,1.76
234.0,bike_flow_1.49,car_flow_2.44,7.51,12.89,0.58
234.0,bike_flow_1.50,bike_flow_2.1,17.4,10.7,1.63
234.0,bike_flow_1.50,bike_flow_2.2,20.08,10.7,1.88
234.0,bike_flow_1.50,bike_flow_2.3,23.32,10.7,2.18
234.0,bike_flow_1.50,bike_flow_2.4,26.93,10.7,2.52
234.0,bike_flow_1.50,bike_flow_2.5,30.78,10.7,2.88
234.0,bike_flow_1.50,car_flow_1.50,21.58,10.7,2.02
234.0,bike_flow_1.50,car_flow_1.51,25.48,10.7,2.38
234.0,bike_flow_1.50,car_flow_2.43,5.72,10.7,0.53
234.0,bike_flow_1.51,car_flow_2.42,5.57,10.86,0.51
234.0,car_flow_1.49,car_flow_2.44,29.62,12.45,2.38
234.0,car_flow_1.50,car_flow_2.43,26.51,9.79,2.71
234.0,car_flow_1.51,car_flow_2.42,37.34,13.68,2.73
234.0,car_flow_1.51,car_flow_2.43,20.99,13.68,1.53
235.0,auto_flow_1.42,bike_flow_1.51,12.27,10.87,1.13
235.0,auto_flow_1.42,car_flow_1.51,21.17,10.87,1.95
235.0,auto_flow_1.42,car_flow_2.43,17.57,10.87,1.62
235.0,auto_flow_1.43,bike_flow_1.50,3.72,10.15,0.37
235.0,auto_flow_1.43,bike_flow_2.1,7.2,10.15,0.71
235.0,auto_flow_1.43,bike_flow_2.2,11.11,10.15,1.09
235.0,auto_flow_1.43,bike_flow_2.3,15.35,10.15,1.51
235.0,auto_flow_1.43,bike_flow_2.4,19.7,10.15,1.94
235.0,auto_flow_1.43,bike_flow_2.5,24.11,10.15,2.37
235.0,auto_flow_1.43,bike_flow_2.6,28.55,10.15,2.81
235.0,auto_flow_1.43,car_flow_1.50,21.37,10.15,2.1
235.0,auto_flow_1.43,car_flow_1.51,22.74,10.15,2.24
235.0,auto_flow_1.43,car_flow_2.43,25.87,10.15,2.55
235.0,auto_flow_1.44,bike_flow_1.49,3.84,9.71,0.4
235.0,auto_flow_1.44,car_flow_1.49,24.72,9.71,2.54
235.0,auto_flow_1.44,car_flow_2.44,26.36,9.71,2.71
235.0,bike_flow_1.49,car_flow_1.49,22.39,12.65,1.77
235.0,bike_flow_1.49,car_flow_2.44,28.66,12.65,2.27
235.0,bike_flow_1.50,bike_flow_2.1,10.9,8.65,1.26
235.0,bike_flow_1.50,bike_flow_2.2,14.81,8.65,1.71
235.0,bike_flow_1.50,bike_flow_2.3,18.98,8.65,2.19
235.0,bike_flow_1.50,bike_flow_2.4,23.27,8.65,2.69
235.0,bike_flow_1.50,car_flow_1.50,23.02,8.65,2.66
235.0,bike_flow_1.50,car_flow_1.51,20.62,8.65,2.38
235.0,bike_flow_1.50,car_flow_2.43,24.19,8.65,2.8
235.0,bike_flow_1.51,car_flow_1.51,32.78,13.37,2.45
235.0,bike_flow_1.51,car_flow_1.52,33.61,13.37,2.51
235.0,bike_flow_1.51,car_flow_2.42,28.8,13.37,2.15
235.0,bike_flow_1.51,car_flow_2.43,29.59,13.37,2.21
235.0,car_flow_1.50,car_flow_2.44,24.72,10.1,2.45
235.0,car_flow_1.51,car_flow_2.43,4.64,13.51,0.34
235.0,car_flow_1.52,car_flow_2.42,5.93,11.85,0.5
236.0,auto_flow_1.42,bike_flow_1.51,12.44,10.85,1.15
236.0,auto_flow_1.42,car_flow_1.52,21.55,10.85,1.99
236.0,auto_flow_1.42,car_flow_2.43,17.77,10.85,1.64
236.0,auto_flow_1.43,bike_flow_1.50,18.44,10.74,1.72
236.0,auto_flow_1.43,bike_flow_1.51,31.69,10.74,2.95
236.0,auto_flow_1.43,bike_flow_2.1,15.76,10.74,1.47
236.0,auto_flow_1.43,bike_flow_2.2,18.25,10.74,1.7
236.0,auto_flow_1.43,bike_flow_2.3,21.1,10.74,1.97
236.0,auto_flow_1.43,bike_flow_2.4,24.45,10.74,2.28
236.0,auto_flow_1.43,bike_flow_2.5,28.12,10.74,2.62
236.0,auto_flow_1.43,bike_flow_2.6,32.01,10.74,2.98
236.0,auto_flow_1.43,car_flow_1.51,3.3,10.74,0.31
236.0,auto_flow_1.43,car_flow_2.43,25.79,10.74,2.4
236.0,auto_flow_1.44,bike_flow_1.49,25.69,10.31,2.49
236.0,auto_flow_1.44,car_flow_1.50,30.62,10.31,2.97
236.0,auto_flow_1.44,car_flow_2.44,25.47,10.31,2.47
236.0,bike_flow_1.49,car_flow_2.45,14.08,13.06,1.08
236.0,bike_flow_1.50,bike_flow_2.1,8.58,9.32,0.92
236.0,bike_flow_1.50,bike_flow_2.2,13.74,9.32,1.47
236.0,bike_flow_1.50,bike_flow_2.3,18.16,9.32,1.95
236.0,bike_flow_1.50,bike_flow_2.4,22.61,9.32,2.42
236.0,bike_flow_1.50,bike_flow_2.5,27.08,9.32,2.9
236.0,bike_flow_1.50,car_flow_1.50,23.81,9.32,2.55
236.0,bike_flow_1.50,car_flow_1.51,18.98,9.32,2.04
236.0,bike_flow_1.51,car_flow_1.51,30.71,13.02,2.36
236.0,bike_flow_1.51,car_flow_1.52,33.34,13.02,2.56
236.0,bike_flow_1.51,car_flow_2.43,6.58,13.02,0.51
236.0,car_flow_1.50,car_flow_2.44,5.92,10.11,0.59
236.0,car_flow_1.51,car_flow_2.43,25.17,10.95,2.3
236.0,car_flow_1.52,car_flow_2.43,39.21,13.3,2.95
237.0,auto_flow_1.42,bike_flow_1.52,27.18,10.62,2.56
237.0,auto_flow_1.42,car_flow_1.52,3.99,10.62,0.38
237.0,auto_flow_1.42,car_flow_2.43,17.32,10.62,1.63
237.0,auto_flow_1.43,bike_flow_1.51,8.1,10.87,0.75
237.0,auto_flow_1.43,bike_flow_2.1,25.27,10.87,2.32
237.0,auto_flow_1.43,bike_flow_2.2,27.73,10.87,2.55
237.0,auto_flow_1.43,bike_flow_2.3,29.87,10.87,2.75
237.0,auto_flow_1.43,bike_flow_2.4,32.33,10.87,2.97
237.0,auto_flow_1.43,car_flow_1.51,20.22,10.87,1.86
237.0,auto_flow_1.43,car_flow_2.43,25.99,10.87,2.39
237.0,auto_flow_1.44,car_flow_1.50,11.0,10.36,1.06
237.0,auto_flow_1.44,car_flow_2.44,24.58,10.36,2.37
237.0,bike_flow_1.49,car_flow_2.45,9.35,12.97,0.72
237.0,bike_flow_1.50,bike_flow_2.1,15.72,10.85,1.45
237.0,bike_flow_1.50,bike_flow_2.2,18.9,10.85,1.74
237.0,bike_flow_1.50,bike_flow_2.3,22.65,10.85,2.09
237.0,bike_flow_1.50,bike_flow_2.4,26.35,10.85,2.43
237.0,bike_flow_1.50,bike_flow_2.5,30.27,10.85,2.79
237.0,bike_flow_1.50,car_flow_1.50,22.52,10.85,2.08
237.0,bike_flow_1.50,car_flow_1.51,19.92,10.85,1.84
237.0,bike_flow_1.50,car_flow_2.44,9.06,10.85,0.84
237.0,bike_flow_1.51,bike_flow_2.1,33.07,13.22,2.5
237.0,bike_flow_1.51,bike_flow_2.2,35.82,13.22,2.71
237.0,bike_flow_1.51,bike_flow_2.3,37.93,13.22,2.87
237.0,bike_flow_1.51,car_flow_1.51,27.41,13.22,2.07
237.0,bike_flow_1.51,car_flow_1.52,33.48,13.22,2.53
237.0,bike_flow_1.51,car_flow_2.43,18.82,13.22,1.42
237.0,bike_flow_1.52,car_flow_1.52,29.37,12.07,2.43
237.0,bike_flow_2.1,bike_flow_2.2,7.35,2.6,2.83
237.0,bike_flow_2.1,car_flow_1.51,7.59,2.6,2.92
237.0,car_flow_1.50,car_flow_2.44,14.41,9.56,1.51
237.0,car_flow_1.51,car_flow_2.44,28.57,9.92,2.88
237.0,car_flow_1.52,car_flow_2.43,15.28,13.07,1.17
238.0,auto_flow_1.42,bike_flow_1.52,4.89,10.27,0.48
238.0,auto_flow_1.42,car_flow_1.52,26.62,10.27,2.59
238.0,auto_flow_1.42,car_flow_2.43,16.82,10.27,1.64
238.0,auto_flow_1.43,bike_flow_1.51,15.29,10.12,1.51
238.0,auto_flow_1.43,car_flow_1.52,17.32,10.12,1.71
238.0,auto_flow_1.43,car_flow_2.43,26.64,10.12,2.63
238.0,auto_flow_1.44,bike_flow_1.50,12.13,9.94,1.22
238.0,auto_flow_1.44,car_flow_1.50,10.01,9.94,1.01
238.0,auto_flow_1.44,car_flow_2.44,24.25,9.94,2.44
238.0,auto_flow_1.45,car_flow_2.45,21.99,10.0,2.2
238.0,bike_flow_1.50,bike_flow_2.1,29.49,11.41,2.58
238.0,bike_flow_1.50,bike_flow_2.2,27.77,11.41,2.43
238.0,bike_flow_1.50,bike_flow_2.3,30.85,11.41,2.7
238.0,bike_flow_1.50,bike_flow_2.4,33.79,11.41,2.96
238.0,bike_flow_1.50,car_flow_1.50,21.18,11.41,1.86
238.0,bike_flow_1.50,car_flow_1.51,19.85,11.41,1.74
238.0,bike_flow_1.50,car_flow_2.44,12.95,11.41,1.13
238.0,bike_flow_1.51,bike_flow_2.1,17.52,12.27,1.43
238.0,bike_flow_1.51,bike_flow_2.2,24.08,12.27,1.96
238.0,bike_flow_1.51,bike_flow_2.3,27.58,12.27,2.25
238.0,bike_flow_1.51,bike_flow_2.4,30.83,12.27,2.51
238.0,bike_flow_1.51,bike_flow_2.5,34.24,12.27,2.79
238.0,bike_flow_1.51,car_flow_1.51,26.61,12.27,2.17
238.0,bike_flow_1.51,car_flow_1.52,31.97,12.27,2.61
238.0,bike_flow_1.51,car_flow_2.44,34.07,12.27,2.78
238.0,bike_flow_1.52,car_flow_1.52,30.12,13.03,2.31
238.0,bike_flow_1.52,car_flow_2.43,20.76,13.03,1.59
238.0,bike_flow_2.1,bike_flow_2.2,8.98,3.99,2.25
238.0,bike_flow_2.1,car_flow_1.51,10.04,3.99,2.52
238.0,car_flow_1.51,car_flow_2.44,7.97,11.48,0.69
238.0,car_flow_1.52,car_flow_2.43,10.13,13.78,0.74
239.0,auto_flow_1.42,bike_flow_1.52,19.09,9.83,1.94
239.0,auto_flow_1.42,car_flow_1.53,5.04,9.83,0.51
239.0,auto_flow_1.42,car_flow_2.43,16.94,9.83,1.72
239.0,auto_flow_1.43,bike_flow_1.52,24.25,10.43,2.32
239.0,auto_flow_1.43,car_flow_1.52,7.27,10.43,0.7
239.0,auto_flow_1.43,car_flow_2.43,25.91,10.43,2.48
239.0,auto_flow_1.44,bike_flow_1.50,8.69,10.45,0.83
239.0,auto_flow_1.44,bike_flow_2.2,27.37,10.45,2.62
239.0,auto_flow_1.44,bike_flow_2.3,29.54,10.45,2.83
239.0,auto_flow_1.44,car_flow_1.50,30.62,10.45,2.93
239.0,auto_flow_1.44,car_flow_1.51,10.0,10.45,0.96
239.0,auto_flow_1.44,car_flow_2.44,22.03,10.45,2.11
239.0,auto_flow_1.45,car_flow_2.45,22.2,9.82,2.26
239.0,bike_flow_1.50,car_flow_1.50,22.38,9.32,2.4
239.0,bike_flow_1.50,car_flow_1.51,17.54,9.32,1.88
239.0,bike_flow_1.51,bike_flow_2.1,3.36,12.75,0.26
239.0,bike_flow_1.51,bike_flow_2.2,13.0,12.75,1.02
239.0,bike_flow_1.51,bike_flow_2.3,18.23,12.75,1.43
239.0,bike_flow_1.51,bike_flow_2.4,23.89,12.75,1.87
239.0,bike_flow_1.51,bike_flow_2.5,28.19,12.75,2.21
239.0,bike_flow_1.51,bike_flow_2.6,32.52,12.75,2.55
239.0,bike_flow_1.51,bike_flow_2.7,36.88,12.75,2.89
239.0,bike_flow_1.51,car_flow_1.51,25.5,12.75,2.0
239.0,bike_flow_1.51,car_flow_1.52,31.6,12.75,2.48
239.0,bike_flow_1.51,car_flow_2.44,13.32,12.75,1.04
239.0,bike_flow_1.52,car_flow_1.52,30.57,12.68,2.41
239.0,bike_flow_1.52,car_flow_1.53,22.71,12.68,1.79
239.0,bike_flow_1.52,car_flow_2.43,3.71,12.68,0.29
239.0,bike_flow_2.1,bike_flow_2.2,11.58,5.46,2.12
239.0,bike_flow_2.1,bike_flow_2.3,16.04,5.46,2.94
239.0,bike_flow_2.1,car_flow_2.44,13.95,5.46,2.56
239.0,car_flow_1.50,car_flow_2.45,10.01,10.52,0.95
239.0,car_flow_1.51,car_flow_2.44,12.96,11.63,1.11
239.0,car_flow_1.52,car_flow_2.43,32.6,13.12,2.48
239.0,car_flow_1.53,car_flow_2.43,21.07,12.85,1.64
240.0,auto_flow_1.43,bike_flow_1.52,3.2,9.8,0.33
240.0,auto_flow_1.43,car_flow_1.53,23.93,9.8,2.44
240.0,auto_flow_1.43,car_flow_2.43,26.0,9.8,2.65
240.0,auto_flow_1.44,bike_flow_1.50,28.86,9.92,2.91
240.0,auto_flow_1.44,bike_flow_1.51,12.51,9.92,1.26
240.0,auto_flow_1.44,bike_flow_2.2,17.91,9.92,1.81
240.0,auto_flow_1.44,bike_flow_2.3,20.33,9.92,2.05
240.0,auto_flow_1.44,bike_flow_2.4,24.79,9.92,2.5
240.0,auto_flow_1.44,bike_flow_2.5,28.92,9.92,2.92
240.0,auto_flow_1.44,car_flow_1.51,10.53,9.92,1.06
240.0,auto_flow_1.44,car_flow_2.44,19.07,9.92,1.92
240.0,auto_flow_1.45,car_flow_1.50,12.61,9.62,1.31
240.0,auto_flow_1.45,car_flow_2.45,22.1,9.62,2.3
240.0,auto_flow_1.45,car_flow_2.46,17.44,9.62,1.81
240.0,bike_flow_1.50,car_flow_1.50,21.56,10.69,2.02
240.0,bike_flow_1.50,car_flow_1.51,18.65,10.69,1.75
240.0,bike_flow_1.50,car_flow_2.45,12.09,10.69,1.13
240.0,bike_flow_1.51,bike_flow_2.1,22.32,12.95,1.72
240.0,bike_flow_1.51,bike_flow_2.2,10.87,12.95,0.84
240.0,bike_flow_1.51,bike_flow_2.3,15.58,12.95,1.2
240.0,bike_flow_1.51,bike_flow_2.4,22.07,12.95,1.7
240.0,bike_flow_1.51,bike_flow_2.5,27.25,12.95,2.1
240.0,bike_flow_1.51,bike_flow_2.6,31.73,12.95,2.45
240.0,bike_flow_1.51,bike_flow_2.7,36.19,12.95,2.79
240.0,bike_flow_1.51,car_flow_1.51,22.12,12.95,1.71
240.0,bike_flow_1.51,car_flow_1.52,31.47,12.95,2.43
240.0,bike_flow_1.51,car_flow_2.44,7.67,12.95,0.59
240.0,bike_flow_1.52,bike_flow_2.1,39.03,14.13,2.76
240.0,bike_flow_1.52,car_flow_1.52,29.52,14.13,2.09
240.0,bike_flow_1.52,car_flow_1.53,23.62,14.13,1.67
240.0,bike_flow_1.52,car_flow_2.43,26.1,14.13,1.85
240.0,bike_flow_2.1,bike_flow_2.2,18.79,8.12,2.31
240.0,bike_flow_2.1,bike_flow_2.3,21.11,8.12,2.6
240.0,bike_flow_2.1,car_flow_1.52,9.91,8.12,1.22
240.0,bike_flow_2.1,car_flow_2.44,15.11,8.12,1.86
240.0,car_flow_1.50,car_flow_2.45,10.41,9.88,1.05
240.0,car_flow_1.52,car_flow_2.44,24.7,13.09,1.89
240.0,car_flow_1.53,car_flow_2.43,3.93,13.22,0.3
241.0,auto_flow_1.43,bike_flow_1.52,22.66,9.57,2.37
241.0,auto_flow_1.43,car_flow_1.53,3.23,9.57,0.34
241.0,auto_flow_1.43,car_flow_2.43,27.5,9.57,2.88
241.0,auto_flow_1.44,bike_flow_1.51,6.41,8.57,0.75
241.0,auto_flow_1.44,bike_flow_2.2,10.43,8.57,1.22
241.0,auto_flow_1.44,bike_flow_2.3,13.93,8.57,1.63
241.0,auto_flow_1.44,bike_flow_2.4,18.32,8.57,2.14
241.0,auto_flow_1.44,bike_flow_2.5,24.83,8.57,2.9
241.0,auto_flow_1.44,car_flow_1.52,21.65,8.57,2.53
241.0,auto_flow_1.44,car_flow_2.44,18.9,8.57,2.21
241.0,auto_flow_1.45,bike_flow_1.50,14.2,10.27,1.38
241.0,auto_flow_1.45,car_flow_1.50,8.69,10.27,0.85
241.0,auto_flow_1.45,car_flow_2.45,21.77,10.27,2.12
241.0,auto_flow_1.45,car_flow_2.46,17.64,10.27,1.72
241.0,bike_flow_1.50,car_flow_1.50,21.92,9.65,2.27
241.0,bike_flow_1.50,car_flow_1.51,17.72,9.65,1.84
241.0,bike_flow_1.50,car_flow_2.45,8.56,9.65,0.89
241.0,bike_flow_1.51,bike_flow_2.2,16.78,9.08,1.85
241.0,bike_flow_1.51,bike_flow_2.3,19.94,9.08,2.2
241.0,bike_flow_1.51,bike_flow_2.4,23.91,9.08,2.63
241.0,bike_flow_1.51,car_flow_1.51,23.62,9.08,2.6
241.0,bike_flow_1.51,car_flow_1.52,26.97,9.08,2.97
241.0,bike_flow_1.51,car_flow_2.44,24.67,9.08,2.72
241.0,bike_flow_1.52,bike_flow_2.1,15.75,12.96,1.22
241.0,bike_flow_1.52,car_flow_1.52,30.13,12.96,2.32
241.0,bike_flow_1.52,car_flow_1.53,22.88,12.96,1.76
241.0,bike_flow_1.52,car_flow_2.44,32.8,12.96,2.53
241.0,bike_flow_2.1,bike_flow_2.2,28.85,10.52,2.74
241.0,bike_flow_2.1,bike_flow_2.3,30.29,10.52,2.88
241.0,bike_flow_2.1,car_flow_1.52,15.05,10.52,1.43
241.0,bike_flow_2.1,car_flow_2.44,17.22,10.52,1.64
241.0,car_flow_1.50,car_flow_2.46,10.08,10.0,1.01
241.0,car_flow_1.51,car_flow_2.45,10.29,10.58,0.97
241.0,car_flow_1.52,car_flow_2.44,4.07,13.57,0.3
241.0,car_flow_1.53,car_flow_2.43,27.25,13.71,1.99
242.0,auto_flow_1.43,bike_flow_1.53,20.8,9.82,2.12
242.0,auto_flow_1.43,car_flow_1.53,22.73,9.82,2.31
242.0,auto_flow_1.44,bike_flow_2.2,6.61,7.85,0.84
242.0,auto_flow_1.44,bike_flow_2.3,11.19,7.85,1.43
242.0,auto_flow_1.44,bike_flow_2.4,16.37,7.85,2.08
242.0,auto_flow_1.44,bike_flow_2.5,21.94,7.85,2.79
242.0,auto_flow_1.44,car_flow_1.52,3.39,7.85,0.43
242.0,auto_flow_1.44,car_flow_2.44,19.98,7.85,2.54
242.0,auto_flow_1.45,bike_flow_1.50,7.73,9.84,0.79
242.0,auto_flow_1.45,car_flow_1.50,27.7,9.84,2.82
242.0,auto_flow_1.45,car_flow_1.51,11.98,9.84,1.22
242.0,auto_flow_1.45,car_flow_2.45,21.73,9.84,2.21
242.0,auto_flow_1.45,car_flow_2.46,17.08,9.84,1.74
242.0,auto_flow_1.46,car_flow_1.50,12.45,10.01,1.24
242.0,auto_flow_1.46,car_flow_2.46,22.47,10.01,2.24
242.0,bike_flow_1.50,car_flow_1.50,20.49,11.03,1.86
242.0,bike_flow_1.50,car_flow_1.51,18.58,11.03,1.68
242.0,bike_flow_1.50,car_flow_2.45,28.94,11.03,2.62
242.0,bike_flow_1.50,car_flow_2.46,10.54,11.03,0.96
242.0,bike_flow_1.51,bike_flow_2.2,26.99,11.54,2.34
242.0,bike_flow_1.51,bike_flow_2.3,28.97,11.54,2.51
242.0,bike_flow_1.51,bike_flow_2.4,31.86,11.54,2.76
242.0,bike_flow_1.51,car_flow_1.51,22.26,11.54,1.93
242.0,bike_flow_1.51,car_flow_1.52,26.06,11.54,2.26
242.0,bike_flow_1.51,car_flow_2.45,12.49,11.54,1.08
242.0,bike_flow_1.52,bike_flow_2.1,9.92,15.2,0.65
242.0,bike_flow_1.52,bike_flow_2.2,29.95,15.2,1.97
242.0,bike_flow_1.52,bike_flow_2.3,31.74,15.2,2.09
242.0,bike_flow_1.52,bike_flow_2.4,34.4,15.2,2.26
242.0,bike_flow_1.52,bike_flow_2.5,37.85,15.2,2.49
242.0,bike_flow_1.52,bike_flow_2.6,42.19,15.2,2.78
242.0,bike_flow_1.52,car_flow_1.52,27.38,15.2,1.8
242.0,bike_flow_1.52,car_flow_1.53,24.95,15.2,1.64
242.0,bike_flow_1.52,car_flow_2.44,9.1,15.2,0.6
242.0,bike_flow_2.1,car_flow_1.53,15.88,9.61,1.65
242.0,bike_flow_2.1,car_flow_2.44,17.91,9.61,1.86
242.0,car_flow_1.50,car_flow_2.46,10.92,9.6,1.14
242.0,car_flow_1.51,car_flow_2.45,10.68,10.17,1.05
242.0,car_flow_1.51,car_flow_2.46,28.8,10.17,2.83
242.0,car_flow_1.52,car_flow_2.44,19.13,12.45,1.54
242.0,car_flow_1.53,car_flow_2.44,33.62,13.13,2.56
243.0,auto_flow_1.43,bike_flow_1.53,4.27,10.79,0.4
243.0,auto_flow_1.44,bike_flow_1.52,6.82,9.47,0.72
243.0,auto_flow_1.44,bike_flow_2.2,11.39,9.47,1.2
243.0,auto_flow_1.44,bike_flow_2.3,14.48,9.47,1.53
243.0,auto_flow_1.44,bike_flow_2.4,18.58,9.47,1.96
243.0,auto_flow_1.44,bike_flow_2.5,22.92,9.47,2.42
243.0,auto_flow_1.44,car_flow_1.52,22.21,9.47,2.34
243.0,auto_flow_1.44,car_flow_2.44,19.92,9.47,2.1
243.0,auto_flow_1.45,bike_flow_1.50,26.89,10.5,2.56
243.0,auto_flow_1.45,bike_flow_1.51,14.14,10.5,1.35
243.0,auto_flow_1.45,car_flow_1.51,10.28,10.5,0.98
243.0,auto_flow_1.45,car_flow_2.45,20.7,10.5,1.97
243.0,auto_flow_1.45,car_flow_2.46,17.5,10.5,1.67
243.0,auto_flow_1.46,bike_flow_1.50,13.44,10.3,1.31
243.0,auto_flow_1.46,car_flow_1.50,8.92,10.3,0.87
243.0,auto_flow_1.46,car_flow_1.51,30.16,10.3,2.93
243.0,auto_flow_1.46,car_flow_2.46,22.25,10.3,2.16
243.0,bike_flow_1.50,car_flow_1.50,21.38,9.17,2.33
243.0,bike_flow_1.50,car_flow_1.51,16.94,9.17,1.85
243.0,bike_flow_1.50,car_flow_2.46,9.74,9.17,1.06
243.0,bike_flow_1.51,car_flow_1.51,23.53,9.54,2.47
243.0,bike_flow_1.51,car_flow_1.52,21.98,9.54,2.3
243.0,bike_flow_1.51,car_flow_2.45,7.64,9.54,0.8
243.0,bike_flow_1.52,bike_flow_2.1,34.18,12.99,2.63
243.0,bike_flow_1.52,bike_flow_2.2,18.17,12.99,1.4
243.0,bike_flow_1.52,bike_flow_2.3,20.96,12.99,1.61
243.0,bike_flow_1.52,bike_flow_2.4,24.63,12.99,1.9
243.0,bike_flow_1.52,bike_flow_2.5,28.59,12.99,2.2
243.0,bike_flow_1.52,bike_flow_2.6,34.1,12.99,2.62
243.0,bike_flow_1.52,bike_flow_2.7,38.97,12.99,3.0
243.0,bike_flow_1.52,car_flow_1.52,28.0,12.99,2.15
243.0,bike_flow_1.52,car_flow_1.53,24.24,12.99,1.87
243.0,bike_flow_1.52,car_flow_2.44,14.26,12.99,1.1
243.0,bike_flow_1.53,bike_flow_2.1,34.52,12.6,2.74
243.0,bike_flow_2.1,car_flow_1.53,10.31,11.65,0.88
243.0,bike_flow_2.1,car_flow_2.44,20.14,11.65,1.73
243.0,car_flow_1.51,car_flow_2.45,30.64,10.81,2.83
243.0,car_flow_1.51,car_flow_2.46,8.37,10.81,0.77
243.0,car_flow_1.52,car_flow_2.45,15.38,13.62,1.13
243.0,car_flow_1.53,car_flow_2.44,10.82,13.71,0.79
244.0,auto_flow_1.43,bike_flow_1.53,23.94,9.93,2.41
244.0,auto_flow_1.44,bike_flow_1.52,16.6,9.64,1.72
244.0,auto_flow_1.44,bike_flow_2.2,20.03,9.64,2.08
244.0,auto_flow_1.44,bike_flow_2.3,21.94,9.64,2.28
244.0,auto_flow_1.44,bike_flow_2.4,24.71,9.64,2.56
244.0,auto_flow_1.44,bike_flow_2.5,28.09,9.64,2.91
244.0,auto_flow_1.44,car_flow_1.53,7.75,9.64,0.8
244.0,auto_flow_1.44,car_flow_2.44,19.6,9.64,2.03
244.0,auto_flow_1.45,bike_flow_1.51,8.25,10.05,0.82
244.0,auto_flow_1.45,car_flow_1.51,29.34,10.05,2.92
244.0,auto_flow_1.45,car_flow_1.52,14.29,10.05,1.42
244.0,auto_flow_1.45,car_flow_2.45,20.31,10.05,2.02
244.0,auto_flow_1.45,car_flow_2.46,16.88,10.05,1.68
244.0,auto_flow_1.46,bike_flow_1.50,8.84,10.93,0.81
244.0,auto_flow_1.46,bike_flow_1.51,31.43,10.93,2.87
244.0,auto_flow_1.46,car_flow_1.51,10.22,10.93,0.93
244.0,auto_flow_1.46,car_flow_2.46,21.99,10.93,2.01
244.0,auto_flow_1.46,car_flow_2.47,19.23,10.93,1.76
244.0,bike_flow_1.50,car_flow_1.51,17.95,10.36,1.73
244.0,bike_flow_1.50,car_flow_2.46,30.4,10.36,2.93
244.0,bike_flow_1.50,car_flow_2.47,11.44,10.36,1.1
244.0,bike_flow_1.51,car_flow_1.51,21.57,11.32,1.91
244.0,bike_flow_1.51,car_flow_1.52,21.53,11.32,1.9
244.0,bike_flow_1.51,car_flow_2.45,28.1,11.32,2.48
244.0,bike_flow_1.51,car_flow_2.46,9.82,11.32,0.87
244.0,bike_flow_1.52,bike_flow_2.2,10.15,12.67,0.8
244.0,bike_flow_1.52,bike_flow_2.3,14.56,12.67,1.15
244.0,bike_flow_1.52,bike_flow_2.4,19.28,12.67,1.52
244.0,bike_flow_1.52,bike_flow_2.5,24.11,12.67,1.9
244.0,bike_flow_1.52,bike_flow_2.6,30.37,12.67,2.4
244.0,bike_flow_1.52,bike_flow_2.7,35.81,12.67,2.83
244.0,bike_flow_1.52,car_flow_1.52,27.09,12.67,2.14
244.0,bike_flow_1.52,car_flow_1.53,23.34,12.67,1.84
244.0,bike_flow_1.52,car_flow_2.44,36.03,12.67,2.84
244.0,bike_flow_1.52,car_flow_2.45,20.96,12.67,1.65
244.0,bike_flow_1.53,bike_flow_2.1,13.41,10.96,1.22
244.0,bike_flow_2.1,car_flow_2.44,21.2,10.38,2.04
244.0,car_flow_1.51,car_flow_2.46,12.7,9.35,1.36
244.0,car_flow_1.52,car_flow_2.45,7.14,11.77,0.61
244.0,car_flow_1.52,car_flow_2.46,30.98,11.77,2.63
244.0,car_flow_1.53,car_flow_2.44,12.95,13.57,0.95
245.0,auto_flow_1.44,car_flow_1.53,15.42,8.59,1.8
245.0,auto_flow_1.44,car_flow_2.44,20.53,8.59,2.39
245.0,auto_flow_1.45,bike_flow_1.52,18.88,9.06,2.08
245.0,auto_flow_1.45,car_flow_1.52,8.08,9.06,0.89
245.0,auto_flow_1.45,car_flow_2.45,21.58,9.06,2.38
245.0,auto_flow_1.45,car_flow_2.46,16.31,9.06,1.8
245.0,auto_flow_1.46,bike_flow_1.50,32.31,10.99,2.94
245.0,auto_flow_1.46,bike_flow_1.51,10.27,10.99,0.93
245.0,auto_flow_1.46,car_flow_1.51,11.82,10.99,1.07
245.0,auto_flow_1.46,car_flow_1.52,29.69,10.99,2.7
245.0,auto_flow_1.46,car_flow_2.46,20.63,10.99,1.88
245.0,auto_flow_1.46,car_flow_2.47,18.65,10.99,1.7
245.0,bike_flow_1.50,car_flow_1.51,20.78,12.92,1.61
245.0,bike_flow_1.50,car_flow_2.47,13.88,12.92,1.07
245.0,bike_flow_1.51,car_flow_1.51,21.14,10.52,2.01
245.0,bike_flow_1.51,car_flow_1.52,19.75,10.52,1.88
245.0,bike_flow_1.51,car_flow_2.46,11.33,10.52,1.08
245.0,bike_flow_1.51,car_flow_2.47,28.59,10.52,2.72
245.0,bike_flow_1.52,bike_flow_2.2,14.53,13.35,1.09
245.0,bike_flow_1.52,bike_flow_2.3,17.89,13.35,1.34
245.0,bike_flow_1.52,bike_flow_2.4,21.75,13.35,1.63
245.0,bike_flow_1.52,bike_flow_2.5,26.21,13.35,1.96
245.0,bike_flow_1.52,bike_flow_2.6,31.74,13.35,2.38
245.0,bike_flow_1.52,bike_flow_2.7,36.42,13.35,2.73
245.0,bike_flow_1.52,car_flow_1.52,26.03,13.35,1.95
245.0,bike_flow_1.52,car_flow_1.53,23.15,13.35,1.73
245.0,bike_flow_1.52,car_flow_2.45,4.37,13.35,0.33
245.0,bike_flow_1.52,car_flow_2.46,35.06,13.35,2.63
245.0,bike_flow_1.53,bike_flow_2.1,9.24,12.12,0.76
245.0,bike_flow_1.53,car_flow_1.54,32.68,12.12,2.7
245.0,bike_flow_1.53,car_flow_2.44,12.99,12.12,1.07
245.0,bike_flow_2.1,car_flow_1.54,24.23,9.57,2.53
245.0,bike_flow_2.1,car_flow_2.44,21.26,9.57,2.22
245.0,car_flow_1.51,car_flow_2.47,7.94,10.08,0.79
245.0,car_flow_1.52,car_flow_2.45,29.18,12.3,2.37
245.0,car_flow_1.52,car_flow_2.46,9.44,12.3,0.77
245.0,car_flow_1.53,car_flow_2.44,35.76,13.55,2.64
245.0,car_flow_1.53,car_flow_2.45,20.43,13.55,1.51
246.0,auto_flow_1.44,bike_flow_1.53,11.58,9.76,1.19
246.0,auto_flow_1.44,car_flow_2.44,20.45,9.76,2.09
246.0,auto_flow_1.45,bike_flow_1.52,5.22,10.53,0.5
246.0,auto_flow_1.45,bike_flow_2.2,19.93,10.53,1.89
246.0,auto_flow_1.45,bike_flow_2.3,21.84,10.53,2.07
246.0,auto_flow_1.45,bike_flow_2.4,24.5,10.53,2.33
246.0,auto_flow_1.45,bike_flow_2.5,27.89,10.53,2.65
246.0,auto_flow_1.45,car_flow_1.52,29.69,10.53,2.82
246.0,auto_flow_1.45,car_flow_1.53,18.36,10.53,1.74
246.0,auto_flow_1.45,car_flow_2.45,20.88,10.53,1.98
246.0,auto_flow_1.45,car_flow_2.46,18.07,10.53,1.72
246.0,auto_flow_1.46,bike_flow_1.51,9.05,9.61,0.94
246.0,auto_flow_1.46,car_flow_1.52,8.93,9.61,0.93
246.0,auto_flow_1.46,car_flow_2.46,19.79,9.61,2.06
246.0,auto_flow_1.46,car_flow_2.47,16.72,9.61,1.74
246.0,auto_flow_1.47,car_flow_1.51,10.08,10.11,1.0
246.0,auto_flow_1.47,car_flow_2.47,25.12,10.11,2.48
246.0,bike_flow_1.51,car_flow_1.51,23.81,8.62,2.76
246.0,bike_flow_1.51,car_flow_1.52,16.81,8.62,1.95
246.0,bike_flow_1.51,car_flow_2.47,8.85,8.62,1.03
246.0,bike_flow_1.52,bike_flow_2.2,24.94,12.21,2.04
246.0,bike_flow_1.52,bike_flow_2.3,27.03,12.21,2.21
246.0,bike_flow_1.52,bike_flow_2.4,29.72,12.21,2.43
246.0,bike_flow_1.52,bike_flow_2.5,33.05,12.21,2.71
246.0,bike_flow_1.52,car_flow_1.52,25.39,12.21,2.08
246.0,bike_flow_1.52,car_flow_1.53,22.2,12.21,1.82
246.0,bike_flow_1.52,car_flow_2.45,25.21,12.21,2.07
246.0,bike_flow_1.52,car_flow_2.46,14.3,12.21,1.17
246.0,bike_flow_1.53,bike_flow_2.1,31.85,12.23,2.6
246.0,bike_flow_1.53,car_flow_1.54,32.19,12.23,2.63
246.0,bike_flow_1.53,car_flow_2.44,9.86,12.23,0.81
246.0,bike_flow_2.1,car_flow_1.54,3.24,10.79,0.3
246.0,bike_flow_2.1,car_flow_2.44,22.36,10.79,2.07
246.0,car_flow_1.51,car_flow_2.47,15.88,11.29,1.41
246.0,car_flow_1.52,car_flow_2.46,11.89,11.56,1.03
246.0,car_flow_1.52,car_flow_2.47,25.26,11.56,2.18
246.0,car_flow_1.53,car_flow_2.45,4.26,13.15,0.32
246.0,car_flow_1.53,car_flow_2.46,36.29,13.15,2.76
246.0,car_flow_1.54,car_flow_2.44,23.08,12.73,1.81
247.0,auto_flow_1.44,bike_flow_1.53,9.65,9.27,1.04
247.0,auto_flow_1.44,car_flow_1.54,20.94,9.27,2.26
247.0,auto_flow_1.44,car_flow_2.44,20.75,9.27,2.24
247.0,auto_flow_1.45,bike_flow_1.52,25.17,9.2,2.74
247.0,auto_flow_1.45,bike_flow_2.2,11.66,9.2,1.27
247.0,auto_flow_1.45,bike_flow_2.3,14.68,9.2,1.6
247.0,auto_flow_1.45,bike_flow_2.4,18.34,9.2,1.99
247.0,auto_flow_1.45,bike_flow_2.5,22.68,9.2,2.47
247.0,auto_flow_1.45,car_flow_1.53,5.37,9.2,0.58
247.0,auto_flow_1.45,car_flow_2.45,21.35,9.2,2.32
247.0,auto_flow_1.45,car_flow_2.46,16.89,9.2,1.84
247.0,auto_flow_1.46,bike_flow_1.52,13.79,8.68,1.59
247.0,auto_flow_1.46,car_flow_1.52,10.46,8.68,1.21
247.0,auto_flow_1.46,car_flow_2.46,21.49,8.68,2.48
247.0,auto_flow_1.46,car_flow_2.47,15.99,8.68,1.84
247.0,auto_flow_1.47,bike_flow_1.51,13.55,10.12,1.34
247.0,auto_flow_1.47,car_flow_2.47,24.41,10.12,2.41
247.0,bike_flow_1.51,car_flow_1.52,17.27,10.09,1.71
247.0,bike_flow_1.51,car_flow_2.47,11.69,10.09,1.16
247.0,bike_flow_1.52,car_flow_1.52,23.37,11.64,2.01
247.0,bike_flow_1.52,car_flow_1.53,20.66,11.64,1.78
247.0,bike_flow_1.52,car_flow_2.46,8.68,11.64,0.75
247.0,bike_flow_1.52,car_flow_2.47,29.58,11.64,2.54
247.0,bike_flow_1.53,car_flow_1.54,29.79,10.96,2.72
247.0,bike_flow_1.53,car_flow_2.44,30.02,10.96,2.74
247.0,bike_flow_1.53,car_flow_2.45,25.89,10.96,2.36
247.0,bike_flow_1.54,bike_flow_2.1,5.98,12.15,0.49
247.0,bike_flow_1.54,car_flow_1.54,29.08,12.15,2.39
247.0,bike_flow_1.54,car_flow_2.44,29.2,12.15,2.4
247.0,bike_flow_2.1,car_flow_1.54,24.24,11.17,2.17
247.0,bike_flow_2.1,car_flow_2.44,23.97,11.17,2.15
247.0,car_flow_1.52,car_flow_2.47,6.83,9.62,0.71
247.0,car_flow_1.53,car_flow_2.45,25.86,13.18,1.96
247.0,car_flow_1.53,car_flow_2.46,12.99,13.18,0.99
247.0,car_flow_1.54,car_flow_2.44,3.2,13.35,0.24
248.0,auto_flow_1.44,bike_flow_1.54,27.38,9.69,2.83
248.0,auto_flow_1.44,car_flow_1.54,4.09,9.69,0.42
248.0,auto_flow_1.44,car_flow_2.44,20.66,9.69,2.13
248.0,auto_flow_1.45,bike_flow_1.53,25.99,9.56,2.72
248.0,auto_flow_1.45,bike_flow_2.2,6.6,9.56,0.69
248.0,auto_flow_1.45,bike_flow_2.3,11.1,9.56,1.16
248.0,auto_flow_1.45,bike_flow_2.4,15.61,9.56,1.63
248.0,auto_flow_1.45,bike_flow_2.5,20.3,9.56,2.12
248.0,auto_flow_1.45,bike_flow_2.6,25.12,9.56,2.63
248.0,auto_flow_1.45,car_flow_1.53,26.17,9.56,2.74
248.0,auto_flow_1.45,car_flow_2.45,21.8,9.56,2.28
248.0,auto_flow_1.45,car_flow_2.46,17.19,9.56,1.8
248.0,auto_flow_1.46,bike_flow_1.52,6.65,9.96,0.67
248.0,auto_flow_1.46,car_flow_1.53,12.42,9.96,1.25
248.0,auto_flow_1.46,car_flow_2.46,20.79,9.96,2.09
248.0,auto_flow_1.46,car_flow_2.47,16.93,9.96,1.7
248.0,auto_flow_1.47,bike_flow_1.51,9.02,10.03,0.9
248.0,auto_flow_1.47,car_flow_1.52,10.44,10.03,1.04
248.0,auto_flow_1.47,car_flow_2.47,23.4,10.03,2.33
248.0,auto_flow_1.47,car_flow_2.48,18.14,10.03,1.81
248.0,bike_flow_1.51,car_flow_1.52,18.37,11.57,1.59
248.0,bike_flow_1.51,car_flow_2.47,31.99,11.57,2.76
248.0,bike_flow_1.51,car_flow_2.48,10.22,11.57,0.88
248.0,bike_flow_1.52,car_flow_1.52,24.56,9.29,2.64
248.0,bike_flow_1.52,car_flow_1.53,17.84,9.29,1.92
248.0,bike_flow_1.52,car_flow_2.46,26.82,9.29,2.89
248.0,bike_flow_1.52,car_flow_2.47,11.55,9.29,1.24
248.0,bike_flow_1.53,bike_flow_2.2,27.54,11.69,2.36
248.0,bike_flow_1.53,bike_flow_2.3,29.45,11.69,2.52
248.0,bike_flow_1.53,bike_flow_2.4,31.88,11.69,2.73
248.0,bike_flow_1.53,bike_flow_2.5,34.86,11.69,2.98
248.0,bike_flow_1.53,car_flow_1.54,27.92,11.69,2.39
248.0,bike_flow_1.53,car_flow_2.45,5.11,11.69,0.44
248.0,bike_flow_1.54,car_flow_1.54,29.75,12.89,2.31
248.0,bike_flow_1.54,car_flow_2.44,7.28,12.89,0.56
248.0,car_flow_1.52,car_flow_2.47,13.83,10.47,1.32
248.0,car_flow_1.52,car_flow_2.48,28.26,10.47,2.7
248.0,car_flow_1.53,car_flow_2.46,9.35,12.11,0.77
248.0,car_flow_1.53,car_flow_2.47,29.12,12.11,2.4
248.0,car_flow_1.54,car_flow_2.44,23.43,13.56,1.73
248.0,car_flow_1.54,car_flow_2.45,32.07,13.56,2.37
249.0,auto_flow_1.44,bike_flow_1.54,4.82,9.96,0.48
249.0,auto_flow_1.44,car_flow_1.54,25.46,9.96,2.56
249.0,auto_flow_1.44,car_flow_1.55,27.31,9.96,2.74
249.0,auto_flow_1.44,car_flow_2.44,19.68,9.96,1.98
249.0,auto_flow_1.45,bike_flow_1.53,4.88,9.52,0.51
249.0,auto_flow_1.45,bike_flow_2.2,11.54,9.52,1.21
249.0,auto_flow_1.45,bike_flow_2.3,14.59,9.52,1.53
249.0,auto_flow_1.45,bike_flow_2.4,18.25,9.52,1.92
249.0,auto_flow_1.45,bike_flow_2.5,22.35,9.52,2.35
249.0,auto_flow_1.45,bike_flow_2.6,26.74,9.52,2.81
249.0,auto_flow_1.45,car_flow_2.45,21.93,9.52,2.3
249.0,auto_flow_1.45,car_flow_2.46,17.16,9.52,1.8
249.0,auto_flow_1.46,bike_flow_1.52,28.05,9.75,2.88
249.0,auto_flow_1.46,bike_flow_2.2,29.04,9.75,2.98
249.0,auto_flow_1.46,car_flow_1.53,8.08,9.75,0.83
249.0,auto_flow_1.46,car_flow_2.46,20.58,9.75,2.11
249.0,auto_flow_1.46,car_flow_2.47,17.16,9.75,1.76
249.0,auto_flow_1.47,bike_flow_1.52,12.55,10.08,1.24
249.0,auto_flow_1.47,car_flow_1.52,12.33,10.08,1.22
249.0,auto_flow_1.47,car_flow_2.47,22.84,10.08,2.26
249.0,auto_flow_1.47,car_flow_2.48,18.1,10.08,1.79
249.0,bike_flow_1.51,car_flow_1.52,19.15,12.54,1.53
249.0,bike_flow_1.51,car_flow_2.48,13.35,12.54,1.06
249.0,bike_flow_1.52,car_flow_1.52,24.05,12.28,1.96
249.0,bike_flow_1.52,car_flow_1.53,20.45,12.28,1.67
249.0,bike_flow_1.52,car_flow_2.47,11.17,12.28,0.91
249.0,bike_flow_1.52,car_flow_2.48,30.4,12.28,2.48
249.0,bike_flow_1.53,bike_flow_2.2,16.4,12.59,1.3
249.0,bike_flow_1.53,bike_flow_2.3,19.43,12.59,1.54
249.0,bike_flow_1.53,bike_flow_2.4,22.95,12.59,1.82
249.0,bike_flow_1.53,bike_flow_2.5,26.88,12.59,2.14
249.0,bike_flow_1.53,bike_flow_2.6,31.13,12.59,2.47
249.0,bike_flow_1.53,bike_flow_2.7,35.75,12.59,2.84
249.0,bike_flow_1.53,car_flow_1.54,27.76,12.59,2.21
249.0,bike_flow_1.53,car_flow_2.45,18.52,12.59,1.47
249.0,bike_flow_1.53,car_flow_2.46,21.09,12.59,1.68
249.0,bike_flow_1.54,car_flow_1.54,28.87,13.63,2.12
249.0,bike_flow_1.54,car_flow_1.55,23.52,13.63,1.73
249.0,bike_flow_1.54,car_flow_2.44,16.39,13.63,1.2
249.0,bike_flow_1.54,car_flow_2.45,38.52,13.63,2.83
249.0,car_flow_1.52,car_flow_2.47,34.9,11.77,2.97
249.0,car_flow_1.52,car_flow_2.48,6.96,11.77,0.59
249.0,car_flow_1.53,car_flow_2.46,28.18,9.67,2.91
249.0,car_flow_1.53,car_flow_2.47,10.26,9.67,1.06
249.0,car_flow_1.54,car_flow_2.45,10.04,12.75,0.79
249.0,car_flow_1.55,car_flow_2.44,8.1,12.99,0.62
250.0,auto_flow_1.44,bike_flow_1.54,19.24,8.21,2.34
250.0,auto_flow_1.44,car_flow_1.55,6.52,8.21,0.79
250.0,auto_flow_1.44,car_flow_2.44,20.74,8.21,2.53
250.0,auto_flow_1.45,bike_flow_1.53,17.92,9.58,1.87
250.0,auto_flow_1.45,bike_flow_2.2,20.16,9.58,2.1
250.0,auto_flow_1.45,bike_flow_2.3,22.05,9.58,2.3
250.0,auto_flow_1.45,bike_flow_2.4,24.62,9.58,2.57
250.0,auto_flow_1.45,bike_flow_2.5,27.76,9.58,2.9
250.0,auto_flow_1.45,car_flow_1.54,9.76,9.58,1.02
250.0,auto_flow_1.45,car_flow_2.45,22.62,9.58,2.36
250.0,auto_flow_1.45,car_flow_2.46,17.26,9.58,1.8
250.0,auto_flow_1.46,bike_flow_1.53,20.13,9.81,2.05
250.0,auto_flow_1.46,bike_flow_2.2,19.61,9.81,2.0
250.0,auto_flow_1.46,bike_flow_2.3,21.54,9.81,2.2
250.0,auto_flow_1.46,bike_flow_2.4,24.17,9.81,2.46
250.0,auto_flow_1.46,bike_flow_2.5,27.36,9.81,2.79
250.0,auto_flow_1.46,car_flow_1.53,28.44,9.81,2.9
250.0,auto_flow_1.46,car_flow_2.46,20.25,9.81,2.06
250.0,auto_flow_1.46,car_flow_2.47,17.18,9.81,1.75
250.0,auto_flow_1.47,bike_flow_1.52,11.52,10.76,1.07
250.0,auto_flow_1.47,car_flow_1.53,11.25,10.76,1.05
250.0,auto_flow_1.47,car_flow_2.47,21.87,10.76,2.03
250.0,auto_flow_1.47,car_flow_2.48,18.64,10.76,1.73
250.0,bike_flow_1.52,car_flow_1.52,23.77,12.44,1.91
250.0,bike_flow_1.52,car_flow_1.53,21.85,12.44,1.76
250.0,bike_flow_1.52,car_flow_2.47,33.09,12.44,2.66
250.0,bike_flow_1.52,car_flow_2.48,8.22,12.44,0.66
250.0,bike_flow_1.53,bike_flow_2.2,9.9,11.74,0.84
250.0,bike_flow_1.53,bike_flow_2.3,14.37,11.74,1.22
250.0,bike_flow_1.53,bike_flow_2.4,18.86,11.74,1.61
250.0,bike_flow_1.53,bike_flow_2.5,23.44,11.74,2.0
250.0,bike_flow_1.53,bike_flow_2.6,28.15,11.74,2.4
250.0,bike_flow_1.53,bike_flow_2.7,33.14,11.74,2.82
250.0,bike_flow_1.53,car_flow_1.54,26.86,11.74,2.29
250.0,bike_flow_1.53,car_flow_2.46,3.22,11.74,0.27
250.0,bike_flow_1.54,car_flow_1.54,27.14,14.37,1.89
250.0,bike_flow_1.54,car_flow_1.55,24.65,14.37,1.72
250.0,bike_flow_1.54,car_flow_2.44,39.84,14.37,2.77
250.0,bike_flow_1.54,car_flow_2.45,14.11,14.37,0.98
250.0,car_flow_1.52,car_flow_2.48,16.51,12.16,1.36
250.0,car_flow_1.53,car_flow_2.47,11.53,11.03,1.05
250.0,car_flow_1.53,car_flow_2.48,29.6,11.03,2.68
250.0,car_flow_1.54,car_flow_2.45,13.77,12.65,1.09
250.0,car_flow_1.54,car_flow_2.46,26.68,12.65,2.11
250.0,car_flow_1.55,car_flow_2.44,15.39,13.23,1.16
250.0,car_flow_1.55,car_flow_2.45,38.53,13.23,2.91
251.0,auto_flow_1.44,bike_flow_1.55,12.66,9.66,1.31
251.0,auto_flow_1.44,car_flow_1.55,17.22,9.66,1.78
251.0,auto_flow_1.45,bike_flow_1.54,12.69,10.03,1.27
251.0,auto_flow_1.45,bike_flow_2.2,29.81,10.03,2.97
251.0,auto_flow_1.45,car_flow_1.54,14.04,10.03,1.4
251.0,auto_flow_1.45,car_flow_2.45,22.36,10.03,2.23
251.0,auto_flow_1.45,car_flow_2.46,17.21,10.03,1.72
251.0,auto_flow_1.46,bike_flow_1.53,3.23,8.9,0.36
251.0,auto_flow_1.46,bike_flow_2.2,11.62,8.9,1.31
251.0,auto_flow_1.46,bike_flow_2.3,14.65,8.9,1.65
251.0,auto_flow_1.46,bike_flow_2.4,18.3,8.9,2.06
251.0,auto_flow_1.46,bike_flow_2.5,22.3,8.9,2.51
251.0,auto_flow_1.46,bike_flow_2.6,26.6,8.9,2.99
251.0,auto_flow_1.46,car_flow_1.54,25.17,8.9,2.83
251.0,auto_flow_1.46,car_flow_2.46,21.43,8.9,2.41
251.0,auto_flow_1.46,car_flow_2.47,15.69,8.9,1.76
251.0,auto_flow_1.47,car_flow_1.53,12.58,10.29,1.22
251.0,auto_flow_1.47,car_flow_2.47,21.97,10.29,2.14
251.0,auto_flow_1.47,car_flow_2.48,18.24,10.29,1.77
251.0,auto_flow_1.48,bike_flow_1.52,19.36,10.07,1.92
251.0,bike_flow_1.52,car_flow_1.53,20.01,10.83,1.85
251.0,bike_flow_1.52,car_flow_2.48,14.31,10.83,1.32
251.0,bike_flow_1.53,bike_flow_2.2,13.41,10.56,1.27
251.0,bike_flow_1.53,bike_flow_2.3,16.98,10.56,1.61
251.0,bike_flow_1.53,bike_flow_2.4,20.91,10.56,1.98
251.0,bike_flow_1.53,bike_flow_2.5,25.07,10.56,2.37
251.0,bike_flow_1.53,bike_flow_2.6,29.48,10.56,2.79
251.0,bike_flow_1.53,car_flow_1.54,24.56,10.56,2.32
251.0,bike_flow_1.53,car_flow_2.46,21.26,10.56,2.01
251.0,bike_flow_1.53,car_flow_2.47,16.41,10.56,1.55
251.0,bike_flow_1.54,car_flow_1.54,25.95,14.05,1.85
251.0,bike_flow_1.54,car_flow_1.55,25.77,14.05,1.83
251.0,bike_flow_1.54,car_flow_2.45,10.57,14.05,0.75
251.0,bike_flow_1.54,car_flow_2.46,29.67,14.05,2.11
251.0,bike_flow_1.55,car_flow_1.55,29.17,13.28,2.2
251.0,car_flow_1.53,car_flow_2.47,34.29,12.67,2.71
251.0,car_flow_1.53,car_flow_2.48,6.86,12.67,0.54
251.0,car_flow_1.54,car_flow_2.45,36.17,12.87,2.81
251.0,car_flow_1.54,car_flow_2.46,4.77,12.87,0.37
251.0,car_flow_1.55,car_flow_2.45,16.02,12.93,1.24
252.0,auto_flow_1.44,bike_flow_1.55,12.45,9.59,1.3
252.0,auto_flow_1.45,bike_flow_1.54,10.05,9.65,1.04
252.0,auto_flow_1.45,car_flow_1.55,15.21,9.65,1.58
252.0,auto_flow_1.45,car_flow_2.45,23.17,9.65,2.4
252.0,auto_flow_1.45,car_flow_2.46,16.59,9.65,1.72
252.0,auto_flow_1.46,bike_flow_1.53,21.94,10.09,2.17
252.0,auto_flow_1.46,bike_flow_1.54,28.85,10.09,2.86
252.0,auto_flow_1.46,bike_flow_2.2,6.62,10.09,0.66
252.0,auto_flow_1.46,bike_flow_2.3,11.11,10.09,1.1
252.0,auto_flow_1.46,bike_flow_2.4,15.61,10.09,1.55
252.0,auto_flow_1.46,bike_flow_2.5,20.13,10.09,1.99
252.0,auto_flow_1.46,bike_flow_2.6,24.78,10.09,2.46
252.0,auto_flow_1.46,bike_flow_2.7,29.44,10.09,2.92
252.0,auto_flow_1.46,car_flow_1.54,3.93,10.09,0.39
252.0,auto_flow_1.46,car_flow_2.46,21.6,10.09,2.14
252.0,auto_flow_1.46,car_flow_2.47,16.6,10.09,1.64
252.0,auto_flow_1.47,bike_flow_1.53,15.68,10.69,1.47
252.0,auto_flow_1.47,car_flow_2.47,20.46,10.69,1.91
252.0,auto_flow_1.47,car_flow_2.48,18.2,10.69,1.7
252.0,auto_flow_1.48,bike_flow_1.52,5.18,9.65,0.54
252.0,auto_flow_1.48,car_flow_1.53,18.34,9.65,1.9
252.0,bike_flow_1.52,car_flow_1.53,22.13,13.52,1.64
252.0,bike_flow_1.52,car_flow_2.48,38.33,13.52,2.84
252.0,bike_flow_1.53,bike_flow_2.2,23.33,12.02,1.94
252.0,bike_flow_1.53,bike_flow_2.3,25.55,12.02,2.13
252.0,bike_flow_1.53,bike_flow_2.4,28.32,12.02,2.36
252.0,bike_flow_1.53,bike_flow_2.5,31.5,12.02,2.62
252.0,bike_flow_1.53,bike_flow_2.6,35.08,12.02,2.92
252.0,bike_flow_1.53,car_flow_1.54,23.98,12.02,1.99
252.0,bike_flow_1.53,car_flow_2.47,6.03,12.02,0.5
252.0,bike_flow_1.53,car_flow_2.48,33.71,12.02,2.8
252.0,bike_flow_1.54,bike_flow_2.2,30.8,12.16,2.53
252.0,bike_flow_1.54,bike_flow_2.3,32.51,12.16,2.67
252.0,bike_flow_1.54,bike_flow_2.4,34.73,12.16,2.86
252.0,bike_flow_1.54,car_flow_1.54,26.39,12.16,2.17
252.0,bike_flow_1.54,car_flow_1.55,24.39,12.16,2.01
252.0,bike_flow_1.54,car_flow_2.45,32.85,12.16,2.7
252.0,bike_flow_1.54,car_flow_2.46,7.76,12.16,0.64
252.0,bike_flow_1.55,car_flow_1.55,28.02,14.69,1.91
252.0,bike_flow_1.55,car_flow_2.45,19.98,14.69,1.36
252.0,car_flow_1.53,car_flow_2.48,16.38,11.4,1.44
252.0,car_flow_1.54,car_flow_2.46,19.59,12.6,1.55
252.0,car_flow_1.54,car_flow_2.47,19.14,12.6,1.52
252.0,car_flow_1.55,car_flow_2.45,8.9,13.55,0.66
252.0,car_flow_1.55,car_flow_2.46,31.62,13.55,2.33
253.0,auto_flow_1.45,bike_flow_1.55,20.57,9.9,2.08
253.0,auto_flow_1.45,car_flow_1.55,8.68,9.9,0.88
253.0,auto_flow_1.45,car_flow_2.45,23.05,9.9,2.33
253.0,auto_flow_1.45,car_flow_2.46,17.18,9.9,1.73
253.0,auto_flow_1.46,bike_flow_1.54,6.28,9.96,0.63
253.0,auto_flow_1.46,bike_flow_2.2,12.39,9.96,1.24
253.0,auto_flow_1.46,bike_flow_2.3,15.27,9.96,1.53
253.0,auto_flow_1.46,bike_flow_2.4,18.8,9.96,1.89
253.0,auto_flow_1.46,bike_flow_2.5,22.68,9.96,2.28
253.0,auto_flow_1.46,bike_flow_2.6,26.83,9.96,2.69
253.0,auto_flow_1.46,car_flow_1.54,21.46,9.96,2.16
253.0,auto_flow_1.46,car_flow_2.46,20.96,9.96,2.1
253.0,auto_flow_1.46,car_flow_2.47,16.34,9.96,1.64
253.0,auto_flow_1.47,bike_flow_1.53,6.74,8.88,0.76
253.0,auto_flow_1.47,car_flow_1.54,17.21,8.88,1.94
253.0,auto_flow_1.47,car_flow_2.47,21.8,8.88,2.45
253.0,auto_flow_1.47,car_flow_2.48,16.35,8.88,1.84
253.0,auto_flow_1.48,car_flow_1.53,6.63,10.57,0.63
253.0,auto_flow_1.48,car_flow_2.49,18.22,10.57,1.72
253.0,bike_flow_1.53,bike_flow_2.2,34.98,12.4,2.82
253.0,bike_flow_1.53,bike_flow_2.3,36.5,12.4,2.94
253.0,bike_flow_1.53,car_flow_1.54,22.84,12.4,1.84
253.0,bike_flow_1.53,car_flow_2.47,27.91,12.4,2.25
253.0,bike_flow_1.53,car_flow_2.48,10.9,12.4,0.88
253.0,bike_flow_1.54,bike_flow_2.2,18.67,13.31,1.4
253.0,bike_flow_1.54,bike_flow_2.3,21.38,13.31,1.61
253.0,bike_flow_1.54,bike_flow_2.4,24.62,13.31,1.85
253.0,bike_flow_1.54,bike_flow_2.5,28.21,13.31,2.12
253.0,bike_flow_1.54,bike_flow_2.6,32.1,13.31,2.41
253.0,bike_flow_1.54,bike_flow_2.7,36.27,13.31,2.73
253.0,bike_flow_1.54,car_flow_1.54,26.63,13.31,2.0
253.0,bike_flow_1.54,car_flow_1.55,24.67,13.31,1.85
253.0,bike_flow_1.54,car_flow_2.46,15.88,13.31,1.19
253.0,bike_flow_1.54,car_flow_2.47,21.97,13.31,1.65
253.0,bike_flow_1.55,car_flow_1.55,28.39,12.66,2.24
253.0,bike_flow_1.55,car_flow_2.45,4.21,12.66,0.33
253.0,bike_flow_1.55,car_flow_2.46,37.64,12.66,2.97
253.0,car_flow_1.53,car_flow_2.49,12.82,13.29,0.96
253.0,car_flow_1.54,car_flow_2.47,5.84,13.54,0.43
253.0,car_flow_1.54,car_flow_2.48,33.41,13.54,2.47
253.0,car_flow_1.55,car_flow_2.45,31.29,13.03,2.4
253.0,car_flow_1.55,car_flow_2.46,9.66,13.03,0.74
254.0,auto_flow_1.45,bike_flow_1.55,5.34,10.5,0.51
254.0,auto_flow_1.45,car_flow_2.45,22.27,10.5,2.12
254.0,auto_flow_1.45,car_flow_2.46,17.41,10.5,1.66
254.0,auto_flow_1.46,bike_flow_1.54,17.88,9.41,1.9
254.0,auto_flow_1.46,bike_flow_2.2,20.96,9.41,2.23
254.0,auto_flow_1.46,bike_flow_2.3,22.78,9.41,2.42
254.0,auto_flow_1.46,bike_flow_2.4,25.28,9.41,2.69
254.0,auto_flow_1.46,car_flow_1.55,8.3,9.41,0.88
254.0,auto_flow_1.46,car_flow_2.46,21.82,9.41,2.32
254.0,auto_flow_1.46,car_flow_2.47,16.21,9.41,1.72
254.0,auto_flow_1.47,bike_flow_1.53,26.56,9.79,2.71
254.0,auto_flow_1.47,bike_flow_1.54,20.4,9.79,2.08
254.0,auto_flow_1.47,bike_flow_2.2,19.04,9.79,1.94
254.0,auto_flow_1.47,bike_flow_2.3,21.02,9.79,2.15
254.0,auto_flow_1.47,bike_flow_2.4,23.71,9.79,2.42
254.0,auto_flow_1.47,bike_flow_2.5,26.89,9.79,2.75
254.0,auto_flow_1.47,car_flow_1.54,6.5,9.79,0.66
254.0,auto_flow_1.47,car_flow_2.47,21.54,9.79,2.2
254.0,auto_flow_1.47,car_flow_2.48,17.35,9.79,1.77
254.0,auto_flow_1.48,bike_flow_1.53,23.9,10.36,2.31
254.0,auto_flow_1.48,car_flow_1.53,30.19,10.36,2.91
254.0,auto_flow_1.48,car_flow_2.49,17.9,10.36,1.73
254.0,bike_flow_1.53,car_flow_1.54,20.71,10.65,1.95
254.0,bike_flow_1.53,car_flow_2.48,9.57,10.65,0.9
254.0,bike_flow_1.54,bike_flow_2.2,10.07,13.59,0.74
254.0,bike_flow_1.54,bike_flow_2.3,14.49,13.59,1.07
254.0,bike_flow_1.54,bike_flow_2.4,18.94,13.59,1.39
254.0,bike_flow_1.54,bike_flow_2.5,23.42,13.59,1.72
254.0,bike_flow_1.54,bike_flow_2.6,27.92,13.59,2.05
254.0,bike_flow_1.54,bike_flow_2.7,32.48,13.59,2.39
254.0,bike_flow_1.54,bike_flow_2.8,37.18,13.59,2.74
254.0,bike_flow_1.54,car_flow_1.54,25.81,13.59,1.9
254.0,bike_flow_1.54,car_flow_1.55,25.26,13.59,1.86
254.0,bike_flow_1.54,car_flow_2.46,39.54,13.59,2.91
254.0,bike_flow_1.54,car_flow_2.47,3.49,13.59,0.26
254.0,bike_flow_1.54,car_flow_2.48,37.64,13.59,2.77
254.0,bike_flow_1.55,car_flow_1.55,27.29,14.1,1.94
254.0,bike_flow_1.55,car_flow_2.45,26.74,14.1,1.9
254.0,bike_flow_1.55,car_flow_2.46,13.52,14.1,0.96
254.0,car_flow_1.53,car_flow_2.49,12.53,13.84,0.91
254.0,car_flow_1.54,car_flow_2.47,27.39,12.77,2.14
254.0,car_flow_1.54,car_flow_2.48,12.12,12.77,0.95
254.0,car_flow_1.55,car_flow_2.46,14.51,13.0,1.12
254.0,car_flow_1.55,car_flow_2.47,24.08,13.0,1.85
255.0,auto_flow_1.45,bike_flow_1.55,28.87,10.72,2.69
255.0,auto_flow_1.45,car_flow_2.45,21.64,10.72,2.02
255.0,auto_flow_1.45,car_flow_2.46,17.92,10.72,1.67
255.0,auto_flow_1.46,bike_flow_1.55,11.92,9.78,1.22
255.0,auto_flow_1.46,car_flow_1.55,16.21,9.78,1.66
255.0,auto_flow_1.46,car_flow_2.46,22.26,9.78,2.28
255.0,auto_flow_1.46,car_flow_2.47,16.49,9.78,1.69
255.0,auto_flow_1.47,bike_flow_1.54,3.87,9.22,0.42
255.0,auto_flow_1.47,bike_flow_2.2,10.87,9.22,1.18
255.0,auto_flow_1.47,bike_flow_2.3,14.07,9.22,1.53
255.0,auto_flow_1.47,bike_flow_2.4,17.83,9.22,1.93
255.0,auto_flow_1.47,bike_flow_2.5,21.88,9.22,2.37
255.0,auto_flow_1.47,bike_flow_2.6,26.09,9.22,2.83
255.0,auto_flow_1.47,car_flow_1.54,26.32,9.22,2.86
255.0,auto_flow_1.47,car_flow_1.55,22.64,9.22,2.46
255.0,auto_flow_1.47,car_flow_2.47,21.82,9.22,2.37
255.0,auto_flow_1.47,car_flow_2.48,16.84,9.22,1.83
255.0,auto_flow_1.48,bike_flow_1.53,4.42,10.27,0.43
255.0,auto_flow_1.48,car_flow_1.54,23.11,10.27,2.25
255.0,auto_flow_1.48,car_flow_2.49,17.25,10.27,1.68
255.0,auto_flow_1.49,car_flow_2.49,23.61,10.31,2.29
255.0,bike_flow_1.53,car_flow_1.54,19.83,10.37,1.91
255.0,bike_flow_1.53,car_flow_2.48,29.29,10.37,2.83
255.0,bike_flow_1.53,car_flow_2.49,20.55,10.37,1.98
255.0,bike_flow_1.54,bike_flow_2.2,14.59,13.11,1.11
255.0,bike_flow_1.54,bike_flow_2.3,17.93,13.11,1.37
255.0,bike_flow_1.54,bike_flow_2.4,21.69,13.11,1.65
255.0,bike_flow_1.54,bike_flow_2.5,25.69,13.11,1.96
255.0,bike_flow_1.54,bike_flow_2.6,29.84,13.11,2.28
255.0,bike_flow_1.54,bike_flow_2.7,34.11,13.11,2.6
255.0,bike_flow_1.54,bike_flow_2.8,38.56,13.11,2.94
255.0,bike_flow_1.54,car_flow_1.54,23.95,13.11,1.83
255.0,bike_flow_1.54,car_flow_1.55,24.59,13.11,1.88
255.0,bike_flow_1.54,car_flow_2.47,24.21,13.11,1.85
255.0,bike_flow_1.54,car_flow_2.48,15.01,13.11,1.14
255.0,bike_flow_1.55,car_flow_1.55,27.37,13.7,2.0
255.0,bike_flow_1.55,car_flow_2.46,11.24,13.7,0.82
255.0,bike_flow_1.55,car_flow_2.47,28.15,13.7,2.06
255.0,car_flow_1.54,car_flow_2.48,9.82,11.25,0.87
255.0,car_flow_1.55,car_flow_2.46,38.28,13.78,2.78
255.0,car_flow_1.55,car_flow_2.47,3.26,13.78,0.24
255.0,car_flow_1.55,car_flow_2.48,39.39,13.78,2.86
256.0,auto_flow_1.45,car_flow_2.46,16.58,9.66,1.72
256.0,auto_flow_1.46,bike_flow_1.55,13.3,9.76,1.36
256.0,auto_flow_1.46,car_flow_2.46,23.49,9.76,2.41
256.0,auto_flow_1.46,car_flow_2.47,16.79,9.76,1.72
256.0,auto_flow_1.47,bike_flow_1.54,25.04,10.15,2.47
256.0,auto_flow_1.47,bike_flow_1.55,25.21,10.15,2.48
256.0,auto_flow_1.47,bike_flow_2.2,6.77,10.15,0.67
256.0,auto_flow_1.47,bike_flow_2.3,11.21,10.15,1.1
256.0,auto_flow_1.47,bike_flow_2.4,15.68,10.15,1.54
256.0,auto_flow_1.47,bike_flow_2.5,20.16,10.15,1.99
256.0,auto_flow_1.47,bike_flow_2.6,24.66,10.15,2.43
256.0,auto_flow_1.47,bike_flow_2.7,29.16,10.15,2.87
256.0,auto_flow_1.47,car_flow_1.55,3.57,10.15,0.35
256.0,auto_flow_1.47,car_flow_2.47,21.13,10.15,2.08
256.0,auto_flow_1.47,car_flow_2.48,17.09,10.15,1.68
256.0,auto_flow_1.48,bike_flow_1.53,19.33,10.09,1.92
256.0,auto_flow_1.48,bike_flow_1.54,24.46,10.09,2.43
256.0,auto_flow_1.48,car_flow_1.54,3.46,10.09,0.34
256.0,auto_flow_1.48,car_flow_2.49,16.67,10.09,1.65
256.0,auto_flow_1.49,bike_flow_1.53,22.4,9.71,2.31
256.0,auto_flow_1.49,car_flow_2.49,24.56,9.71,2.53
256.0,bike_flow_1.53,car_flow_1.54,20.37,12.03,1.69
256.0,bike_flow_1.53,car_flow_2.49,3.99,12.03,0.33
256.0,bike_flow_1.54,bike_flow_2.2,25.29,12.5,2.02
256.0,bike_flow_1.54,bike_flow_2.3,27.35,12.5,2.19
256.0,bike_flow_1.54,bike_flow_2.4,29.95,12.5,2.4
256.0,bike_flow_1.54,bike_flow_2.5,32.96,12.5,2.64
256.0,bike_flow_1.54,bike_flow_2.6,36.29,12.5,2.9
256.0,bike_flow_1.54,car_flow_1.54,22.93,12.5,1.83
256.0,bike_flow_1.54,car_flow_1.55,23.26,12.5,1.86
256.0,bike_flow_1.54,car_flow_2.48,8.37,12.5,0.67
256.0,bike_flow_1.55,bike_flow_2.2,28.28,14.62,1.93
256.0,bike_flow_1.55,bike_flow_2.3,30.14,14.62,2.06
256.0,bike_flow_1.55,bike_flow_2.4,32.51,14.62,2.22
256.0,bike_flow_1.55,bike_flow_2.5,35.31,14.62,2.41
256.0,bike_flow_1.55,bike_flow_2.6,38.43,14.62,2.63
256.0,bike_flow_1.55,bike_flow_2.7,41.81,14.62,2.86
256.0,bike_flow_1.55,car_flow_1.55,26.58,14.62,1.82
256.0,bike_flow_1.55,car_flow_2.46,36.54,14.62,2.5
256.0,bike_flow_1.55,car_flow_2.47,5.03,14.62,0.34
256.0,bike_flow_1.55,car_flow_2.48,42.22,14.62,2.89
256.0,car_flow_1.54,car_flow_2.48,30.84,11.49,2.68
256.0,car_flow_1.54,car_flow_2.49,18.26,11.49,1.59
256.0,car_flow_1.55,car_flow_2.47,22.93,13.84,1.66
256.0,car_flow_1.55,car_flow_2.48,15.85,13.84,1.15
257.0,auto_flow_1.45,car_flow_2.46,17.24,10.72,1.61
257.0,auto_flow_1.46,car_flow_2.46,22.8,10.74,2.12
257.0,auto_flow_1.46,car_flow_2.47,17.49,10.74,1.63
257.0,auto_flow_1.47,bike_flow_1.55,3.67,9.48,0.39
257.0,auto_flow_1.47,bike_flow_2.2,12.83,9.48,1.35
257.0,auto_flow_1.47,bike_flow_2.3,15.63,9.48,1.65
257.0,auto_flow_1.47,bike_flow_2.4,19.09,9.48,2.01
257.0,auto_flow_1.47,bike_flow_2.5,22.92,9.48,2.42
257.0,auto_flow_1.47,bike_flow_2.6,26.95,9.48,2.84
257.0,auto_flow_1.47,car_flow_1.55,24.83,9.48,2.62
257.0,auto_flow_1.47,car_flow_2.47,21.69,9.48,2.29
257.0,auto_flow_1.47,car_flow_2.48,16.59,9.48,1.75
257.0,auto_flow_1.48,bike_flow_1.54,4.49,9.68,0.46
257.0,auto_flow_1.48,car_flow_1.54,21.11,9.68,2.18
257.0,auto_flow_1.48,car_flow_1.55,24.47,9.68,2.53
257.0,auto_flow_1.48,car_flow_2.49,15.92,9.68,1.65
257.0,auto_flow_1.49,bike_flow_1.53,3.22,10.24,0.31
257.0,auto_flow_1.49,car_flow_1.54,20.06,10.24,1.96
257.0,auto_flow_1.49,car_flow_2.49,24.75,10.24,2.42
257.0,auto_flow_1.49,car_flow_2.50,17.95,10.24,1.75
257.0,bike_flow_1.53,car_flow_1.54,19.47,11.6,1.68
257.0,bike_flow_1.53,car_flow_2.49,24.62,11.6,2.12
257.0,bike_flow_1.53,car_flow_2.50,18.56,11.6,1.6
257.0,bike_flow_1.54,car_flow_1.54,24.02,11.42,2.1
257.0,bike_flow_1.54,car_flow_1.55,21.11,11.42,1.85
257.0,bike_flow_1.54,car_flow_2.48,29.31,11.42,2.57
257.0,bike_flow_1.54,car_flow_2.49,19.34,11.42,1.69
257.0,bike_flow_1.55,bike_flow_2.2,16.12,13.72,1.18
257.0,bike_flow_1.55,bike_flow_2.3,19.2,13.72,1.4
257.0,bike_flow_1.55,bike_flow_2.4,22.75,13.72,1.66
257.0,bike_flow_1.55,bike_flow_2.5,26.59,13.72,1.94
257.0,bike_flow_1.55,bike_flow_2.6,30.61,13.72,2.23
257.0,bike_flow_1.55,bike_flow_2.7,34.76,13.72,2.53
257.0,bike_flow_1.55,bike_flow_2.8,39.02,13.72,2.84
257.0,bike_flow_1.55,car_flow_1.55,26.43,13.72,1.93
257.0,bike_flow_1.55,car_flow_2.47,20.14,13.72,1.47
257.0,bike_flow_1.55,car_flow_2.48,18.68,13.72,1.36
257.0,car_flow_1.54,car_flow_2.49,5.89,12.5,0.47
257.0,car_flow_1.55,car_flow_2.48,8.64,13.57,0.64
257.0,car_flow_1.55,car_flow_2.49,40.31,13.57,2.97
258.0,auto_flow_1.46,car_flow_2.46,22.79,10.67,2.14
258.0,auto_flow_1.46,car_flow_2.47,17.82,10.67,1.67
258.0,auto_flow_1.47,bike_flow_1.55,21.87,10.45,2.09
258.0,auto_flow_1.47,bike_flow_2.2,22.44,10.45,2.15
258.0,auto_flow_1.47,bike_flow_2.3,24.15,10.45,2.31
258.0,auto_flow_1.47,bike_flow_2.4,26.52,10.45,2.54
258.0,auto_flow_1.47,bike_flow_2.5,29.4,10.45,2.81
258.0,auto_flow_1.47,car_flow_2.47,21.58,10.45,2.07
258.0,auto_flow_1.47,car_flow_2.48,17.8,10.45,1.7
258.0,auto_flow_1.48,bike_flow_1.54,21.78,10.96,1.99
258.0,auto_flow_1.48,bike_flow_1.55,26.93,10.96,2.46
258.0,auto_flow_1.48,bike_flow_2.2,27.72,10.96,2.53
258.0,auto_flow_1.48,bike_flow_2.3,29.12,10.96,2.66
258.0,auto_flow_1.48,bike_flow_2.4,31.12,10.96,2.84
258.0,auto_flow_1.48,car_flow_1.55,3.46,10.96,0.32
258.0,auto_flow_1.48,car_flow_2.48,30.57,10.96,2.79
258.0,auto_flow_1.48,car_flow_2.49,17.27,10.96,1.58
258.0,auto_flow_1.49,bike_flow_1.53,22.31,10.95,2.04
258.0,auto_flow_1.49,bike_flow_1.54,19.39,10.95,1.77
258.0,auto_flow_1.49,car_flow_1.54,4.36,10.95,0.4
258.0,auto_flow_1.49,car_flow_2.49,23.41,10.95,2.14
258.0,auto_flow_1.49,car_flow_2.50,17.99,10.95,1.64
258.0,bike_flow_1.53,car_flow_1.54,19.12,11.45,1.67
258.0,bike_flow_1.53,car_flow_2.50,5.19,11.45,0.45
258.0,bike_flow_1.54,car_flow_1.54,22.09,13.74,1.61
258.0,bike_flow_1.54,car_flow_1.55,22.87,13.74,1.66
258.0,bike_flow_1.54,car_flow_2.49,5.34,13.74,0.39
258.0,bike_flow_1.54,car_flow_2.50,37.26,13.74,2.71
258.0,bike_flow_1.55,bike_flow_2.2,9.8,12.99,0.75
258.0,bike_flow_1.55,bike_flow_2.3,14.3,12.99,1.1
258.0,bike_flow_1.55,bike_flow_2.4,18.8,12.99,1.45
258.0,bike_flow_1.55,bike_flow_2.5,23.3,12.99,1.79
258.0,bike_flow_1.55,bike_flow_2.6,27.81,12.99,2.14
258.0,bike_flow_1.55,bike_flow_2.7,32.31,12.99,2.49
258.0,bike_flow_1.55,bike_flow_2.8,36.84,12.99,2.84
258.0,bike_flow_1.55,car_flow_1.55,25.41,12.99,1.96
258.0,bike_flow_1.55,car_flow_2.48,4.99,12.99,0.38
258.0,car_flow_1.54,car_flow_2.49,26.56,11.81,2.25
258.0,car_flow_1.54,car_flow_2.50,15.37,11.81,1.3
258.0,car_flow_1.55,car_flow_2.48,29.42,11.97,2.46
258.0,car_flow_1.55,car_flow_2.49,18.87,11.97,1.58
259.0,auto_flow_1.46,car_flow_2.46,24.43,10.32,2.37
259.0,auto_flow_1.46,car_flow_2.47,17.79,10.32,1.72
259.0,auto_flow_1.47,car_flow_2.47,21.22,10.71,1.98
259.0,auto_flow_1.47,car_flow_2.48,18.08,10.71,1.69
259.0,auto_flow_1.48,bike_flow_1.55,6.0,10.23,0.59
259.0,auto_flow_1.48,bike_flow_2.2,17.95,10.23,1.75
259.0,auto_flow_1.48,bike_flow_2.3,20.05,10.23,1.96
259.0,auto_flow_1.48,bike_flow_2.4,22.85,10.23,2.23
259.0,auto_flow_1.48,bike_flow_2.5,26.13,10.23,2.55
259.0,auto_flow_1.48,bike_flow_2.6,29.73,10.23,2.91
259.0,auto_flow_1.48,car_flow_1.55,22.82,10.23,2.23
259.0,auto_flow_1.48,car_flow_2.49,16.6,10.23,1.62
259.0,auto_flow_1.49,bike_flow_1.54,3.84,10.39,0.37
259.0,auto_flow_1.49,car_flow_1.54,24.77,10.39,2.38
259.0,auto_flow_1.49,car_flow_1.55,18.2,10.39,1.75
259.0,auto_flow_1.49,car_flow_2.49,23.91,10.39,2.3
259.0,auto_flow_1.49,car_flow_2.50,17.26,10.39,1.66
259.0,auto_flow_1.50,car_flow_1.54,17.03,10.66,1.6
259.0,auto_flow_1.50,car_flow_2.50,24.04,10.66,2.25
259.0,bike_flow_1.54,car_flow_1.54,22.44,10.86,2.07
259.0,bike_flow_1.54,car_flow_1.55,20.04,10.86,1.85
259.0,bike_flow_1.54,car_flow_2.49,26.23,10.86,2.42
259.0,bike_flow_1.54,car_flow_2.50,15.47,10.86,1.43
259.0,bike_flow_1.55,bike_flow_2.2,15.2,11.43,1.33
259.0,bike_flow_1.55,bike_flow_2.3,18.42,11.43,1.61
259.0,bike_flow_1.55,bike_flow_2.4,22.1,11.43,1.93
259.0,bike_flow_1.55,bike_flow_2.5,26.04,11.43,2.28
259.0,bike_flow_1.55,bike_flow_2.6,30.13,11.43,2.64
259.0,bike_flow_1.55,car_flow_1.55,27.67,11.43,2.42
259.0,bike_flow_1.55,car_flow_2.48,25.89,11.43,2.27
259.0,bike_flow_1.55,car_flow_2.49,21.91,11.43,1.92
259.0,car_flow_1.54,car_flow_2.50,7.98,11.21,0.71
259.0,car_flow_1.55,car_flow_2.49,6.8,13.69,0.5
259.0,car_flow_1.55,car_flow_2.50,35.32,13.69,2.58
260.0,auto_flow_1.46,car_flow_2.47,17.67,10.43,1.69
260.0,auto_flow_1.47,car_flow_2.47,20.91,10.87,1.92
260.0,auto_flow_1.47,car_flow_2.48,18.56,10.87,1.71
260.0,auto_flow_1.48,bike_flow_1.55,19.92,10.53,1.89
260.0,auto_flow_1.48,bike_flow_2.2,9.03,10.53,0.86
260.0,auto_flow_1.48,bike_flow_2.3,12.7,10.53,1.21
260.0,auto_flow_1.48,bike_flow_2.4,16.78,10.53,1.59
260.0,auto_flow_1.48,bike_flow_2.5,21.03,10.53,2.0
260.0,auto_flow_1.48,bike_flow_2.6,25.36,10.53,2.41
260.0,auto_flow_1.48,bike_flow_2.7,29.75,10.53,2.82
260.0,auto_flow_1.48,car_flow_2.48,30.62,10.53,2.91
260.0,auto_flow_1.48,car_flow_2.49,17.32,10.53,1.64
260.0,auto_flow_1.49,bike_flow_1.54,22.82,10.63,2.15
260.0,auto_flow_1.49,bike_flow_1.55,21.0,10.63,1.97
260.0,auto_flow_1.49,car_flow_1.55,5.09,10.63,0.48
260.0,auto_flow_1.49,car_flow_2.49,23.09,10.63,2.17
260.0,auto_flow_1.49,car_flow_2.50,17.49,10.63,1.64
260.0,auto_flow_1.50,bike_flow_1.54,19.36,10.24,1.89
260.0,auto_flow_1.50,car_flow_1.54,7.08,10.24,0.69
260.0,auto_flow_1.50,car_flow_2.50,24.2,10.24,2.36
260.0,bike_flow_1.54,car_flow_1.54,25.41,9.84,2.58
260.0,bike_flow_1.54,car_flow_1.55,18.64,9.84,1.89
260.0,bike_flow_1.54,car_flow_2.50,6.03,9.84,0.61
260.0,bike_flow_1.55,bike_flow_2.2,27.62,14.2,1.94
260.0,bike_flow_1.55,bike_flow_2.3,29.52,14.2,2.08
260.0,bike_flow_1.55,bike_flow_2.4,31.94,14.2,2.25
260.0,bike_flow_1.55,bike_flow_2.5,34.78,14.2,2.45
260.0,bike_flow_1.55,bike_flow_2.6,37.94,14.2,2.67
260.0,bike_flow_1.55,bike_flow_2.7,41.36,14.2,2.91
260.0,bike_flow_1.55,car_flow_1.55,24.71,14.2,1.74
260.0,bike_flow_1.55,car_flow_2.49,3.96,14.2,0.28
260.0,bike_flow_1.55,car_flow_2.50,38.37,14.2,2.7
260.0,car_flow_1.54,car_flow_2.50,30.68,12.8,2.4
260.0,car_flow_1.55,car_flow_2.49,27.23,11.24,2.42
260.0,car_flow_1.55,car_flow_2.50,13.9,11.24,1.24
261.0,auto_flow_1.46,car_flow_2.47,18.04,10.53,1.71
261.0,auto_flow_1.47,car_flow_2.47,20.19,10.87,1.86
261.0,auto_flow_1.47,car_flow_2.48,18.2,10.87,1.67
261.0,auto_flow_1.48,bike_flow_2.2,7.53,9.78,0.77
261.0,auto_flow_1.48,bike_flow_2.3,11.68,9.78,1.19
261.0,auto_flow_1.48,bike_flow_2.4,16.02,9.78,1.64
261.0,auto_flow_1.48,bike_flow_2.5,20.43,9.78,2.09
261.0,auto_flow_1.48,bike_flow_2.6,24.87,9.78,2.54
261.0,auto_flow_1.48,bike_flow_2.7,29.33,9.78,3.0
261.0,auto_flow_1.48,car_flow_2.49,16.67,9.78,1.7
261.0,auto_flow_1.49,bike_flow_1.55,3.83,9.82,0.39
261.0,auto_flow_1.49,car_flow_1.55,23.81,9.82,2.43
261.0,auto_flow_1.49,car_flow_2.49,23.7,9.82,2.42
261.0,auto_flow_1.49,car_flow_2.50,17.16,9.82,1.75
261.0,auto_flow_1.50,bike_flow_1.54,4.0,10.2,0.39
261.0,auto_flow_1.50,car_flow_1.55,18.0,10.2,1.77
261.0,auto_flow_1.50,car_flow_2.50,24.15,10.2,2.37
261.0,auto_flow_1.50,car_flow_2.51,18.43,10.2,1.81
261.0,bike_flow_1.54,car_flow_1.55,20.11,11.3,1.78
261.0,bike_flow_1.54,car_flow_2.50,26.75,11.3,2.37
261.0,bike_flow_1.54,car_flow_2.51,16.35,11.3,1.45
261.0,bike_flow_1.55,car_flow_1.55,21.5,13.04,1.65
261.0,bike_flow_1.55,car_flow_2.49,26.0,13.04,1.99
261.0,bike_flow_1.55,car_flow_2.50,15.39,13.04,1.18
261.0,car_flow_1.55,car_flow_2.50,7.19,9.83,0.73
262.0,auto_flow_1.47,car_flow_2.47,21.33,9.97,2.14
262.0,auto_flow_1.47,car_flow_2.48,17.01,9.97,1.71
262.0,auto_flow_1.48,bike_flow_2.2,15.7,10.63,1.48
262.0,auto_flow_1.48,bike_flow_2.3,18.06,10.63,1.7
262.0,auto_flow_1.48,bike_flow_2.4,21.13,10.63,1.99
262.0,auto_flow_1.48,bike_flow_2.5,24.64,10.63,2.32
262.0,auto_flow_1.48,bike_flow_2.6,28.43,10.63,2.67
262.0,auto_flow_1.48,car_flow_2.49,17.49,10.63,1.64
262.0,auto_flow_1.49,bike_flow_1.55,22.91,10.56,2.17
262.0,auto_flow_1.49,bike_flow_2.2,27.02,10.56,2.56
262.0,auto_flow_1.49,bike_flow_2.3,28.45,10.56,2.7
262.0,auto_flow_1.49,bike_flow_2.4,30.49,10.56,2.89
262.0,auto_flow_1.49,car_flow_2.49,22.96,10.56,2.18
262.0,auto_flow_1.49,car_flow_2.50,17.59,10.56,1.67
262.0,auto_flow_1.50,bike_flow_1.54,26.37,10.51,2.51
262.0,auto_flow_1.50,bike_flow_1.55,18.94,10.51,1.8
262.0,auto_flow_1.50,car_flow_1.55,5.15,10.51,0.49
262.0,auto_flow_1.50,car_flow_2.50,23.77,10.51,2.26
262.0,auto_flow_1.50,car_flow_2.51,18.04,10.51,1.72
262.0,bike_flow_1.54,car_flow_1.55,22.14,13.26,1.67
262.0,bike_flow_1.54,car_flow_2.51,8.74,13.26,0.66
262.0,bike_flow_1.55,car_flow_1.55,22.71,10.03,2.26
262.0,bike_flow_1.55,car_flow_2.50,6.02,10.03,0.6
262.0,car_flow_1.55,car_flow_2.50,27.99,11.24,2.49
262.0,car_flow_1.55,car_flow_2.51,14.36,11.24,1.28
263.0,auto_flow_1.47,car_flow_2.47,23.65,10.6,2.23
263.0,auto_flow_1.47,car_flow_2.48,17.67,10.6,1.67
263.0,auto_flow_1.48,bike_flow_2.2,24.94,9.8,2.54
263.0,auto_flow_1.48,bike_flow_2.3,26.49,9.8,2.7
263.0,auto_flow_1.48,bike_flow_2.4,28.67,9.8,2.92
263.0,auto_flow_1.48,car_flow_2.49,17.0,9.8,1.73
263.0,auto_flow_1.49,bike_flow_2.2,16.77,10.78,1.56
263.0,auto_flow_1.49,bike_flow_2.3,19.0,10.78,1.76
263.0,auto_flow_1.49,bike_flow_2.4,21.93,10.78,2.03
263.0,auto_flow_1.49,bike_flow_2.5,25.34,10.78,2.35
263.0,auto_flow_1.49,bike_flow_2.6,29.04,10.78,2.69
263.0,auto_flow_1.49,car_flow_2.49,22.47,10.78,2.08
263.0,auto_flow_1.49,car_flow_2.50,17.43,10.78,1.62
263.0,auto_flow_1.50,bike_flow_1.55,4.75,10.33,0.46
263.0,auto_flow_1.50,car_flow_1.55,27.51,10.33,2.66
263.0,auto_flow_1.50,car_flow_2.50,24.37,10.33,2.36
263.0,auto_flow_1.50,car_flow_2.51,17.72,10.33,1.71
263.0,auto_flow_1.51,car_flow_1.55,14.32,10.68,1.34
263.0,auto_flow_1.51,car_flow_2.51,23.56,10.68,2.21
263.0,bike_flow_1.55,car_flow_1.55,23.82,11.84,2.01
263.0,bike_flow_1.55,car_flow_2.50,28.06,11.84,2.37
263.0,bike_flow_1.55,car_flow_2.51,14.57,11.84,1.23
263.0,car_flow_1.55,car_flow_2.51,10.12,12.96,0.78
264.0,auto_flow_1.47,car_flow_2.48,17.52,10.31,1.7
264.0,auto_flow_1.48,car_flow_2.49,17.24,10.37,1.66
264.0,auto_flow_1.49,bike_flow_2.2,8.56,9.97,0.86
264.0,auto_flow_1.49,bike_flow_2.3,12.37,9.97,1.24
264.0,auto_flow_1.49,bike_flow_2.4,16.53,9.97,1.66
264.0,auto_flow_1.49,bike_flow_2.5,20.83,9.97,2.09
264.0,auto_flow_1.49,bike_flow_2.6,25.2,9.97,2.53
264.0,auto_flow_1.49,bike_flow_2.7,29.61,9.97,2.97
264.0,auto_flow_1.49,car_flow_2.49,22.63,9.97,2.27
264.0,auto_flow_1.49,car_flow_2.50,17.23,9.97,1.73
264.0,auto_flow_1.50,bike_flow_1.55,26.85,10.83,2.48
264.0,auto_flow_1.50,car_flow_2.50,23.71,10.83,2.19
264.0,auto_flow_1.50,car_flow_2.51,18.25,10.83,1.68
264.0,auto_flow_1.51,bike_flow_1.55,15.48,10.31,1.5
264.0,auto_flow_1.51,car_flow_1.55,9.9,10.31,0.96
264.0,auto_flow_1.51,car_flow_2.51,23.55,10.31,2.28
264.0,bike_flow_1.55,car_flow_1.55,24.51,12.32,1.99
264.0,bike_flow_1.55,car_flow_2.51,9.0,12.32,0.73
264.0,car_flow_1.55,car_flow_2.51,33.07,13.01,2.54
265.0,auto_flow_1.47,car_flow_2.48,17.6,10.4,1.69
265.0,auto_flow_1.48,car_flow_2.49,16.97,10.32,1.64
265.0,auto_flow_1.49,bike_flow_2.2,8.2,10.32,0.79
265.0,auto_flow_1.49,bike_flow_2.3,12.12,10.32,1.17
265.0,auto_flow_1.49,bike_flow_2.4,16.35,10.32,1.58
265.0,auto_flow_1.49,bike_flow_2.5,20.69,10.32,2.0
265.0,auto_flow_1.49,bike_flow_2.6,25.08,10.32,2.43
265.0,auto_flow_1.49,bike_flow_2.7,29.51,10.32,2.86
265.0,auto_flow_1.49,car_flow_2.49,22.9,10.32,2.22
265.0,auto_flow_1.49,car_flow_2.50,17.33,10.32,1.68
265.0,auto_flow_1.50,car_flow_2.50,22.97,10.96,2.1
265.0,auto_flow_1.50,car_flow_2.51,18.0,10.96,1.64
265.0,auto_flow_1.51,bike_flow_1.55,8.15,10.62,0.77
265.0,auto_flow_1.51,car_flow_2.51,24.15,10.62,2.27
265.0,auto_flow_1.51,car_flow_2.52,18.93,10.62,1.78
265.0,bike_flow_1.55,car_flow_2.51,31.8,12.01,2.65
265.0,bike_flow_1.55,car_flow_2.52,11.88,12.01,0.99
266.0,auto_flow_1.48,car_flow_2.48,32.17,10.79,2.98
266.0,auto_flow_1.48,car_flow_2.49,17.72,10.79,1.64
266.0,auto_flow_1.49,bike_flow_2.2,16.43,10.18,1.61
266.0,auto_flow_1.49,bike_flow_2.3,18.7,10.18,1.84
266.0,auto_flow_1.49,bike_flow_2.4,21.68,10.18,2.13
266.0,auto_flow_1.49,bike_flow_2.5,25.11,10.18,2.47
266.0,auto_flow_1.49,bike_flow_2.6,28.84,10.18,2.83
266.0,auto_flow_1.49,car_flow_2.49,22.76,10.18,2.24
266.0,auto_flow_1.49,car_flow_2.50,17.45,10.18,1.71
266.0,auto_flow_1.50,bike_flow_2.2,25.56,10.73,2.38
266.0,auto_flow_1.50,bike_flow_2.3,27.08,10.73,2.52
266.0,auto_flow_1.50,bike_flow_2.4,29.21,10.73,2.72
266.0,auto_flow_1.50,bike_flow_2.5,31.85,10.73,2.97
266.0,auto_flow_1.50,car_flow_2.50,22.3,10.73,2.08
266.0,auto_flow_1.50,car_flow_2.51,17.9,10.73,1.67
266.0,auto_flow_1.51,car_flow_2.51,25.05,9.92,2.52
266.0,auto_flow_1.51,car_flow_2.52,17.71,9.92,1.78
266.0,bike_flow_1.55,car_flow_2.52,13.51,13.42,1.01
267.0,auto_flow_1.48,car_flow_2.49,17.9,10.7,1.67
267.0,auto_flow_1.49,bike_flow_2.2,26.33,10.44,2.52
267.0,auto_flow_1.49,bike_flow_2.3,27.81,10.44,2.66
267.0,auto_flow_1.49,bike_flow_2.4,29.89,10.44,2.86
267.0,auto_flow_1.49,car_flow_2.49,22.83,10.44,2.19
267.0,auto_flow_1.49,car_flow_2.50,18.11,10.44,1.73
267.0,auto_flow_1.50,bike_flow_2.2,16.28,9.82,1.66
267.0,auto_flow_1.50,bike_flow_2.3,18.56,9.82,1.89
267.0,auto_flow_1.50,bike_flow_2.4,21.56,9.82,2.2
267.0,auto_flow_1.50,bike_flow_2.5,25.01,9.82,2.55
267.0,auto_flow_1.50,bike_flow_2.6,28.75,9.82,2.93
267.0,auto_flow_1.50,car_flow_2.50,22.27,9.82,2.27
267.0,auto_flow_1.50,car_flow_2.51,17.19,9.82,1.75
267.0,auto_flow_1.51,car_flow_2.51,25.91,9.67,2.68
267.0,auto_flow_1.51,car_flow_2.52,17.16,9.67,1.77
267.0,auto_flow_1.52,car_flow_2.52,23.36,10.06,2.32
268.0,auto_flow_1.48,car_flow_2.49,18.07,10.77,1.68
268.0,auto_flow_1.49,car_flow_2.49,22.84,10.6,2.15
268.0,auto_flow_1.49,car_flow_2.50,17.72,10.6,1.67
268.0,auto_flow_1.50,bike_flow_2.2,7.77,10.78,0.72
268.0,auto_flow_1.50,bike_flow_2.3,11.83,10.78,1.1
268.0,auto_flow_1.50,bike_flow_2.4,16.13,10.78,1.5
268.0,auto_flow_1.50,bike_flow_2.5,20.52,10.78,1.9
268.0,auto_flow_1.50,bike_flow_2.6,24.94,10.78,2.31
268.0,auto_flow_1.50,bike_flow_2.7,29.39,10.78,2.73
268.0,auto_flow_1.50,car_flow_2.50,22.46,10.78,2.08
268.0,auto_flow_1.50,car_flow_2.51,18.42,10.78,1.71
268.0,auto_flow_1.51,car_flow_2.51,25.43,10.04,2.53
268.0,auto_flow_1.51,car_flow_2.52,17.48,10.04,1.74
268.0,auto_flow_1.52,car_flow_2.52,23.24,9.84,2.36
269.0,auto_flow_1.48,car_flow_2.49,17.86,10.71,1.67
269.0,auto_flow_1.49,car_flow_2.49,22.81,10.94,2.08
269.0,auto_flow_1.49,car_flow_2.50,17.7,10.94,1.62
269.0,auto_flow_1.50,bike_flow_2.2,9.54,10.98,0.87
269.0,auto_flow_1.50,bike_flow_2.3,13.07,10.98,1.19
269.0,auto_flow_1.50,bike_flow_2.4,17.06,10.98,1.55
269.0,auto_flow_1.50,bike_flow_2.5,21.25,10.98,1.94
269.0,auto_flow_1.50,bike_flow_2.6,25.55,10.98,2.33
269.0,auto_flow_1.50,bike_flow_2.7,29.91,10.98,2.72
269.0,auto_flow_1.50,car_flow_2.50,22.45,10.98,2.04
269.0,auto_flow_1.50,car_flow_2.51,18.27,10.98,1.66
269.0,auto_flow_1.51,car_flow_2.51,25.78,10.77,2.39
269.0,auto_flow_1.51,car_flow_2.52,18.37,10.77,1.7
269.0,auto_flow_1.52,car_flow_2.52,22.84,10.29,2.22
269.0,auto_flow_1.52,car_flow_2.53,18.13,10.29,1.76
270.0,auto_flow_1.48,car_flow_2.49,17.07,10.23,1.67
270.0,auto_flow_1.49,car_flow_2.49,23.17,10.66,2.17
270.0,auto_flow_1.49,car_flow_2.50,17.86,10.66,1.68
270.0,auto_flow_1.50,bike_flow_2.2,17.98,9.83,1.83
270.0,auto_flow_1.50,bike_flow_2.3,20.07,9.83,2.04
270.0,auto_flow_1.50,bike_flow_2.4,22.87,9.83,2.33
270.0,auto_flow_1.50,bike_flow_2.5,26.15,9.83,2.66
270.0,auto_flow_1.50,car_flow_2.50,23.11,9.83,2.35
270.0,auto_flow_1.50,car_flow_2.51,16.81,9.83,1.71
270.0,auto_flow_1.51,bike_flow_2.2,27.54,10.43,2.64
270.0,auto_flow_1.51,bike_flow_2.3,28.95,10.43,2.78
270.0,auto_flow_1.51,bike_flow_2.4,30.96,10.43,2.97
270.0,auto_flow_1.51,car_flow_2.51,26.65,10.43,2.56
270.0,auto_flow_1.51,car_flow_2.52,17.56,10.43,1.68
270.0,auto_flow_1.52,car_flow_2.52,23.33,10.73,2.17
270.0,auto_flow_1.52,car_flow_2.53,18.59,10.73,1.73
271.0,auto_flow_1.49,car_flow_2.49,22.72,10.3,2.21
271.0,auto_flow_1.49,car_flow_2.50,17.38,10.3,1.69
271.0,auto_flow_1.50,bike_flow_2.2,27.14,9.6,2.83
271.0,auto_flow_1.50,bike_flow_2.3,28.57,9.6,2.98
271.0,auto_flow_1.50,car_flow_2.50,24.29,9.6,2.53
271.0,auto_flow_1.50,car_flow_2.51,16.09,9.6,1.68
271.0,auto_flow_1.51,bike_flow_2.2,17.5,10.53,1.66
271.0,auto_flow_1.51,bike_flow_2.3,19.65,10.53,1.87
271.0,auto_flow_1.51,bike_flow_2.4,22.5,10.53,2.14
271.0,auto_flow_1.51,bike_flow_2.5,25.82,10.53,2.45
271.0,auto_flow_1.51,bike_flow_2.6,29.46,10.53,2.8
271.0,auto_flow_1.51,car_flow_2.51,26.44,10.53,2.51
271.0,auto_flow_1.51,car_flow_2.52,17.85,10.53,1.7
271.0,auto_flow_1.52,car_flow_2.52,22.72,10.85,2.09
271.0,auto_flow_1.52,car_flow_2.53,18.5,10.85,1.71
271.0,auto_flow_1.53,car_flow_2.53,23.22,10.64,2.18
272.0,auto_flow_1.49,car_flow_2.50,17.74,10.7,1.66
272.0,auto_flow_1.50,car_flow_2.50,23.75,10.88,2.18
272.0,auto_flow_1.50,car_flow_2.51,17.35,10.88,1.6
272.0,auto_flow_1.51,bike_flow_2.2,8.46,10.91,0.78
272.0,auto_flow_1.51,bike_flow_2.3,12.3,10.91,1.13
272.0,auto_flow_1.51,bike_flow_2.4,16.48,10.91,1.51
272.0,auto_flow_1.51,bike_flow_2.5,20.79,10.91,1.91
272.0,auto_flow_1.51,bike_flow_2.6,25.17,10.91,2.31
272.0,auto_flow_1.51,bike_flow_2.7,29.58,10.91,2.71
272.0,auto_flow_1.51,car_flow_2.51,25.14,10.91,2.3
272.0,auto_flow_1.51,car_flow_2.52,18.13,10.91,1.66
272.0,auto_flow_1.52,car_flow_2.52,22.68,10.68,2.12
272.0,auto_flow_1.52,car_flow_2.53,17.89,10.68,1.68
272.0,auto_flow_1.53,car_flow_2.53,23.79,10.71,2.22
273.0,auto_flow_1.49,car_flow_2.50,17.65,10.57,1.67
273.0,auto_flow_1.50,car_flow_2.50,24.09,10.33,2.33
273.0,auto_flow_1.50,car_flow_2.51,16.75,10.33,1.62
273.0,auto_flow_1.51,bike_flow_2.2,8.45,10.58,0.8
273.0,auto_flow_1.51,bike_flow_2.3,12.29,10.58,1.16
273.0,auto_flow_1.51,bike_flow_2.4,16.47,10.58,1.56
273.0,auto_flow_1.51,bike_flow_2.5,20.79,10.58,1.97
273.0,auto_flow_1.51,bike_flow_2.6,25.17,10.58,2.38
273.0,auto_flow_1.51,bike_flow_2.7,29.58,10.58,2.8
273.0,auto_flow_1.51,car_flow_2.51,25.5,10.58,2.41
273.0,auto_flow_1.51,car_flow_2.52,18.06,10.58,1.71
273.0,auto_flow_1.52,car_flow_2.52,23.14,10.19,2.27
273.0,auto_flow_1.52,car_flow_2.53,17.78,10.19,1.74
273.0,auto_flow_1.53,car_flow_2.53,23.38,10.72,2.18
273.0,auto_flow_1.53,car_flow_2.54,19.43,10.72,1.81
274.0,auto_flow_1.50,car_flow_2.50,23.88,10.84,2.2
274.0,auto_flow_1.50,car_flow_2.51,17.33,10.84,1.6
274.0,auto_flow_1.51,bike_flow_2.2,16.86,10.24,1.65
274.0,auto_flow_1.51,bike_flow_2.3,19.08,10.24,1.86
274.0,auto_flow_1.51,bike_flow_2.4,22.01,10.24,2.15
274.0,auto_flow_1.51,bike_flow_2.5,25.4,10.24,2.48
274.0,auto_flow_1.51,bike_flow_2.6,29.09,10.24,2.84
274.0,auto_flow_1.51,car_flow_2.51,25.53,10.24,2.49
274.0,auto_flow_1.51,car_flow_2.52,17.21,10.24,1.68
274.0,auto_flow_1.52,bike_flow_2.2,27.07,9.67,2.8
274.0,auto_flow_1.52,bike_flow_2.3,28.5,9.67,2.95
274.0,auto_flow_1.52,car_flow_2.52,24.55,9.67,2.54
274.0,auto_flow_1.52,car_flow_2.53,16.98,9.67,1.76
274.0,auto_flow_1.53,car_flow_2.53,23.1,10.74,2.15
274.0,auto_flow_1.53,car_flow_2.54,18.69,10.74,1.74
275.0,auto_flow_1.50,car_flow_2.50,25.52,10.25,2.49
275.0,auto_flow_1.50,car_flow_2.51,17.1,10.25,1.67
275.0,auto_flow_1.51,bike_flow_2.2,26.86,10.51,2.55
275.0,auto_flow_1.51,bike_flow_2.3,28.3,10.51,2.69
275.0,auto_flow_1.51,bike_flow_2.4,30.35,10.51,2.89
275.0,auto_flow_1.51,car_flow_2.51,25.48,10.51,2.42
275.0,auto_flow_1.51,car_flow_2.52,17.8,10.51,1.69
275.0,auto_flow_1.52,bike_flow_2.2,17.38,10.17,1.71
275.0,auto_flow_1.52,bike_flow_2.3,19.54,10.17,1.92
275.0,auto_flow_1.52,bike_flow_2.4,22.4,10.17,2.2
275.0,auto_flow_1.52,bike_flow_2.5,25.74,10.17,2.53
275.0,auto_flow_1.52,bike_flow_2.6,29.39,10.17,2.89
275.0,auto_flow_1.52,car_flow_2.52,24.31,10.17,2.39
275.0,auto_flow_1.52,car_flow_2.53,17.8,10.17,1.75
275.0,auto_flow_1.53,car_flow_2.53,22.07,10.38,2.13
275.0,auto_flow_1.53,car_flow_2.54,17.93,10.38,1.73
275.0,auto_flow_1.54,car_flow_2.54,24.62,10.27,2.4
276.0,auto_flow_1.50,car_flow_2.51,16.42,9.71,1.69
276.0,auto_flow_1.51,car_flow_2.51,26.1,9.78,2.67
276.0,auto_flow_1.51,car_flow_2.52,17.03,9.78,1.74
276.0,auto_flow_1.52,bike_flow_2.2,8.4,10.89,0.77
276.0,auto_flow_1.52,bike_flow_2.3,12.25,10.89,1.13
276.0,auto_flow_1.52,bike_flow_2.4,16.44,10.89,1.51
276.0,auto_flow_1.52,bike_flow_2.5,20.76,10.89,1.91
276.0,auto_flow_1.52,bike_flow_2.6,25.15,10.89,2.31
276.0,auto_flow_1.52,bike_flow_2.7,29.57,10.89,2.72
276.0,auto_flow_1.52,car_flow_2.52,23.97,10.89,2.2
276.0,auto_flow_1.52,car_flow_2.53,18.61,10.89,1.71
276.0,auto_flow_1.53,car_flow_2.53,21.79,10.36,2.1
276.0,auto_flow_1.53,car_flow_2.54,17.43,10.36,1.68
276.0,auto_flow_1.54,car_flow_2.54,24.71,10.77,2.29
277.0,auto_flow_1.50,car_flow_2.51,16.3,9.91,1.64
277.0,auto_flow_1.51,car_flow_2.51,25.4,10.74,2.37
277.0,auto_flow_1.51,car_flow_2.52,17.94,10.74,1.67
277.0,auto_flow_1.52,bike_flow_2.2,8.14,9.95,0.82
277.0,auto_flow_1.52,bike_flow_2.3,12.08,9.95,1.21
277.0,auto_flow_1.52,bike_flow_2.4,16.31,9.95,1.64
277.0,auto_flow_1.52,bike_flow_2.5,20.66,9.95,2.08
277.0,auto_flow_1.52,bike_flow_2.6,25.06,9.95,2.52
277.0,auto_flow_1.52,bike_flow_2.7,29.49,9.95,2.96
277.0,auto_flow_1.52,car_flow_2.52,23.85,9.95,2.4
277.0,auto_flow_1.52,car_flow_2.53,16.96,9.95,1.7
277.0,auto_flow_1.53,car_flow_2.53,22.53,10.86,2.08
277.0,auto_flow_1.53,car_flow_2.54,17.9,10.86,1.65
277.0,auto_flow_1.54,car_flow_2.54,25.09,10.01,2.51
277.0,auto_flow_1.54,car_flow_2.55,18.78,10.01,1.88
278.0,auto_flow_1.51,car_flow_2.51,25.28,10.31,2.45
278.0,auto_flow_1.51,car_flow_2.52,17.37,10.31,1.68
278.0,auto_flow_1.52,bike_flow_2.2,16.64,10.52,1.58
278.0,auto_flow_1.52,bike_flow_2.3,18.89,10.52,1.8
278.0,auto_flow_1.52,bike_flow_2.4,21.84,10.52,2.08
278.0,auto_flow_1.52,bike_flow_2.5,25.25,10.52,2.4
278.0,auto_flow_1.52,bike_flow_2.6,28.96,10.52,2.75
278.0,auto_flow_1.52,car_flow_2.52,24.21,10.52,2.3
278.0,auto_flow_1.52,car_flow_2.53,17.17,10.52,1.63
278.0,auto_flow_1.53,bike_flow_2.2,24.83,10.79,2.3
278.0,auto_flow_1.53,bike_flow_2.3,26.39,10.79,2.44
278.0,auto_flow_1.53,bike_flow_2.4,28.57,10.79,2.65
278.0,auto_flow_1.53,bike_flow_2.5,31.26,10.79,2.9
278.0,auto_flow_1.53,car_flow_2.53,22.05,10.79,2.04
278.0,auto_flow_1.53,car_flow_2.54,17.37,10.79,1.61
278.0,auto_flow_1.54,car_flow_2.54,26.16,10.26,2.55
278.0,auto_flow_1.54,car_flow_2.55,18.34,10.26,1.79
279.0,auto_flow_1.51,car_flow_2.51,26.32,10.85,2.42
279.0,auto_flow_1.51,car_flow_2.52,17.74,10.85,1.63
279.0,auto_flow_1.52,bike_flow_2.2,27.09,10.99,2.46
279.0,auto_flow_1.52,bike_flow_2.3,28.52,10.99,2.59
279.0,auto_flow_1.52,bike_flow_2.4,30.55,10.99,2.78
279.0,auto_flow_1.52,car_flow_2.52,23.7,10.99,2.16
279.0,auto_flow_1.52,car_flow_2.53,17.89,10.99,1.63
279.0,auto_flow_1.53,bike_flow_2.2,15.51,9.9,1.57
279.0,auto_flow_1.53,bike_flow_2.3,17.9,9.9,1.81
279.0,auto_flow_1.53,bike_flow_2.4,20.99,9.9,2.12
279.0,auto_flow_1.53,bike_flow_2.5,24.52,9.9,2.48
279.0,auto_flow_1.53,bike_flow_2.6,28.33,9.9,2.86
279.0,auto_flow_1.53,car_flow_2.53,22.42,9.9,2.26
279.0,auto_flow_1.53,car_flow_2.54,16.96,9.9,1.71
279.0,auto_flow_1.54,car_flow_2.54,26.12,10.35,2.52
279.0,auto_flow_1.54,car_flow_2.55,17.64,10.35,1.7
279.0,auto_flow_1.55,car_flow_2.55,23.75,10.4,2.28
280.0,auto_flow_1.51,car_flow_2.52,17.08,10.41,1.64
280.0,auto_flow_1.52,car_flow_2.52,24.94,9.83,2.54
280.0,auto_flow_1.52,car_flow_2.53,17.02,9.83,1.73
280.0,auto_flow_1.53,bike_flow_2.2,7.38,10.74,0.69
280.0,auto_flow_1.53,bike_flow_2.3,11.58,10.74,1.08
280.0,auto_flow_1.53,bike_flow_2.4,15.95,10.74,1.48
280.0,auto_flow_1.53,bike_flow_2.5,20.37,10.74,1.9
280.0,auto_flow_1.53,bike_flow_2.6,24.83,10.74,2.31
280.0,auto_flow_1.53,bike_flow_2.7,29.29,10.74,2.73
280.0,auto_flow_1.53,car_flow_2.53,22.38,10.74,2.08
280.0,auto_flow_1.53,car_flow_2.54,17.82,10.74,1.66
280.0,auto_flow_1.54,car_flow_2.54,25.01,10.98,2.28
280.0,auto_flow_1.54,car_flow_2.55,18.5,10.98,1.68
280.0,auto_flow_1.55,car_flow_2.55,23.98,9.89,2.43
281.0,auto_flow_1.51,car_flow_2.52,16.02,9.65,1.66
281.0,auto_flow_1.52,car_flow_2.52,25.39,10.26,2.47
281.0,auto_flow_1.52,car_flow_2.53,17.09,10.26,1.67
281.0,auto_flow_1.53,bike_flow_2.2,9.83,10.59,0.93
281.0,auto_flow_1.53,bike_flow_2.3,13.28,10.59,1.25
281.0,auto_flow_1.53,bike_flow_2.4,17.22,10.59,1.63
281.0,auto_flow_1.53,bike_flow_2.5,21.38,10.59,2.02
281.0,auto_flow_1.53,bike_flow_2.6,25.66,10.59,2.42
281.0,auto_flow_1.53,bike_flow_2.7,30.0,10.59,2.83
281.0,auto_flow_1.53,car_flow_2.53,21.98,10.59,2.08
281.0,auto_flow_1.53,car_flow_2.54,17.19,10.59,1.62
281.0,auto_flow_1.54,car_flow_2.54,25.77,10.46,2.46
281.0,auto_flow_1.54,car_flow_2.55,17.86,10.46,1.71
281.0,auto_flow_1.55,car_flow_2.55,24.98,10.1,2.47
282.0,auto_flow_1.51,car_flow_2.52,16.57,9.89,1.68
282.0,auto_flow_1.52,car_flow_2.52,25.07,9.65,2.6
282.0,auto_flow_1.52,car_flow_2.53,16.32,9.65,1.69
282.0,auto_flow_1.53,bike_flow_2.2,18.76,10.27,1.83
282.0,auto_flow_1.53,bike_flow_2.3,20.77,10.27,2.02
282.0,auto_flow_1.53,bike_flow_2.4,23.49,10.27,2.29
282.0,auto_flow_1.53,bike_flow_2.5,26.69,10.27,2.6
282.0,auto_flow_1.53,bike_flow_2.6,30.23,10.27,2.94
282.0,auto_flow_1.53,car_flow_2.53,22.14,10.27,2.16
282.0,auto_flow_1.53,car_flow_2.54,17.37,10.27,1.69
282.0,auto_flow_1.54,bike_flow_2.2,26.31,10.2,2.58
282.0,auto_flow_1.54,bike_flow_2.3,27.78,10.2,2.72
282.0,auto_flow_1.54,bike_flow_2.4,29.87,10.2,2.93
282.0,auto_flow_1.54,car_flow_2.54,25.65,10.2,2.51
282.0,auto_flow_1.54,car_flow_2.55,17.08,10.2,1.67
282.0,auto_flow_1.55,car_flow_2.55,25.36,10.6,2.39
283.0,auto_flow_1.52,car_flow_2.52,24.17,10.98,2.2
283.0,auto_flow_1.52,car_flow_2.53,17.52,10.98,1.59
283.0,auto_flow_1.53,bike_flow_2.2,28.43,10.1,2.82
283.0,auto_flow_1.53,bike_flow_2.3,29.8,10.1,2.95
283.0,auto_flow_1.53,car_flow_2.53,21.83,10.1,2.16
283.0,auto_flow_1.53,car_flow_2.54,16.96,10.1,1.68
283.0,auto_flow_1.54,bike_flow_2.2,16.78,10.04,1.67
283.0,auto_flow_1.54,bike_flow_2.3,19.01,10.04,1.89
283.0,auto_flow_1.54,bike_flow_2.4,21.94,10.04,2.19
283.0,auto_flow_1.54,bike_flow_2.5,25.34,10.04,2.52
283.0,auto_flow_1.54,bike_flow_2.6,29.04,10.04,2.89
283.0,auto_flow_1.54,car_flow_2.54,26.13,10.04,2.6
283.0,auto_flow_1.54,car_flow_2.55,17.31,10.04,1.72
283.0,auto_flow_1.55,car_flow_2.55,24.8,10.37,2.39
284.0,auto_flow_1.52,car_flow_2.53,16.96,10.28,1.65
284.0,auto_flow_1.53,car_flow_2.53,23.04,9.63,2.39
284.0,auto_flow_1.53,car_flow_2.54,16.13,9.63,1.67
284.0,auto_flow_1.54,bike_flow_2.2,8.17,10.61,0.77
284.0,auto_flow_1.54,bike_flow_2.3,12.1,10.61,1.14
284.0,auto_flow_1.54,bike_flow_2.4,16.33,10.61,1.54
284.0,auto_flow_1.54,bike_flow_2.5,20.67,10.61,1.95
284.0,auto_flow_1.54,bike_flow_2.6,25.07,10.61,2.36
284.0,auto_flow_1.54,bike_flow_2.7,29.5,10.61,2.78
284.0,auto_flow_1.54,car_flow_2.54,25.97,10.61,2.45
284.0,auto_flow_1.54,car_flow_2.55,17.72,10.61,1.67
284.0,auto_flow_1.55,car_flow_2.55,24.81,10.19,2.43
285.0,auto_flow_1.52,car_flow_2.53,17.87,10.96,1.63
285.0,auto_flow_1.53,car_flow_2.53,23.06,10.03,2.3
285.0,auto_flow_1.53,car_flow_2.54,16.77,10.03,1.67
285.0,auto_flow_1.54,bike_flow_2.2,8.74,10.55,0.83
285.0,auto_flow_1.54,bike_flow_2.3,12.49,10.55,1.18
285.0,auto_flow_1.54,bike_flow_2.4,16.62,10.55,1.58
285.0,auto_flow_1.54,bike_flow_2.5,20.9,10.55,1.98
285.0,auto_flow_1.54,bike_flow_2.6,25.26,10.55,2.4
285.0,auto_flow_1.54,bike_flow_2.7,29.66,10.55,2.81
285.0,auto_flow_1.54,car_flow_2.54,24.81,10.55,2.35
285.0,auto_flow_1.54,car_flow_2.55,17.62,10.55,1.67
285.0,auto_flow_1.55,car_flow_2.55,24.64,10.81,2.28
286.0,auto_flow_1.53,car_flow_2.53,23.27,10.65,2.18
286.0,auto_flow_1.53,car_flow_2.54,17.19,10.65,1.61
286.0,auto_flow_1.54,bike_flow_2.2,16.89,9.82,1.72
286.0,auto_flow_1.54,bike_flow_2.3,19.11,9.82,1.95
286.0,auto_flow_1.54,bike_flow_2.4,22.03,9.82,2.24
286.0,auto_flow_1.54,bike_flow_2.5,25.42,9.82,2.59
286.0,auto_flow_1.54,bike_flow_2.6,29.11,9.82,2.96
286.0,auto_flow_1.54,car_flow_2.54,25.23,9.82,2.57
286.0,auto_flow_1.54,car_flow_2.55,16.51,9.82,1.68
286.0,auto_flow_1.55,bike_flow_2.2,26.78,10.58,2.53
286.0,auto_flow_1.55,bike_flow_2.3,28.23,10.58,2.67
286.0,auto_flow_1.55,bike_flow_2.4,30.29,10.58,2.86
286.0,auto_flow_1.55,car_flow_2.55,25.0,10.58,2.36
287.0,auto_flow_1.53,car_flow_2.53,25.74,9.98,2.58
287.0,auto_flow_1.53,car_flow_2.54,17.06,9.98,1.71
287.0,auto_flow_1.54,bike_flow_2.2,25.97,9.57,2.71
287.0,auto_flow_1.54,bike_flow_2.3,27.46,9.57,2.87
287.0,auto_flow_1.54,car_flow_2.54,25.76,9.57,2.69
287.0,auto_flow_1.54,car_flow_2.55,16.22,9.57,1.7
287.0,auto_flow_1.55,bike_flow_2.2,17.29,9.97,1.73
287.0,auto_flow_1.55,bike_flow_2.3,19.46,9.97,1.95
287.0,auto_flow_1.55,bike_flow_2.4,22.34,9.97,2.24
287.0,auto_flow_1.55,bike_flow_2.5,25.68,9.97,2.58
287.0,auto_flow_1.55,bike_flow_2.6,29.34,9.97,2.94
287.0,auto_flow_1.55,car_flow_2.55,24.88,9.97,2.49
288.0,auto_flow_1.53,car_flow_2.54,16.76,9.73,1.72
288.0,auto_flow_1.54,car_flow_2.54,25.04,10.77,2.33
288.0,auto_flow_1.54,car_flow_2.55,17.65,10.77,1.64
288.0,auto_flow_1.55,bike_flow_2.2,8.37,10.84,0.77
288.0,auto_flow_1.55,bike_flow_2.3,12.24,10.84,1.13
288.0,auto_flow_1.55,bike_flow_2.4,16.43,10.84,1.52
288.0,auto_flow_1.55,bike_flow_2.5,20.75,10.84,1.91
288.0,auto_flow_1.55,bike_flow_2.6,25.14,10.84,2.32
288.0,auto_flow_1.55,bike_flow_2.7,29.56,10.84,2.73
288.0,auto_flow_1.55,car_flow_2.55,23.38,10.84,2.16
289.0,auto_flow_1.53,car_flow_2.54,17.06,9.68,1.76
289.0,auto_flow_1.54,car_flow_2.54,24.56,9.86,2.49
289.0,auto_flow_1.54,car_flow_2.55,16.47,9.86,1.67
289.0,auto_flow_1.55,bike_flow_2.2,7.72,10.35,0.75
289.0,auto_flow_1.55,bike_flow_2.3,12.26,10.35,1.18
289.0,auto_flow_1.55,bike_flow_2.4,16.45,10.35,1.59
289.0,auto_flow_1.55,bike_flow_2.5,20.77,10.35,2.01
289.0,auto_flow_1.55,bike_flow_2.6,25.15,10.35,2.43
289.0,auto_flow_1.55,bike_flow_2.7,29.57,10.35,2.86
289.0,auto_flow_1.55,car_flow_2.55,24.07,10.35,2.33
290.0,auto_flow_1.53,car_flow_2.54,17.54,9.98,1.76
290.0,auto_flow_1.54,car_flow_2.54,23.69,10.37,2.29
290.0,auto_flow_1.54,car_flow_2.55,17.58,10.37,1.7
290.0,auto_flow_1.55,bike_flow_2.2,15.29,10.83,1.41
290.0,auto_flow_1.55,bike_flow_2.3,19.14,10.83,1.77
290.0,auto_flow_1.55,bike_flow_2.4,22.38,10.83,2.07
290.0,auto_flow_1.55,bike_flow_2.5,25.72,10.83,2.37
290.0,auto_flow_1.55,bike_flow_2.6,29.37,10.83,2.71
290.0,auto_flow_1.55,car_flow_2.55,22.49,10.83,2.08
290.0,bike_flow_2.2,bike_flow_2.3,8.29,3.67,2.26
291.0,auto_flow_1.54,car_flow_2.54,24.1,9.7,2.48
291.0,auto_flow_1.54,car_flow_2.55,16.62,9.7,1.71
291.0,auto_flow_1.55,bike_flow_2.2,21.86,10.42,2.1
291.0,auto_flow_1.55,bike_flow_2.3,27.63,10.42,2.65
291.0,auto_flow_1.55,bike_flow_2.4,30.62,10.42,2.94
291.0,auto_flow_1.55,car_flow_2.55,22.73,10.42,2.18
291.0,bike_flow_2.2,bike_flow_2.3,9.05,4.45,2.04
291.0,bike_flow_2.3,bike_flow_2.4,7.48,2.51,2.98
292.0,auto_flow_1.54,car_flow_2.55,17.84,10.57,1.69
292.0,auto_flow_1.55,bike_flow_2.2,26.4,10.31,2.56
292.0,auto_flow_1.55,car_flow_2.55,21.78,10.31,2.11
292.0,bike_flow_2.2,bike_flow_2.3,10.08,5.78,1.74
292.0,bike_flow_2.2,bike_flow_2.4,16.74,5.78,2.89
292.0,bike_flow_2.3,bike_flow_2.4,10.5,5.39,1.95
292.0,bike_flow_2.4,bike_flow_2.5,6.81,2.28,2.99
293.0,auto_flow_1.54,car_flow_2.55,18.38,10.97,1.68
293.0,auto_flow_1.55,bike_flow_2.2,28.47,9.9,2.88
293.0,auto_flow_1.55,car_flow_2.55,22.3,9.9,2.25
293.0,bike_flow_2.2,bike_flow_2.3,14.02,7.82,1.79
293.0,bike_flow_2.2,bike_flow_2.4,20.22,7.82,2.58
293.0,bike_flow_2.3,bike_flow_2.4,9.58,4.54,2.11
293.0,bike_flow_2.4,bike_flow_2.5,8.85,4.32,2.05
293.0,bike_flow_2.5,bike_flow_2.6,6.78,2.27,2.98
294.0,auto_flow_1.54,car_flow_2.55,17.05,9.86,1.73
294.0,auto_flow_1.55,car_flow_2.55,23.93,9.56,2.5
294.0,bike_flow_2.2,bike_flow_2.3,18.54,9.12,2.03
294.0,bike_flow_2.3,bike_flow_2.4,9.84,4.61,2.13
294.0,bike_flow_2.4,bike_flow_2.5,9.05,4.14,2.19
294.0,bike_flow_2.5,bike_flow_2.6,10.06,3.93,2.56
295.0,auto_flow_1.55,bike_flow_2.2,28.6,10.44,2.74
295.0,auto_flow_1.55,car_flow_2.55,23.79,10.44,2.28
295.0,bike_flow_2.2,bike_flow_2.3,22.43,10.75,2.09
295.0,bike_flow_2.3,bike_flow_2.4,12.26,6.87,1.78
295.0,bike_flow_2.3,bike_flow_2.5,18.27,6.87,2.66
295.0,bike_flow_2.4,bike_flow_2.5,9.73,5.88,1.66
295.0,bike_flow_2.5,bike_flow_2.6,12.61,4.3,2.93
296.0,auto_flow_1.55,bike_flow_2.2,27.09,10.12,2.68
296.0,bike_flow_2.2,bike_flow_2.3,25.49,11.62,2.19
296.0,bike_flow_2.3,bike_flow_2.4,15.33,8.56,1.79
296.0,bike_flow_2.3,bike_flow_2.5,24.24,8.56,2.83
296.0,bike_flow_2.4,bike_flow_2.5,9.41,5.51,1.71
296.0,bike_flow_2.5,bike_flow_2.6,13.96,5.67,2.46
296.0,bike_flow_2.6,bike_flow_2.7,10.03,4.31,2.33
297.0,auto_flow_1.55,bike_flow_2.2,24.38,10.26,2.38
297.0,bike_flow_2.2,bike_flow_2.3,28.43,12.98,2.19
297.0,bike_flow_2.3,bike_flow_2.4,18.57,10.04,1.85
297.0,bike_flow_2.4,bike_flow_2.5,12.75,6.81,1.87
297.0,bike_flow_2.4,bike_flow_2.6,19.01,6.81,2.79
297.0,bike_flow_2.5,bike_flow_2.6,10.69,4.48,2.39
297.0,bike_flow_2.6,bike_flow_2.7,14.16,6.99,2.03
297.0,bike_flow_2.7,bike_flow_2.8,7.89,2.86,2.75
298.0,auto_flow_1.55,bike_flow_2.2,23.36,10.57,2.21
298.0,bike_flow_2.2,bike_flow_2.3,27.93,11.59,2.41
298.0,bike_flow_2.3,bike_flow_2.4,21.26,12.1,1.76
298.0,bike_flow_2.4,bike_flow_2.5,16.81,9.4,1.79
298.0,bike_flow_2.4,bike_flow_2.6,26.57,9.4,2.83
298.0,bike_flow_2.5,bike_flow_2.6,12.06,5.39,2.24
298.0,bike_flow_2.7,bike_flow_2.8,11.68,5.27,2.22
299.0,bike_flow_2.2,bike_flow_2.3,26.57,10.8,2.46
299.0,bike_flow_2.3,bike_flow_2.4,23.21,12.16,1.91
299.0,bike_flow_2.4,bike_flow_2.5,20.05,10.21,1.96
299.0,bike_flow_2.5,bike_flow_2.6,16.19,6.96,2.32
299.0,bike_flow_2.6,bike_flow_2.7,8.92,3.27,2.73
299.0,bike_flow_2.7,bike_flow_2.8,12.47,5.22,2.39
299.0,bike_flow_2.8,bike_flow_2.9,10.29,4.44,2.32
300.0,bike_flow_2.2,bike_flow_2.3,24.9,12.42,2.0
300.0,bike_flow_2.3,bike_flow_2.4,25.38,14.09,1.8
300.0,bike_flow_2.4,bike_flow_2.5,22.64,11.92,1.9
300.0,bike_flow_2.5,bike_flow_2.6,24.44,9.34,2.62
300.0,bike_flow_2.5,bike_flow_2.7,27.01,9.34,2.89
300.0,bike_flow_2.7,bike_flow_2.8,9.09,3.2,2.84
300.0,bike_flow_2.8,bike_flow_2.9,15.1,6.58,2.29
301.0,bike_flow_2.3,bike_flow_2.4,24.58,13.49,1.82
301.0,bike_flow_2.4,bike_flow_2.5,26.63,14.29,1.86
301.0,bike_flow_2.6,bike_flow_2.7,8.35,4.63,1.81
301.0,bike_flow_2.7,bike_flow_2.8,9.52,3.43,2.78
302.0,bike_flow_2.3,bike_flow_2.4,21.05,11.6,1.81
302.0,bike_flow_2.4,bike_flow_2.5,29.63,15.13,1.96
302.0,bike_flow_2.6,bike_flow_2.7,10.58,5.79,1.83
302.0,bike_flow_2.6,bike_flow_2.8,16.12,5.79,2.78
302.0,bike_flow_2.7,bike_flow_2.8,8.1,2.81,2.88
303.0,bike_flow_2.10,bike_flow_2.11,11.18,4.2,2.66
303.0,bike_flow_2.4,bike_flow_2.5,29.45,12.66,2.33
303.0,bike_flow_2.6,bike_flow_2.7,16.62,8.28,2.01
303.0,bike_flow_2.6,bike_flow_2.8,21.13,8.28,2.55
303.0,bike_flow_2.7,bike_flow_2.8,9.82,3.45,2.85
304.0,bike_flow_2.10,bike_flow_2.11,13.34,5.33,2.5
304.0,bike_flow_2.10,bike_flow_2.9,10.22,5.33,1.92
304.0,bike_flow_2.11,bike_flow_2.12,8.35,3.17,2.63
304.0,bike_flow_2.6,bike_flow_2.7,22.97,11.16,2.06
304.0,bike_flow_2.6,bike_flow_2.8,30.0,11.16,2.69
304.0,bike_flow_2.7,bike_flow_2.8,10.07,5.25,1.92
304.0,bike_flow_2.8,bike_flow_2.9,9.37,3.37,2.78
305.0,bike_flow_2.10,bike_flow_2.9,10.97,3.9,2.82
305.0,bike_flow_2.11,bike_flow_2.12,10.52,5.33,1.97
305.0,bike_flow_2.12,bike_flow_2.13,8.42,3.17,2.66
305.0,bike_flow_2.6,bike_flow_2.7,26.2,11.36,2.31
305.0,bike_flow_2.7,bike_flow_2.8,14.38,8.13,1.77
305.0,bike_flow_2.7,bike_flow_2.9,19.05,8.13,2.34
305.0,bike_flow_2.8,bike_flow_2.9,8.86,4.14,2.14
306.0,bike_flow_2.10,bike_flow_2.9,9.97,3.77,2.64
306.0,bike_flow_2.11,bike_flow_2.12,9.12,3.61,2.53
306.0,bike_flow_2.12,bike_flow_2.13,11.36,5.01,2.27
306.0,bike_flow_2.6,bike_flow_2.7,29.65,12.32,2.41
306.0,bike_flow_2.7,bike_flow_2.8,20.13,8.88,2.27
306.0,bike_flow_2.7,bike_flow_2.9,25.04,8.88,2.82
306.0,bike_flow_2.8,bike_flow_2.9,9.95,4.55,2.19
307.0,bike_flow_2.10,bike_flow_2.11,11.25,4.75,2.37
307.0,bike_flow_2.10,bike_flow_2.9,7.78,4.75,1.64
307.0,bike_flow_2.11,bike_flow_2.12,12.67,5.56,2.28
307.0,bike_flow_2.13,bike_flow_2.14,9.66,4.24,2.28
307.0,bike_flow_2.6,bike_flow_2.7,31.31,11.45,2.73
307.0,bike_flow_2.7,bike_flow_2.8,23.73,9.79,2.42
307.0,bike_flow_2.8,bike_flow_2.9,11.72,6.27,1.87
308.0,bike_flow_2.11,bike_flow_2.12,14.04,4.86,2.89
308.0,bike_flow_2.12,bike_flow_2.13,8.59,3.49,2.46
308.0,bike_flow_2.13,bike_flow_2.14,10.1,4.03,2.51
308.0,bike_flow_2.14,bike_flow_2.15,9.84,3.6,2.74
308.0,bike_flow_2.6,bike_flow_2.7,32.37,11.68,2.77
308.0,bike_flow_2.7,bike_flow_2.8,26.0,10.63,2.45
308.0,bike_flow_2.8,bike_flow_2.9,16.66,8.36,1.99
309.0,bike_flow_2.10,bike_flow_2.11,7.68,2.92,2.63
309.0,bike_flow_2.12,bike_flow_2.13,11.1,6.09,1.82
309.0,bike_flow_2.13,bike_flow_2.14,10.54,3.58,2.94
309.0,bike_flow_2.6,bike_flow_2.7,32.06,11.42,2.81
309.0,bike_flow_2.7,bike_flow_2.8,27.39,11.73,2.33
309.0,bike_flow_2.8,bike_flow_2.9,22.45,10.34,2.17
310.0,bike_flow_2.12,bike_flow_2.13,9.71,3.78,2.57
310.0,bike_flow_2.13,bike_flow_2.14,12.01,5.17,2.32
310.0,bike_flow_2.15,bike_flow_2.16,8.85,3.37,2.63
310.0,bike_flow_2.6,bike_flow_2.7,29.77,10.59,2.81
310.0,bike_flow_2.7,bike_flow_2.8,29.52,12.88,2.29
310.0,bike_flow_2.8,bike_flow_2.9,27.4,10.74,2.55
311.0,bike_flow_2.10,bike_flow_2.11,13.3,5.76,2.31
311.0,bike_flow_2.10,bike_flow_2.9,17.08,5.76,2.96
311.0,bike_flow_2.12,bike_flow_2.13,9.66,4.11,2.35
311.0,bike_flow_2.13,bike_flow_2.14,12.09,4.17,2.9
311.0,bike_flow_2.14,bike_flow_2.15,10.43,4.09,2.55
311.0,bike_flow_2.15,bike_flow_2.16,11.84,5.77,2.05
311.0,bike_flow_2.16,bike_flow_2.17,7.73,2.78,2.78
311.0,bike_flow_2.7,bike_flow_2.8,29.15,11.58,2.52
311.0,bike_flow_2.8,bike_flow_2.9,32.36,11.95,2.71
312.0,bike_flow_2.10,bike_flow_2.11,12.1,5.08,2.38
312.0,bike_flow_2.11,bike_flow_2.12,8.97,4.46,2.01
312.0,bike_flow_2.13,bike_flow_2.14,11.81,4.29,2.75
312.0,bike_flow_2.14,bike_flow_2.15,11.54,4.58,2.52
312.0,bike_flow_2.16,bike_flow_2.17,9.09,3.97,2.29
312.0,bike_flow_2.17,bike_flow_2.18,7.32,2.62,2.8
312.0,bike_flow_2.7,bike_flow_2.8,27.73,10.63,2.61
312.0,bike_flow_2.8,bike_flow_2.9,36.06,12.05,2.99
313.0,bike_flow_2.10,bike_flow_2.11,11.74,4.25,2.76
313.0,bike_flow_2.11,bike_flow_2.12,11.2,4.22,2.66
313.0,bike_flow_2.14,bike_flow_2.15,10.6,3.55,2.99
313.0,bike_flow_2.15,bike_flow_2.16,10.17,4.48,2.27
313.0,bike_flow_2.16,bike_flow_2.17,11.79,5.65,2.09
314.0,bike_flow_2.10,bike_flow_2.11,13.29,4.7,2.83
314.0,bike_flow_2.11,bike_flow_2.12,13.19,5.18,2.55
314.0,bike_flow_2.12,bike_flow_2.13,7.53,2.98,2.53
314.0,bike_flow_2.13,bike_flow_2.14,8.24,3.54,2.33
314.0,bike_flow_2.14,bike_flow_2.15,10.3,4.81,2.14
314.0,bike_flow_2.15,bike_flow_2.16,10.98,5.11,2.15
314.0,bike_flow_2.16,bike_flow_2.17,11.02,4.3,2.56
314.0,bike_flow_2.17,bike_flow_2.18,12.09,5.08,2.38
314.0,bike_flow_2.18,bike_flow_2.19,7.34,2.71,2.71
315.0,bike_flow_2.10,bike_flow_2.11,18.1,7.66,2.36
315.0,bike_flow_2.12,bike_flow_2.13,12.01,5.25,2.29
315.0,bike_flow_2.15,bike_flow_2.16,9.77,3.75,2.61
315.0,bike_flow_2.16,bike_flow_2.17,10.5,4.96,2.12
315.0,bike_flow_2.17,bike_flow_2.18,13.94,5.47,2.55
315.0,bike_flow_2.18,bike_flow_2.19,10.03,3.62,2.77
315.0,bike_flow_2.8,bike_flow_2.9,35.07,11.77,2.98
316.0,bike_flow_2.10,bike_flow_2.11,23.39,8.31,2.82
316.0,bike_flow_2.11,bike_flow_2.12,7.9,3.03,2.61
316.0,bike_flow_2.12,bike_flow_2.13,15.04,5.51,2.73
316.0,bike_flow_2.15,bike_flow_2.16,9.71,3.7,2.62
316.0,bike_flow_2.16,bike_flow_2.17,9.12,3.77,2.42
316.0,bike_flow_2.17,bike_flow_2.18,13.38,5.15,2.6
316.0,bike_flow_2.18,bike_flow_2.19,13.7,5.7,2.4
317.0,bike_flow_2.10,bike_flow_2.11,28.88,11.26,2.56
317.0,bike_flow_2.11,bike_flow_2.12,11.14,5.77,1.93
317.0,bike_flow_2.13,bike_flow_2.14,10.55,3.73,2.83
317.0,bike_flow_2.16,bike_flow_2.17,9.0,3.64,2.48
317.0,bike_flow_2.17,bike_flow_2.18,11.12,3.76,2.96
317.0,bike_flow_2.18,bike_flow_2.19,15.33,6.02,2.55
317.0,bike_flow_2.19,bike_flow_2.20,9.35,4.39,2.13
318.0,bike_flow_2.10,bike_flow_2.11,33.17,12.22,2.71
318.0,bike_flow_2.11,bike_flow_2.12,14.85,7.93,1.87
318.0,bike_flow_2.11,bike_flow_2.13,23.47,7.93,2.96
318.0,bike_flow_2.12,bike_flow_2.13,12.52,4.43,2.83
318.0,bike_flow_2.13,bike_flow_2.14,11.34,4.31,2.63
318.0,bike_flow_2.14,bike_flow_2.15,8.45,3.52,2.4
318.0,bike_flow_2.17,bike_flow_2.18,11.0,4.17,2.64
318.0,bike_flow_2.19,bike_flow_2.20,12.39,6.0,2.07
318.0,bike_flow_2.20,bike_flow_2.21,8.15,2.95,2.76
319.0,bike_flow_2.10,bike_flow_2.11,36.82,14.44,2.55
319.0,bike_flow_2.11,bike_flow_2.12,18.42,10.79,1.71
319.0,bike_flow_2.12,bike_flow_2.13,15.61,7.22,2.16
319.0,bike_flow_2.12,bike_flow_2.14,21.39,7.22,2.96
319.0,bike_flow_2.14,bike_flow_2.15,10.99,5.48,2.01
319.0,bike_flow_2.18,bike_flow_2.19,12.07,5.23,2.31
319.0,bike_flow_2.19,bike_flow_2.20,14.1,6.78,2.08
319.0,bike_flow_2.20,bike_flow_2.21,11.76,5.07,2.32
320.0,bike_flow_2.10,bike_flow_2.11,40.67,13.59,2.99
320.0,bike_flow_2.11,bike_flow_2.12,17.96,9.74,1.84
320.0,bike_flow_2.12,bike_flow_2.13,23.57,10.2,2.31
320.0,bike_flow_2.12,bike_flow_2.14,27.12,10.2,2.66
320.0,bike_flow_2.13,bike_flow_2.14,9.34,3.95,2.36
320.0,bike_flow_2.15,bike_flow_2.16,12.34,4.99,2.47
320.0,bike_flow_2.16,bike_flow_2.17,7.02,2.36,2.98
320.0,bike_flow_2.19,bike_flow_2.20,12.9,5.34,2.42
320.0,bike_flow_2.20,bike_flow_2.21,15.54,6.53,2.38
321.0,bike_flow_2.11,bike_flow_2.12,18.93,10.74,1.76
321.0,bike_flow_2.13,bike_flow_2.14,11.71,5.66,2.07
321.0,bike_flow_2.16,bike_flow_2.17,7.83,2.83,2.76
321.0,bike_flow_2.21,bike_flow_2.22,11.14,4.82,2.31
322.0,bike_flow_2.11,bike_flow_2.12,20.42,11.16,1.83
322.0,bike_flow_2.13,bike_flow_2.14,12.28,6.22,1.98
322.0,bike_flow_2.14,bike_flow_2.15,8.56,3.73,2.29
322.0,bike_flow_2.15,bike_flow_2.16,10.58,3.57,2.97
322.0,bike_flow_2.16,bike_flow_2.17,10.98,5.45,2.01
322.0,bike_flow_2.18,bike_flow_2.19,8.44,2.92,2.89
322.0,bike_flow_2.20,bike_flow_2.21,12.73,4.54,2.8
322.0,bike_flow_2.21,bike_flow_2.22,14.2,7.7,1.84
322.0,bike_flow_2.22,bike_flow_2.23,9.31,4.64,2.01
323.0,bike_flow_2.11,bike_flow_2.12,17.55,9.24,1.9
323.0,bike_flow_2.13,bike_flow_2.14,17.45,7.99,2.18
323.0,bike_flow_2.13,bike_flow_2.15,22.16,7.99,2.77
323.0,bike_flow_2.14,bike_flow_2.15,10.3,4.48,2.3
323.0,bike_flow_2.16,bike_flow_2.17,12.73,4.88,2.61
323.0,bike_flow_2.17,bike_flow_2.18,8.01,3.12,2.57
323.0,bike_flow_2.22,bike_flow_2.23,12.3,5.47,2.25
324.0,bike_flow_2.11,bike_flow_2.12,18.0,9.35,1.92
324.0,bike_flow_2.13,bike_flow_2.14,23.64,10.94,2.16
324.0,bike_flow_2.13,bike_flow_2.15,29.57,10.94,2.7
324.0,bike_flow_2.14,bike_flow_2.15,9.46,5.92,1.6
324.0,bike_flow_2.15,bike_flow_2.16,12.35,5.37,2.3
324.0,bike_flow_2.17,bike_flow_2.18,9.65,4.07,2.37
324.0,bike_flow_2.19,bike_flow_2.20,7.59,2.61,2.91
324.0,bike_flow_2.22,bike_flow_2.23,13.38,4.8,2.79
325.0,bike_flow_2.11,bike_flow_2.12,18.86,11.42,1.65
325.0,bike_flow_2.13,bike_flow_2.14,31.16,12.18,2.56
325.0,bike_flow_2.14,bike_flow_2.15,10.04,4.67,2.15
325.0,bike_flow_2.17,bike_flow_2.18,10.6,4.99,2.12
325.0,bike_flow_2.18,bike_flow_2.19,9.81,4.04,2.43
325.0,bike_flow_2.19,bike_flow_2.20,10.54,4.07,2.59
325.0,bike_flow_2.23,bike_flow_2.24,11.61,5.41,2.15
326.0,bike_flow_2.12,bike_flow_2.13,32.96,12.04,2.74
326.0,bike_flow_2.13,bike_flow_2.14,37.79,12.79,2.96
326.0,bike_flow_2.14,bike_flow_2.15,11.97,6.16,1.94
326.0,bike_flow_2.15,bike_flow_2.16,15.31,5.46,2.8
326.0,bike_flow_2.16,bike_flow_2.17,9.69,3.42,2.84
326.0,bike_flow_2.18,bike_flow_2.19,10.74,5.39,1.99
326.0,bike_flow_2.19,bike_flow_2.20,12.01,4.45,2.7
326.0,bike_flow_2.23,bike_flow_2.24,12.11,4.87,2.48
327.0,bike_flow_2.12,bike_flow_2.13,32.05,11.64,2.75
327.0,bike_flow_2.14,bike_flow_2.15,15.72,7.98,1.97
327.0,bike_flow_2.15,bike_flow_2.16,11.8,4.24,2.78
327.0,bike_flow_2.16,bike_flow_2.17,12.23,6.33,1.93
327.0,bike_flow_2.17,bike_flow_2.18,8.81,3.8,2.32
327.0,bike_flow_2.19,bike_flow_2.20,9.67,3.31,2.92
327.0,bike_flow_2.20,bike_flow_2.21,11.6,5.65,2.05
327.0,bike_flow_2.21,bike_flow_2.22,9.19,3.5,2.63
327.0,bike_flow_2.23,bike_flow_2.24,9.62,3.49,2.76
327.0,bike_flow_2.24,bike_flow_2.25,10.35,5.98,1.73
328.0,bike_flow_2.14,bike_flow_2.15,20.15,10.64,1.89
328.0,bike_flow_2.15,bike_flow_2.16,13.53,6.21,2.18
328.0,bike_flow_2.16,bike_flow_2.17,12.29,6.45,1.9
328.0,bike_flow_2.17,bike_flow_2.18,13.03,6.28,2.07
328.0,bike_flow_2.20,bike_flow_2.21,10.45,4.81,2.17
328.0,bike_flow_2.21,bike_flow_2.22,11.25,5.96,1.89
328.0,bike_flow_2.22,bike_flow_2.23,9.82,3.9,2.52
328.0,bike_flow_2.24,bike_flow_2.25,8.6,2.93,2.94
329.0,bike_flow_2.14,bike_flow_2.15,23.08,11.11,2.08
329.0,bike_flow_2.15,bike_flow_2.16,15.97,8.18,1.95
329.0,bike_flow_2.15,bike_flow_2.17,24.41,8.18,2.98
329.0,bike_flow_2.16,bike_flow_2.17,11.89,6.46,1.84
329.0,bike_flow_2.21,bike_flow_2.22,11.63,5.35,2.18
329.0,bike_flow_2.22,bike_flow_2.23,12.7,4.96,2.56
329.0,bike_flow_2.25,bike_flow_2.26,7.78,3.1,2.51
330.0,bike_flow_2.14,bike_flow_2.15,25.83,12.85,2.01
330.0,bike_flow_2.15,bike_flow_2.16,17.4,10.1,1.72
330.0,bike_flow_2.16,bike_flow_2.17,17.24,8.67,1.99
330.0,bike_flow_2.18,bike_flow_2.19,10.46,3.72,2.81
330.0,bike_flow_2.22,bike_flow_2.23,16.24,6.08,2.67
331.0,bike_flow_2.14,bike_flow_2.15,27.23,12.14,2.24
331.0,bike_flow_2.15,bike_flow_2.16,17.8,10.74,1.66
331.0,bike_flow_2.16,bike_flow_2.17,25.6,10.33,2.48
331.0,bike_flow_2.16,bike_flow_2.18,30.03,10.33,2.91
331.0,bike_flow_2.17,bike_flow_2.18,11.42,3.81,3.0
331.0,bike_flow_2.18,bike_flow_2.19,10.79,5.45,1.98
331.0,bike_flow_2.19,bike_flow_2.20,9.74,5.11,1.9
331.0,bike_flow_2.20,bike_flow_2.21,9.34,3.94,2.37
331.0,bike_flow_2.23,bike_flow_2.24,12.45,4.94,2.52
332.0,bike_flow_2.14,bike_flow_2.15,27.5,12.59,2.18
332.0,bike_flow_2.15,bike_flow_2.16,18.6,12.33,1.51
332.0,bike_flow_2.16,bike_flow_2.17,34.43,11.53,2.99
332.0,bike_flow_2.17,bike_flow_2.18,9.91,4.86,2.04
332.0,bike_flow_2.18,bike_flow_2.19,11.31,5.82,1.94
332.0,bike_flow_2.19,bike_flow_2.20,12.08,5.3,2.28
332.0,bike_flow_2.21,bike_flow_2.22,8.86,3.03,2.92
332.0,bike_flow_2.23,bike_flow_2.24,13.91,4.71,2.95
332.0,bike_flow_2.24,bike_flow_2.25,9.17,3.25,2.82
332.0,bike_flow_2.25,bike_flow_2.26,9.18,3.34,2.75
333.0,bike_flow_2.14,bike_flow_2.15,26.61,13.96,1.91
333.0,bike_flow_2.15,bike_flow_2.16,20.6,14.84,1.39
333.0,bike_flow_2.17,bike_flow_2.18,11.88,5.82,2.04
333.0,bike_flow_2.19,bike_flow_2.20,14.06,5.69,2.47
333.0,bike_flow_2.20,bike_flow_2.21,9.32,3.71,2.51
333.0,bike_flow_2.21,bike_flow_2.22,9.07,3.65,2.48
333.0,bike_flow_2.22,bike_flow_2.23,9.54,3.44,2.78
333.0,bike_flow_2.24,bike_flow_2.25,9.29,4.26,2.18
333.0,bike_flow_2.25,bike_flow_2.26,11.6,4.14,2.8
334.0,bike_flow_2.15,bike_flow_2.16,22.32,13.2,1.69
334.0,bike_flow_2.17,bike_flow_2.18,17.45,8.55,2.04
334.0,bike_flow_2.17,bike_flow_2.19,21.74,8.55,2.54
334.0,bike_flow_2.18,bike_flow_2.19,8.57,3.27,2.62
334.0,bike_flow_2.20,bike_flow_2.21,11.57,6.63,1.75
334.0,bike_flow_2.21,bike_flow_2.22,9.33,4.38,2.13
334.0,bike_flow_2.22,bike_flow_2.23,10.24,4.11,2.49
334.0,bike_flow_2.23,bike_flow_2.24,9.38,3.41,2.75
334.0,bike_flow_2.24,bike_flow_2.25,11.34,6.15,1.84
335.0,bike_flow_2.15,bike_flow_2.16,24.08,13.13,1.83
335.0,bike_flow_2.17,bike_flow_2.18,24.95,10.26,2.43
335.0,bike_flow_2.17,bike_flow_2.19,29.08,10.26,2.83
335.0,bike_flow_2.18,bike_flow_2.19,10.3,5.0,2.06
335.0,bike_flow_2.20,bike_flow_2.21,10.55,3.69,2.86
335.0,bike_flow_2.21,bike_flow_2.22,11.22,4.71,2.38
335.0,bike_flow_2.23,bike_flow_2.24,9.38,3.72,2.52
335.0,bike_flow_2.24,bike_flow_2.25,9.1,3.71,2.45
335.0,bike_flow_2.25,bike_flow_2.26,15.43,5.96,2.59
336.0,bike_flow_2.17,bike_flow_2.18,32.2,12.06,2.67
336.0,bike_flow_2.18,bike_flow_2.19,10.64,5.01,2.12
336.0,bike_flow_2.19,bike_flow_2.20,8.17,2.94,2.78
336.0,bike_flow_2.20,bike_flow_2.21,9.87,3.36,2.94
336.0,bike_flow_2.21,bike_flow_2.22,9.47,4.04,2.34
336.0,bike_flow_2.22,bike_flow_2.23,10.39,5.8,1.79
336.0,bike_flow_2.23,bike_flow_2.24,9.74,4.76,2.05
336.0,bike_flow_2.24,bike_flow_2.25,9.27,4.4,2.11
336.0,bike_flow_2.26,bike_flow_2.27,10.82,4.11,2.63
337.0,bike_flow_2.18,bike_flow_2.19,12.58,5.67,2.22
337.0,bike_flow_2.19,bike_flow_2.20,9.51,4.75,2.0
337.0,bike_flow_2.20,bike_flow_2.21,8.59,3.39,2.53
337.0,bike_flow_2.21,bike_flow_2.22,10.63,4.67,2.27
337.0,bike_flow_2.22,bike_flow_2.23,9.05,3.52,2.57
337.0,bike_flow_2.23,bike_flow_2.24,11.59,4.85,2.39
337.0,bike_flow_2.26,bike_flow_2.27,12.4,4.83,2.57
338.0,bike_flow_2.18,bike_flow_2.19,16.43,7.87,2.09
338.0,bike_flow_2.18,bike_flow_2.20,22.09,7.87,2.81
338.0,bike_flow_2.19,bike_flow_2.20,9.42,5.14,1.83
338.0,bike_flow_2.20,bike_flow_2.21,11.31,4.18,2.71
338.0,bike_flow_2.22,bike_flow_2.23,8.65,3.17,2.73
338.0,bike_flow_2.23,bike_flow_2.24,10.02,3.57,2.8
338.0,bike_flow_2.24,bike_flow_2.25,11.7,5.14,2.27
338.0,bike_flow_2.26,bike_flow_2.27,14.41,6.2,2.32
338.0,bike_flow_2.27,bike_flow_2.28,12.18,4.19,2.91
339.0,bike_flow_2.18,bike_flow_2.19,21.74,8.94,2.43
339.0,bike_flow_2.19,bike_flow_2.20,8.17,3.64,2.24
339.0,bike_flow_2.20,bike_flow_2.21,13.47,5.0,2.7
339.0,bike_flow_2.21,bike_flow_2.22,8.45,2.82,2.99
339.0,bike_flow_2.22,bike_flow_2.23,8.26,3.28,2.51
339.0,bike_flow_2.23,bike_flow_2.24,10.77,3.68,2.93
339.0,bike_flow_2.25,bike_flow_2.26,11.94,4.55,2.63
339.0,bike_flow_2.27,bike_flow_2.28,13.82,6.73,2.05
340.0,bike_flow_2.18,bike_flow_2.19,26.26,10.96,2.4
340.0,bike_flow_2.19,bike_flow_2.20,11.53,6.44,1.79
340.0,bike_flow_2.19,bike_flow_2.21,19.12,6.44,2.97
340.0,bike_flow_2.21,bike_flow_2.22,9.7,4.2,2.31
340.0,bike_flow_2.22,bike_flow_2.23,7.73,2.95,2.62
340.0,bike_flow_2.24,bike_flow_2.25,10.97,3.7,2.96
340.0,bike_flow_2.26,bike_flow_2.27,9.55,3.3,2.89
340.0,bike_flow_2.27,bike_flow_2.28,12.19,4.28,2.85
340.0,bike_flow_2.28,bike_flow_2.29,11.0,5.9,1.86
341.0,bike_flow_2.19,bike_flow_2.20,12.52,6.87,1.82
341.0,bike_flow_2.20,bike_flow_2.21,12.73,6.01,2.12
341.0,bike_flow_2.21,bike_flow_2.22,9.17,3.44,2.66
341.0,bike_flow_2.22,bike_flow_2.23,9.08,3.98,2.28
341.0,bike_flow_2.24,bike_flow_2.25,11.24,3.82,2.94
341.0,bike_flow_2.25,bike_flow_2.26,10.33,3.55,2.91
341.0,bike_flow_2.26,bike_flow_2.27,9.53,4.67,2.04
341.0,bike_flow_2.27,bike_flow_2.28,11.78,4.68,2.52
341.0,bike_flow_2.28,bike_flow_2.29,12.25,5.1,2.4
342.0,bike_flow_2.18,bike_flow_2.19,30.68,11.05,2.78
342.0,bike_flow_2.19,bike_flow_2.20,16.81,9.06,1.86
342.0,bike_flow_2.20,bike_flow_2.21,13.41,4.77,2.81
342.0,bike_flow_2.21,bike_flow_2.22,12.67,5.63,2.25
342.0,bike_flow_2.23,bike_flow_2.24,10.84,4.12,2.63
342.0,bike_flow_2.25,bike_flow_2.26,10.48,3.51,2.98
342.0,bike_flow_2.26,bike_flow_2.27,8.58,3.36,2.55
342.0,bike_flow_2.27,bike_flow_2.28,10.58,4.32,2.45
342.0,bike_flow_2.28,bike_flow_2.29,12.72,5.51,2.31
342.0,bike_flow_2.29,bike_flow_2.30,8.89,5.04,1.76
343.0,bike_flow_2.18,bike_flow_2.19,32.55,11.32,2.88
343.0,bike_flow_2.19,bike_flow_2.20,18.75,9.45,1.98
343.0,bike_flow_2.20,bike_flow_2.21,16.75,7.51,2.23
343.0,bike_flow_2.21,bike_flow_2.22,14.07,5.64,2.49
343.0,bike_flow_2.26,bike_flow_2.27,9.52,4.44,2.14
343.0,bike_flow_2.27,bike_flow_2.28,9.94,3.5,2.84
343.0,bike_flow_2.28,bike_flow_2.29,12.01,4.14,2.9
343.0,bike_flow_2.29,bike_flow_2.30,10.32,4.85,2.13
344.0,bike_flow_2.19,bike_flow_2.20,22.31,11.95,1.87
344.0,bike_flow_2.20,bike_flow_2.21,20.6,8.39,2.46
344.0,bike_flow_2.21,bike_flow_2.22,11.47,4.55,2.52
344.0,bike_flow_2.22,bike_flow_2.23,12.11,5.88,2.06
344.0,bike_flow_2.23,bike_flow_2.24,8.67,2.94,2.95
344.0,bike_flow_2.27,bike_flow_2.28,10.5,3.91,2.69
344.0,bike_flow_2.29,bike_flow_2.30,10.74,4.89,2.2
345.0,bike_flow_2.19,bike_flow_2.20,23.7,12.32,1.92
345.0,bike_flow_2.20,bike_flow_2.21,26.26,10.94,2.4
345.0,bike_flow_2.21,bike_flow_2.22,13.33,5.29,2.52
345.0,bike_flow_2.22,bike_flow_2.23,11.82,5.18,2.28
345.0,bike_flow_2.23,bike_flow_2.24,12.29,5.42,2.27
345.0,bike_flow_2.25,bike_flow_2.26,11.46,4.73,2.42
345.0,bike_flow_2.26,bike_flow_2.27,9.49,3.51,2.71
345.0,bike_flow_2.28,bike_flow_2.29,9.95,4.61,2.16
345.0,bike_flow_2.29,bike_flow_2.30,12.81,5.13,2.5
346.0,bike_flow_2.19,bike_flow_2.20,22.2,12.13,1.83
346.0,bike_flow_2.20,bike_flow_2.21,33.16,13.62,2.43
346.0,bike_flow_2.21,bike_flow_2.22,15.0,6.72,2.23
346.0,bike_flow_2.22,bike_flow_2.23,11.98,5.87,2.04
346.0,bike_flow_2.24,bike_flow_2.25,8.2,3.09,2.66
346.0,bike_flow_2.26,bike_flow_2.27,11.61,5.32,2.18
346.0,bike_flow_2.27,bike_flow_2.28,8.33,3.2,2.6
346.0,bike_flow_2.30,bike_flow_2.31,10.11,3.96,2.55
347.0,bike_flow_2.19,bike_flow_2.20,21.65,11.38,1.9
347.0,bike_flow_2.21,bike_flow_2.22,17.71,7.03,2.52
347.0,bike_flow_2.22,bike_flow_2.23,12.76,4.33,2.95
347.0,bike_flow_2.24,bike_flow_2.25,10.27,5.5,1.87
347.0,bike_flow_2.25,bike_flow_2.26,9.28,3.42,2.71
347.0,bike_flow_2.27,bike_flow_2.28,11.51,5.52,2.08
347.0,bike_flow_2.28,bike_flow_2.29,6.85,2.34,2.93
347.0,bike_flow_2.29,bike_flow_2.30,11.22,3.76,2.98
347.0,bike_flow_2.30,bike_flow_2.31,12.62,5.34,2.36
348.0,bike_flow_2.19,bike_flow_2.20,20.13,11.09,1.82
348.0,bike_flow_2.21,bike_flow_2.22,22.03,9.82,2.24
348.0,bike_flow_2.22,bike_flow_2.23,15.76,5.5,2.86
348.0,bike_flow_2.23,bike_flow_2.24,9.37,3.58,2.62
348.0,bike_flow_2.24,bike_flow_2.25,9.45,4.16,2.27
348.0,bike_flow_2.25,bike_flow_2.26,10.03,4.98,2.02
348.0,bike_flow_2.26,bike_flow_2.27,10.26,4.23,2.43
348.0,bike_flow_2.28,bike_flow_2.29,10.36,4.74,2.19
348.0,bike_flow_2.31,bike_flow_2.32,11.56,3.92,2.95
349.0,bike_flow_2.21,bike_flow_2.22,28.11,12.58,2.23
349.0,bike_flow_2.22,bike_flow_2.23,17.9,6.5,2.76
349.0,bike_flow_2.23,bike_flow_2.24,11.52,6.34,1.82
349.0,bike_flow_2.27,bike_flow_2.28,9.51,3.54,2.69
349.0,bike_flow_2.31,bike_flow_2.32,12.62,5.11,2.47
350.0,bike_flow_2.21,bike_flow_2.22,33.98,12.92,2.63
350.0,bike_flow_2.22,bike_flow_2.23,19.79,7.05,2.81
350.0,bike_flow_2.23,bike_flow_2.24,11.87,5.17,2.3
350.0,bike_flow_2.24,bike_flow_2.25,9.77,3.27,2.98
350.0,bike_flow_2.26,bike_flow_2.27,8.73,3.85,2.27
350.0,bike_flow_2.27,bike_flow_2.28,10.51,5.14,2.04
350.0,bike_flow_2.29,bike_flow_2.30,7.63,2.66,2.87
350.0,bike_flow_2.30,bike_flow_2.31,11.1,3.98,2.79
350.0,bike_flow_2.32,bike_flow_2.33,9.63,5.59,1.72
351.0,bike_flow_2.22,bike_flow_2.23,21.16,8.6,2.46
351.0,bike_flow_2.23,bike_flow_2.24,15.88,7.24,2.19
351.0,bike_flow_2.24,bike_flow_2.25,11.81,5.05,2.34
351.0,bike_flow_2.28,bike_flow_2.29,14.19,5.24,2.71
351.0,bike_flow_2.29,bike_flow_2.30,11.29,4.12,2.74
351.0,bike_flow_2.31,bike_flow_2.32,10.16,4.5,2.26
351.0,bike_flow_2.32,bike_flow_2.33,7.8,3.45,2.26
352.0,bike_flow_2.22,bike_flow_2.23,23.41,10.14,2.31
352.0,bike_flow_2.23,bike_flow_2.24,19.57,7.89,2.48
352.0,bike_flow_2.24,bike_flow_2.25,11.36,5.09,2.23
352.0,bike_flow_2.25,bike_flow_2.26,10.71,4.08,2.63
352.0,bike_flow_2.26,bike_flow_2.27,8.38,2.86,2.93
352.0,bike_flow_2.29,bike_flow_2.30,15.63,6.57,2.38
352.0,bike_flow_2.32,bike_flow_2.33,8.2,3.23,2.54
352.0,bike_flow_2.33,bike_flow_2.34,8.11,2.83,2.87
353.0,bike_flow_2.22,bike_flow_2.23,25.81,11.1,2.32
353.0,bike_flow_2.23,bike_flow_2.24,22.87,8.7,2.63
353.0,bike_flow_2.24,bike_flow_2.25,13.01,5.41,2.4
353.0,bike_flow_2.26,bike_flow_2.27,9.11,3.85,2.37
353.0,bike_flow_2.27,bike_flow_2.28,8.06,3.12,2.59
353.0,bike_flow_2.28,bike_flow_2.29,11.58,4.42,2.62
353.0,bike_flow_2.30,bike_flow_2.31,8.64,3.3,2.62
353.0,bike_flow_2.32,bike_flow_2.33,8.89,3.06,2.9
354.0,bike_flow_2.22,bike_flow_2.23,29.03,12.51,2.32
354.0,bike_flow_2.23,bike_flow_2.24,26.24,9.29,2.82
354.0,bike_flow_2.24,bike_flow_2.25,16.66,5.92,2.81
354.0,bike_flow_2.27,bike_flow_2.28,10.55,3.82,2.76
354.0,bike_flow_2.30,bike_flow_2.31,9.33,4.0,2.33
354.0,bike_flow_2.33,bike_flow_2.34,9.42,4.11,2.29
355.0,bike_flow_2.22,bike_flow_2.23,30.95,13.47,2.3
355.0,bike_flow_2.23,bike_flow_2.24,30.74,11.54,2.66
355.0,bike_flow_2.25,bike_flow_2.26,11.01,4.16,2.64
355.0,bike_flow_2.28,bike_flow_2.29,8.88,3.44,2.58
355.0,bike_flow_2.30,bike_flow_2.31,12.11,5.67,2.14
355.0,bike_flow_2.32,bike_flow_2.33,8.26,2.86,2.89
355.0,bike_flow_2.34,bike_flow_2.35,8.46,3.3,2.56
356.0,bike_flow_2.22,bike_flow_2.23,29.26,11.8,2.48
356.0,bike_flow_2.23,bike_flow_2.24,34.66,13.5,2.57
356.0,bike_flow_2.24,bike_flow_2.25,27.59,9.58,2.88
356.0,bike_flow_2.25,bike_flow_2.26,8.89,3.94,2.26
356.0,bike_flow_2.26,bike_flow_2.27,13.23,4.94,2.68
356.0,bike_flow_2.30,bike_flow_2.31,13.63,4.75,2.87
356.0,bike_flow_2.31,bike_flow_2.32,8.83,3.23,2.74
356.0,bike_flow_2.32,bike_flow_2.33,9.71,4.51,2.15
356.0,bike_flow_2.33,bike_flow_2.34,8.28,3.06,2.71
357.0,bike_flow_2.23,bike_flow_2.24,34.59,12.34,2.8
357.0,bike_flow_2.24,bike_flow_2.25,36.13,12.4,2.91
357.0,bike_flow_2.25,bike_flow_2.26,8.94,3.87,2.31
357.0,bike_flow_2.27,bike_flow_2.28,8.01,3.29,2.43
357.0,bike_flow_2.29,bike_flow_2.30,9.92,3.61,2.75
357.0,bike_flow_2.31,bike_flow_2.32,11.05,4.67,2.36
357.0,bike_flow_2.32,bike_flow_2.33,7.1,2.46,2.88
357.0,bike_flow_2.33,bike_flow_2.34,10.74,5.08,2.12
358.0,bike_flow_2.23,bike_flow_2.24,36.03,14.59,2.47
358.0,bike_flow_2.25,bike_flow_2.26,11.42,5.99,1.91
358.0,bike_flow_2.26,bike_flow_2.27,11.91,4.28,2.78
358.0,bike_flow_2.27,bike_flow_2.28,12.89,5.74,2.24
358.0,bike_flow_2.30,bike_flow_2.31,10.59,4.1,2.59
358.0,bike_flow_2.31,bike_flow_2.32,12.57,5.95,2.11
358.0,bike_flow_2.32,bike_flow_2.33,10.79,4.42,2.44
358.0,bike_flow_2.34,bike_flow_2.35,9.31,3.43,2.72
359.0,bike_flow_2.25,bike_flow_2.26,14.35,8.05,1.78
359.0,bike_flow_2.26,bike_flow_2.27,11.74,5.14,2.29
359.0,bike_flow_2.28,bike_flow_2.29,9.46,3.81,2.48
359.0,bike_flow_2.31,bike_flow_2.32,10.38,4.61,2.25
359.0,bike_flow_2.32,bike_flow_2.33,14.97,6.81,2.2
359.0,bike_flow_2.35,bike_flow_2.36,10.3,3.78,2.73
360.0,bike_flow_2.25,bike_flow_2.26,19.17,10.37,1.85
360.0,bike_flow_2.26,bike_flow_2.27,14.49,5.55,2.61
360.0,bike_flow_2.27,bike_flow_2.28,9.98,3.69,2.71
360.0,bike_flow_2.28,bike_flow_2.29,13.6,6.31,2.15
360.0,bike_flow_2.33,bike_flow_2.34,9.93,4.91,2.02
360.0,bike_flow_2.34,bike_flow_2.35,9.17,3.43,2.67
361.0,bike_flow_2.25,bike_flow_2.26,23.98,10.71,2.24
361.0,bike_flow_2.29,bike_flow_2.30,10.48,3.54,2.96
361.0,bike_flow_2.33,bike_flow_2.34,11.08,6.03,1.84
361.0,bike_flow_2.34,bike_flow_2.35,10.72,4.89,2.19
362.0,bike_flow_2.25,bike_flow_2.26,27.85,11.91,2.34
362.0,bike_flow_2.29,bike_flow_2.30,12.81,4.63,2.77
362.0,bike_flow_2.33,bike_flow_2.34,8.86,3.66,2.42
362.0,bike_flow_2.34,bike_flow_2.35,12.74,5.87,2.17
362.0,bike_flow_2.35,bike_flow_2.36,10.61,3.85,2.75
362.0,bike_flow_2.36,bike_flow_2.37,8.9,3.51,2.53
363.0,bike_flow_2.25,bike_flow_2.26,28.93,11.62,2.49
363.0,bike_flow_2.29,bike_flow_2.30,14.81,5.25,2.82
363.0,bike_flow_2.33,bike_flow_2.34,7.1,2.48,2.86
363.0,bike_flow_2.34,bike_flow_2.35,12.23,4.24,2.88
363.0,bike_flow_2.35,bike_flow_2.36,10.05,4.75,2.12
363.0,bike_flow_2.36,bike_flow_2.37,10.34,5.31,1.95
364.0,bike_flow_2.25,bike_flow_2.26,28.54,12.99,2.2
364.0,bike_flow_2.30,bike_flow_2.31,9.51,3.87,2.46
364.0,bike_flow_2.31,bike_flow_2.32,9.22,4.54,2.03
364.0,bike_flow_2.32,bike_flow_2.33,7.5,2.66,2.82
364.0,bike_flow_2.35,bike_flow_2.36,13.0,6.12,2.12
364.0,bike_flow_2.36,bike_flow_2.37,8.34,3.18,2.63
364.0,bike_flow_2.37,bike_flow_2.38,9.04,5.17,1.75
365.0,bike_flow_2.25,bike_flow_2.26,27.92,11.55,2.42
365.0,bike_flow_2.30,bike_flow_2.31,11.3,5.08,2.23
365.0,bike_flow_2.31,bike_flow_2.32,9.77,3.29,2.97
365.0,bike_flow_2.36,bike_flow_2.37,8.74,3.91,2.24
365.0,bike_flow_2.37,bike_flow_2.38,8.83,3.51,2.51
366.0,bike_flow_2.27,bike_flow_2.28,6.61,2.6,2.54
366.0,bike_flow_2.31,bike_flow_2.32,11.09,3.97,2.8
366.0,bike_flow_2.36,bike_flow_2.37,8.01,3.26,2.46
366.0,bike_flow_2.37,bike_flow_2.38,11.17,3.98,2.81
367.0,bike_flow_2.27,bike_flow_2.28,9.71,5.53,1.76
367.0,bike_flow_2.27,bike_flow_2.29,13.85,5.53,2.51
367.0,bike_flow_2.31,bike_flow_2.32,12.24,4.9,2.5
367.0,bike_flow_2.32,bike_flow_2.33,8.9,3.75,2.37
367.0,bike_flow_2.33,bike_flow_2.34,10.53,4.16,2.53
367.0,bike_flow_2.38,bike_flow_2.39,8.13,2.76,2.94
368.0,bike_flow_2.27,bike_flow_2.28,14.32,7.17,2.0
368.0,bike_flow_2.27,bike_flow_2.29,18.74,7.17,2.61
368.0,bike_flow_2.28,bike_flow_2.29,8.87,3.76,2.36
368.0,bike_flow_2.32,bike_flow_2.33,9.79,4.48,2.19
368.0,bike_flow_2.33,bike_flow_2.34,10.72,3.58,2.99
368.0,bike_flow_2.34,bike_flow_2.35,9.82,3.39,2.9
368.0,bike_flow_2.38,bike_flow_2.39,9.16,3.31,2.76
369.0,bike_flow_2.27,bike_flow_2.28,19.01,9.7,1.96
369.0,bike_flow_2.27,bike_flow_2.29,26.27,9.7,2.71
369.0,bike_flow_2.28,bike_flow_2.29,9.02,5.23,1.72
369.0,bike_flow_2.29,bike_flow_2.30,8.96,3.78,2.37
369.0,bike_flow_2.33,bike_flow_2.34,11.36,4.14,2.74
369.0,bike_flow_2.34,bike_flow_2.35,9.87,3.5,2.82
369.0,bike_flow_2.35,bike_flow_2.36,9.35,3.45,2.71
370.0,bike_flow_2.27,bike_flow_2.28,23.48,10.46,2.24
370.0,bike_flow_2.28,bike_flow_2.29,11.0,5.99,1.84
370.0,bike_flow_2.29,bike_flow_2.30,12.16,5.36,2.27
370.0,bike_flow_2.34,bike_flow_2.35,10.76,5.49,1.96
370.0,bike_flow_2.35,bike_flow_2.36,10.6,4.6,2.3
370.0,bike_flow_2.36,bike_flow_2.37,8.15,3.35,2.43
370.0,bike_flow_2.37,bike_flow_2.38,10.04,3.76,2.67
371.0,bike_flow_2.27,bike_flow_2.28,27.14,11.71,2.32
371.0,bike_flow_2.28,bike_flow_2.29,15.41,8.05,1.91
371.0,bike_flow_2.28,bike_flow_2.30,23.07,8.05,2.87
371.0,bike_flow_2.30,bike_flow_2.31,8.35,2.86,2.92
371.0,bike_flow_2.33,bike_flow_2.34,8.99,3.76,2.39
371.0,bike_flow_2.35,bike_flow_2.36,11.78,5.57,2.11
371.0,bike_flow_2.36,bike_flow_2.37,11.36,4.39,2.59
372.0,bike_flow_2.27,bike_flow_2.28,26.97,10.07,2.68
372.0,bike_flow_2.28,bike_flow_2.29,19.14,10.24,1.87
372.0,bike_flow_2.29,bike_flow_2.30,14.29,6.52,2.19
372.0,bike_flow_2.29,bike_flow_2.31,19.5,6.52,2.99
372.0,bike_flow_2.31,bike_flow_2.32,9.0,3.22,2.8
372.0,bike_flow_2.34,bike_flow_2.35,10.75,4.48,2.4
372.0,bike_flow_2.36,bike_flow_2.37,14.05,6.42,2.19
372.0,bike_flow_2.37,bike_flow_2.38,9.1,3.73,2.44
372.0,bike_flow_2.38,bike_flow_2.39,10.78,4.29,2.51
373.0,bike_flow_2.27,bike_flow_2.28,24.56,10.81,2.27
373.0,bike_flow_2.28,bike_flow_2.29,23.74,13.22,1.8
373.0,bike_flow_2.29,bike_flow_2.30,20.72,8.61,2.4
373.0,bike_flow_2.29,bike_flow_2.31,24.94,8.61,2.9
373.0,bike_flow_2.30,bike_flow_2.31,9.74,3.49,2.79
373.0,bike_flow_2.32,bike_flow_2.33,8.51,3.66,2.32
373.0,bike_flow_2.35,bike_flow_2.36,7.85,2.93,2.68
373.0,bike_flow_2.37,bike_flow_2.38,12.78,5.89,2.17
374.0,bike_flow_2.27,bike_flow_2.28,23.4,10.27,2.28
374.0,bike_flow_2.28,bike_flow_2.29,23.8,11.43,2.08
374.0,bike_flow_2.29,bike_flow_2.30,28.86,11.37,2.54
374.0,bike_flow_2.29,bike_flow_2.31,33.46,11.37,2.94
374.0,bike_flow_2.30,bike_flow_2.31,10.7,5.32,2.01
374.0,bike_flow_2.31,bike_flow_2.32,9.39,3.64,2.58
374.0,bike_flow_2.37,bike_flow_2.38,12.41,4.35,2.85
374.0,bike_flow_2.38,bike_flow_2.39,13.88,4.72,2.94
374.0,bike_flow_2.39,bike_flow_2.40,7.5,2.6,2.89
375.0,bike_flow_2.27,bike_flow_2.28,23.18,11.63,1.99
375.0,bike_flow_2.28,bike_flow_2.29,23.44,11.85,1.98
375.0,bike_flow_2.39,bike_flow_2.40,9.11,3.43,2.66
376.0,bike_flow_2.28,bike_flow_2.29,22.11,12.71,1.74
376.0,bike_flow_2.30,bike_flow_2.31,11.99,4.95,2.42
376.0,bike_flow_2.31,bike_flow_2.32,8.27,3.19,2.59
376.0,bike_flow_2.32,bike_flow_2.33,10.5,4.81,2.18
376.0,bike_flow_2.39,bike_flow_2.40,11.19,6.14,1.82
376.0,bike_flow_2.40,bike_flow_2.41,10.73,4.05,2.65
377.0,bike_flow_2.28,bike_flow_2.29,22.45,13.81,1.63
377.0,bike_flow_2.30,bike_flow_2.31,15.05,6.59,2.28
377.0,bike_flow_2.31,bike_flow_2.32,10.42,5.34,1.95
377.0,bike_flow_2.39,bike_flow_2.40,11.8,5.49,2.15
377.0,bike_flow_2.40,bike_flow_2.41,12.2,4.88,2.5
378.0,bike_flow_2.30,bike_flow_2.31,17.42,8.46,2.06
378.0,bike_flow_2.31,bike_flow_2.32,11.68,6.22,1.88
378.0,bike_flow_2.31,bike_flow_2.33,17.82,6.22,2.87
378.0,bike_flow_2.32,bike_flow_2.33,7.6,2.88,2.64
378.0,bike_flow_2.33,bike_flow_2.34,12.85,4.92,2.61
378.0,bike_flow_2.34,bike_flow_2.35,7.57,2.52,3.0
378.0,bike_flow_2.40,bike_flow_2.41,12.03,4.12,2.92
378.0,bike_flow_2.41,bike_flow_2.42,8.65,4.28,2.02
379.0,bike_flow_2.30,bike_flow_2.31,20.19,9.82,2.06
379.0,bike_flow_2.31,bike_flow_2.32,15.79,7.05,2.24
379.0,bike_flow_2.32,bike_flow_2.33,10.52,4.02,2.62
379.0,bike_flow_2.34,bike_flow_2.35,10.34,3.62,2.86
379.0,bike_flow_2.40,bike_flow_2.41,11.99,4.1,2.93
379.0,bike_flow_2.41,bike_flow_2.42,10.97,4.14,2.65
380.0,bike_flow_2.30,bike_flow_2.31,21.26,10.0,2.13
380.0,bike_flow_2.31,bike_flow_2.32,23.45,8.92,2.63
380.0,bike_flow_2.35,bike_flow_2.36,8.3,3.26,2.55
380.0,bike_flow_2.39,bike_flow_2.40,8.0,2.77,2.89
380.0,bike_flow_2.41,bike_flow_2.42,10.91,4.15,2.63
381.0,bike_flow_2.30,bike_flow_2.31,20.21,10.76,1.88
381.0,bike_flow_2.31,bike_flow_2.32,35.18,11.81,2.98
381.0,bike_flow_2.34,bike_flow_2.35,9.59,3.34,2.87
381.0,bike_flow_2.35,bike_flow_2.36,9.34,3.79,2.47
381.0,bike_flow_2.42,bike_flow_2.43,9.32,3.29,2.83
382.0,bike_flow_2.30,bike_flow_2.31,20.76,10.4,2.0
382.0,bike_flow_2.41,bike_flow_2.42,9.7,3.91,2.48
382.0,bike_flow_2.42,bike_flow_2.43,11.06,5.04,2.19
383.0,bike_flow_2.30,bike_flow_2.31,20.23,10.45,1.94
383.0,bike_flow_2.32,bike_flow_2.33,6.59,2.59,2.54
383.0,bike_flow_2.36,bike_flow_2.37,7.85,3.21,2.45
383.0,bike_flow_2.37,bike_flow_2.38,11.09,3.94,2.81
383.0,bike_flow_2.42,bike_flow_2.43,12.03,4.2,2.86
384.0,bike_flow_2.30,bike_flow_2.31,19.68,11.62,1.69
384.0,bike_flow_2.32,bike_flow_2.33,9.36,5.46,1.71
384.0,bike_flow_2.32,bike_flow_2.34,14.32,5.46,2.62
384.0,bike_flow_2.34,bike_flow_2.35,9.03,3.47,2.6
384.0,bike_flow_2.35,bike_flow_2.36,7.83,2.89,2.71
384.0,bike_flow_2.36,bike_flow_2.37,9.58,3.5,2.74
384.0,bike_flow_2.38,bike_flow_2.39,8.76,3.59,2.44
384.0,bike_flow_2.40,bike_flow_2.41,6.96,2.45,2.84
384.0,bike_flow_2.43,bike_flow_2.44,12.73,6.19,2.06
385.0,bike_flow_2.32,bike_flow_2.33,11.95,6.21,1.92
385.0,bike_flow_2.32,bike_flow_2.34,17.8,6.21,2.87
385.0,bike_flow_2.33,bike_flow_2.34,9.8,4.77,2.06
385.0,bike_flow_2.35,bike_flow_2.36,9.89,3.77,2.62
385.0,bike_flow_2.38,bike_flow_2.39,7.22,2.46,2.93
385.0,bike_flow_2.39,bike_flow_2.40,9.87,4.0,2.47
386.0,bike_flow_2.32,bike_flow_2.33,15.84,8.61,1.84
386.0,bike_flow_2.32,bike_flow_2.34,24.02,8.61,2.79
386.0,bike_flow_2.33,bike_flow_2.34,9.34,4.79,1.95
386.0,bike_flow_2.34,bike_flow_2.35,8.99,4.41,2.04
386.0,bike_flow_2.36,bike_flow_2.37,7.16,2.52,2.84
386.0,bike_flow_2.37,bike_flow_2.38,9.68,3.84,2.52
386.0,bike_flow_2.38,bike_flow_2.39,9.88,3.79,2.61
386.0,bike_flow_2.44,bike_flow_2.45,9.53,3.94,2.42
387.0,bike_flow_2.32,bike_flow_2.33,19.55,11.32,1.73
387.0,bike_flow_2.32,bike_flow_2.34,33.05,11.32,2.92
387.0,bike_flow_2.33,bike_flow_2.34,13.54,7.6,1.78
387.0,bike_flow_2.33,bike_flow_2.35,19.57,7.6,2.57
387.0,bike_flow_2.34,bike_flow_2.35,11.27,4.75,2.38
387.0,bike_flow_2.36,bike_flow_2.37,9.12,3.34,2.73
387.0,bike_flow_2.40,bike_flow_2.41,9.26,3.14,2.95
388.0,bike_flow_2.32,bike_flow_2.33,20.26,10.63,1.91
388.0,bike_flow_2.33,bike_flow_2.34,18.13,9.92,1.83
388.0,bike_flow_2.33,bike_flow_2.35,26.44,9.92,2.67
388.0,bike_flow_2.34,bike_flow_2.35,10.89,5.54,1.96
388.0,bike_flow_2.35,bike_flow_2.36,11.12,4.0,2.78
388.0,bike_flow_2.37,bike_flow_2.38,8.93,3.37,2.65
389.0,bike_flow_2.32,bike_flow_2.33,18.68,9.86,1.89
389.0,bike_flow_2.33,bike_flow_2.34,21.61,11.44,1.89
389.0,bike_flow_2.34,bike_flow_2.35,15.19,7.96,1.91
389.0,bike_flow_2.34,bike_flow_2.36,21.43,7.96,2.69
389.0,bike_flow_2.35,bike_flow_2.36,11.48,4.48,2.56
389.0,bike_flow_2.36,bike_flow_2.37,8.65,4.11,2.1
389.0,bike_flow_2.38,bike_flow_2.39,9.86,3.64,2.71
389.0,bike_flow_2.39,bike_flow_2.40,9.96,4.18,2.38
389.0,bike_flow_2.42,bike_flow_2.43,8.25,3.04,2.71
390.0,bike_flow_2.32,bike_flow_2.33,18.14,10.75,1.69
390.0,bike_flow_2.33,bike_flow_2.34,23.32,11.29,2.07
390.0,bike_flow_2.34,bike_flow_2.35,20.25,9.57,2.11
390.0,bike_flow_2.34,bike_flow_2.36,26.7,9.57,2.79
390.0,bike_flow_2.35,bike_flow_2.36,11.27,5.95,1.89
390.0,bike_flow_2.36,bike_flow_2.37,10.39,4.75,2.19
390.0,bike_flow_2.37,bike_flow_2.38,8.11,3.0,2.7
390.0,bike_flow_2.39,bike_flow_2.40,9.25,3.34,2.77
390.0,bike_flow_2.40,bike_flow_2.41,11.49,4.05,2.84
391.0,bike_flow_2.32,bike_flow_2.33,18.54,9.63,1.93
391.0,bike_flow_2.33,bike_flow_2.34,22.04,9.23,2.39
391.0,bike_flow_2.34,bike_flow_2.35,26.07,10.51,2.48
391.0,bike_flow_2.35,bike_flow_2.36,12.36,4.7,2.63
391.0,bike_flow_2.37,bike_flow_2.38,10.21,3.52,2.9
391.0,bike_flow_2.41,bike_flow_2.42,8.85,4.19,2.11
391.0,bike_flow_2.43,bike_flow_2.44,9.72,4.53,2.14
392.0,bike_flow_2.32,bike_flow_2.33,17.88,9.63,1.86
392.0,bike_flow_2.33,bike_flow_2.34,20.56,10.3,2.0
392.0,bike_flow_2.34,bike_flow_2.35,32.24,11.77,2.74
392.0,bike_flow_2.35,bike_flow_2.36,15.36,5.6,2.74
392.0,bike_flow_2.36,bike_flow_2.37,9.19,3.4,2.71
392.0,bike_flow_2.40,bike_flow_2.41,11.48,4.79,2.39
392.0,bike_flow_2.42,bike_flow_2.43,7.18,2.66,2.7
393.0,bike_flow_2.32,bike_flow_2.33,19.41,11.4,1.7
393.0,bike_flow_2.33,bike_flow_2.34,18.51,9.87,1.87
393.0,bike_flow_2.35,bike_flow_2.36,19.71,7.59,2.6
393.0,bike_flow_2.36,bike_flow_2.37,10.75,5.25,2.05
393.0,bike_flow_2.37,bike_flow_2.38,9.01,3.09,2.92
393.0,bike_flow_2.38,bike_flow_2.39,9.71,5.21,1.86
393.0,bike_flow_2.39,bike_flow_2.40,9.42,4.25,2.22
393.0,bike_flow_2.41,bike_flow_2.42,9.32,4.1,2.27
393.0,bike_flow_2.42,bike_flow_2.43,10.59,3.8,2.79
393.0,bike_flow_2.44,bike_flow_2.45,10.12,3.5,2.89
394.0,bike_flow_2.33,bike_flow_2.34,20.49,10.71,1.91
394.0,bike_flow_2.35,bike_flow_2.36,22.79,8.26,2.76
394.0,bike_flow_2.36,bike_flow_2.37,10.13,5.31,1.91
394.0,bike_flow_2.37,bike_flow_2.38,10.7,4.55,2.35
394.0,bike_flow_2.39,bike_flow_2.40,8.27,2.89,2.86
394.0,bike_flow_2.40,bike_flow_2.41,9.61,4.04,2.38
394.0,bike_flow_2.41,bike_flow_2.42,8.68,2.96,2.94
395.0,bike_flow_2.35,bike_flow_2.36,26.75,10.33,2.59
395.0,bike_flow_2.36,bike_flow_2.37,13.89,6.37,2.18
395.0,bike_flow_2.37,bike_flow_2.38,10.3,3.69,2.79
395.0,bike_flow_2.38,bike_flow_2.39,11.0,4.06,2.71
395.0,bike_flow_2.39,bike_flow_2.40,8.18,2.73,3.0
395.0,bike_flow_2.40,bike_flow_2.41,8.11,2.81,2.88
395.0,bike_flow_2.41,bike_flow_2.42,10.06,4.32,2.33
395.0,bike_flow_2.43,bike_flow_2.44,9.11,3.85,2.36
396.0,bike_flow_2.35,bike_flow_2.36,28.68,11.13,2.58
396.0,bike_flow_2.36,bike_flow_2.37,19.61,9.2,2.13
396.0,bike_flow_2.36,bike_flow_2.38,25.36,9.2,2.76
396.0,bike_flow_2.37,bike_flow_2.38,10.66,4.39,2.43
396.0,bike_flow_2.39,bike_flow_2.40,10.06,4.54,2.22
396.0,bike_flow_2.40,bike_flow_2.41,7.7,2.66,2.89
396.0,bike_flow_2.41,bike_flow_2.42,8.83,3.07,2.88
396.0,bike_flow_2.42,bike_flow_2.43,11.34,4.3,2.64
396.0,bike_flow_2.43,bike_flow_2.44,10.24,3.86,2.66
397.0,bike_flow_2.35,bike_flow_2.36,29.75,12.8,2.32
397.0,bike_flow_2.36,bike_flow_2.37,27.3,11.73,2.33
397.0,bike_flow_2.37,bike_flow_2.38,10.75,4.06,2.65
397.0,bike_flow_2.39,bike_flow_2.40,8.41,3.41,2.46
397.0,bike_flow_2.40,bike_flow_2.41,12.2,5.06,2.41
397.0,bike_flow_2.43,bike_flow_2.44,11.35,5.5,2.06
397.0,bike_flow_2.44,bike_flow_2.45,9.33,4.4,2.12
397.0,bike_flow_2.45,bike_flow_2.46,10.38,4.68,2.22
397.0,bike_flow_2.46,bike_flow_2.47,9.63,4.58,2.11
398.0,bike_flow_2.35,bike_flow_2.36,27.13,11.25,2.41
398.0,bike_flow_2.36,bike_flow_2.37,36.38,13.87,2.62
398.0,bike_flow_2.37,bike_flow_2.38,12.79,4.79,2.67
398.0,bike_flow_2.38,bike_flow_2.39,9.73,3.65,2.67
398.0,bike_flow_2.39,bike_flow_2.40,8.03,2.7,2.98
398.0,bike_flow_2.41,bike_flow_2.42,7.95,2.82,2.82
398.0,bike_flow_2.44,bike_flow_2.45,12.04,4.99,2.41
398.0,bike_flow_2.46,bike_flow_2.47,9.41,4.79,1.97
398.0,bike_flow_2.47,bike_flow_2.48,8.37,5.01,1.67
399.0,bike_flow_2.35,bike_flow_2.36,26.6,11.7,2.27
399.0,bike_flow_2.37,bike_flow_2.38,15.28,5.6,2.73
399.0,bike_flow_2.38,bike_flow_2.39,8.96,4.42,2.03
399.0,bike_flow_2.39,bike_flow_2.40,9.45,4.57,2.07
399.0,bike_flow_2.41,bike_flow_2.42,9.08,3.76,2.42
399.0,bike_flow_2.45,bike_flow_2.46,11.06,4.7,2.35
399.0,bike_flow_2.47,bike_flow_2.48,9.52,4.0,2.38
400.0,bike_flow_2.37,bike_flow_2.38,17.23,7.51,2.29
400.0,bike_flow_2.38,bike_flow_2.39,9.08,5.64,1.61
400.0,bike_flow_2.38,bike_flow_2.40,16.83,5.64,2.98
400.0,bike_flow_2.39,bike_flow_2.40,10.48,4.97,2.11
400.0,bike_flow_2.40,bike_flow_2.41,10.98,3.93,2.79
400.0,bike_flow_2.41,bike_flow_2.42,10.35,4.8,2.16
400.0,bike_flow_2.42,bike_flow_2.43,10.05,3.53,2.85
400.0,bike_flow_2.43,bike_flow_2.44,8.32,3.67,2.27
401.0,bike_flow_2.37,bike_flow_2.38,20.06,10.21,1.96
401.0,bike_flow_2.38,bike_flow_2.39,12.98,7.38,1.76
401.0,bike_flow_2.38,bike_flow_2.40,18.66,7.38,2.53
401.0,bike_flow_2.39,bike_flow_2.40,9.91,4.58,2.16
401.0,bike_flow_2.40,bike_flow_2.41,11.1,4.5,2.47
401.0,bike_flow_2.41,bike_flow_2.42,11.21,4.38,2.56
401.0,bike_flow_2.42,bike_flow_2.43,9.62,3.52,2.74
401.0,bike_flow_2.43,bike_flow_2.44,8.68,3.95,2.2
401.0,bike_flow_2.44,bike_flow_2.45,8.72,3.58,2.43
401.0,bike_flow_2.46,bike_flow_2.47,8.3,2.94,2.82
402.0,bike_flow_2.37,bike_flow_2.38,21.26,9.12,2.33
402.0,bike_flow_2.38,bike_flow_2.39,15.67,7.93,1.98
402.0,bike_flow_2.39,bike_flow_2.40,11.79,5.33,2.21
402.0,bike_flow_2.41,bike_flow_2.42,8.99,3.54,2.54
402.0,bike_flow_2.42,bike_flow_2.43,11.18,5.76,1.94
402.0,bike_flow_2.43,bike_flow_2.44,10.67,4.19,2.55
403.0,bike_flow_2.37,bike_flow_2.38,23.55,10.92,2.16
403.0,bike_flow_2.38,bike_flow_2.39,17.37,8.63,2.01
403.0,bike_flow_2.39,bike_flow_2.40,15.8,6.93,2.28
403.0,bike_flow_2.43,bike_flow_2.44,12.45,4.71,2.64
403.0,bike_flow_2.44,bike_flow_2.45,8.49,2.93,2.9
404.0,bike_flow_2.37,bike_flow_2.38,25.67,11.57,2.22
404.0,bike_flow_2.38,bike_flow_2.39,17.66,9.45,1.87
404.0,bike_flow_2.39,bike_flow_2.40,23.4,9.17,2.55
404.0,bike_flow_2.39,bike_flow_2.41,26.93,9.17,2.94
404.0,bike_flow_2.44,bike_flow_2.45,9.83,3.55,2.77
404.0,bike_flow_2.46,bike_flow_2.47,11.39,4.55,2.5
404.0,bike_flow_2.47,bike_flow_2.48,11.18,4.81,2.32
405.0,bike_flow_2.37,bike_flow_2.38,26.88,11.3,2.38
405.0,bike_flow_2.38,bike_flow_2.39,19.36,10.1,1.92
405.0,bike_flow_2.40,bike_flow_2.41,9.19,5.7,1.61
405.0,bike_flow_2.41,bike_flow_2.42,11.22,4.84,2.32
405.0,bike_flow_2.42,bike_flow_2.43,10.27,3.7,2.78
405.0,bike_flow_2.47,bike_flow_2.48,12.6,4.51,2.8
406.0,bike_flow_2.37,bike_flow_2.38,26.29,11.02,2.39
406.0,bike_flow_2.38,bike_flow_2.39,21.54,11.6,1.86
406.0,bike_flow_2.40,bike_flow_2.41,10.68,4.94,2.16
406.0,bike_flow_2.41,bike_flow_2.42,10.67,3.99,2.68
406.0,bike_flow_2.42,bike_flow_2.43,11.66,4.52,2.58
406.0,bike_flow_2.44,bike_flow_2.45,7.4,2.6,2.85
406.0,bike_flow_2.45,bike_flow_2.46,12.27,5.23,2.35
406.0,bike_flow_2.48,bike_flow_2.49,13.51,5.33,2.54
407.0,bike_flow_2.38,bike_flow_2.39,23.29,13.86,1.68
407.0,bike_flow_2.39,bike_flow_2.40,35.99,12.11,2.97
407.0,bike_flow_2.40,bike_flow_2.41,13.37,7.51,1.78
407.0,bike_flow_2.40,bike_flow_2.42,21.11,7.51,2.81
407.0,bike_flow_2.41,bike_flow_2.42,11.9,5.8,2.05
407.0,bike_flow_2.43,bike_flow_2.44,11.16,4.25,2.63
407.0,bike_flow_2.44,bike_flow_2.45,9.4,3.57,2.63
407.0,bike_flow_2.46,bike_flow_2.47,9.88,3.52,2.81
407.0,bike_flow_2.49,bike_flow_2.50,7.84,2.98,2.63
408.0,bike_flow_2.38,bike_flow_2.39,24.79,13.5,1.84
408.0,bike_flow_2.40,bike_flow_2.41,17.41,7.99,2.18
408.0,bike_flow_2.41,bike_flow_2.42,11.79,3.95,2.98
408.0,bike_flow_2.43,bike_flow_2.44,10.38,4.37,2.37
408.0,bike_flow_2.44,bike_flow_2.45,11.03,5.16,2.14
408.0,bike_flow_2.45,bike_flow_2.46,9.87,3.53,2.79
408.0,bike_flow_2.46,bike_flow_2.47,9.79,3.98,2.46
408.0,bike_flow_2.47,bike_flow_2.48,9.78,4.07,2.4
408.0,bike_flow_2.49,bike_flow_2.50,8.83,4.1,2.15
409.0,bike_flow_2.40,bike_flow_2.41,20.39,9.92,2.05
409.0,bike_flow_2.41,bike_flow_2.42,16.0,6.94,2.3
409.0,bike_flow_2.42,bike_flow_2.43,9.48,3.54,2.68
409.0,bike_flow_2.43,bike_flow_2.44,9.0,3.04,2.96
409.0,bike_flow_2.44,bike_flow_2.45,9.87,4.42,2.23
409.0,bike_flow_2.45,bike_flow_2.46,11.17,5.58,2.0
409.0,bike_flow_2.46,bike_flow_2.47,9.56,4.28,2.23
409.0,bike_flow_2.47,bike_flow_2.48,9.16,4.51,2.03
409.0,bike_flow_2.48,bike_flow_2.49,11.98,5.13,2.33
409.0,bike_flow_2.49,bike_flow_2.50,11.67,5.7,2.05
410.0,bike_flow_2.40,bike_flow_2.41,22.59,10.99,2.05
410.0,bike_flow_2.41,bike_flow_2.42,21.73,8.79,2.47
410.0,bike_flow_2.42,bike_flow_2.43,11.26,4.85,2.32
410.0,bike_flow_2.44,bike_flow_2.45,9.42,4.18,2.25
410.0,bike_flow_2.45,bike_flow_2.46,11.97,4.63,2.59
410.0,bike_flow_2.46,bike_flow_2.47,9.99,3.83,2.61
410.0,bike_flow_2.50,bike_flow_2.51,9.77,3.34,2.92
411.0,bike_flow_2.40,bike_flow_2.41,24.23,11.22,2.16
411.0,bike_flow_2.41,bike_flow_2.42,27.15,9.57,2.84
411.0,bike_flow_2.42,bike_flow_2.43,10.4,4.28,2.43
411.0,bike_flow_2.43,bike_flow_2.44,9.76,3.73,2.62
411.0,bike_flow_2.46,bike_flow_2.47,12.29,6.21,1.98
411.0,bike_flow_2.47,bike_flow_2.48,9.37,3.91,2.4
411.0,bike_flow_2.48,bike_flow_2.49,10.41,5.04,2.06
411.0,bike_flow_2.49,bike_flow_2.50,13.15,4.66,2.82
411.0,bike_flow_2.50,bike_flow_2.51,9.33,3.85,2.42
412.0,bike_flow_2.40,bike_flow_2.41,24.71,10.45,2.36
412.0,bike_flow_2.42,bike_flow_2.43,11.71,4.85,2.41
412.0,bike_flow_2.43,bike_flow_2.44,11.59,4.61,2.51
412.0,bike_flow_2.46,bike_flow_2.47,10.33,3.6,2.87
412.0,bike_flow_2.47,bike_flow_2.48,10.17,5.55,1.83
412.0,bike_flow_2.48,bike_flow_2.49,9.94,4.75,2.09
412.0,bike_flow_2.49,bike_flow_2.50,12.46,5.22,2.39
412.0,bike_flow_2.50,bike_flow_2.51,11.16,5.91,1.89
412.0,bike_flow_2.51,bike_flow_2.52,11.73,4.08,2.88
413.0,bike_flow_2.40,bike_flow_2.41,22.58,10.02,2.25
413.0,bike_flow_2.42,bike_flow_2.43,13.44,5.83,2.3
413.0,bike_flow_2.43,bike_flow_2.44,11.93,5.1,2.34
413.0,bike_flow_2.44,bike_flow_2.45,8.23,3.46,2.38
413.0,bike_flow_2.45,bike_flow_2.46,10.05,4.3,2.34
413.0,bike_flow_2.47,bike_flow_2.48,9.28,3.3,2.81
413.0,bike_flow_2.48,bike_flow_2.49,11.1,4.19,2.65
413.0,bike_flow_2.50,bike_flow_2.51,12.33,6.24,1.98
413.0,bike_flow_2.51,bike_flow_2.52,12.31,5.07,2.43
414.0,bike_flow_2.40,bike_flow_2.41,21.95,9.83,2.23
414.0,bike_flow_2.42,bike_flow_2.43,14.52,6.35,2.29
414.0,bike_flow_2.43,bike_flow_2.44,11.57,5.28,2.19
414.0,bike_flow_2.44,bike_flow_2.45,10.53,4.49,2.35
414.0,bike_flow_2.49,bike_flow_2.50,12.61,5.53,2.28
414.0,bike_flow_2.51,bike_flow_2.52,12.57,4.51,2.79
414.0,bike_flow_2.52,bike_flow_2.53,8.73,4.25,2.06
415.0,bike_flow_2.42,bike_flow_2.43,15.19,8.03,1.89
415.0,bike_flow_2.43,bike_flow_2.44,15.18,7.36,2.06
415.0,bike_flow_2.43,bike_flow_2.45,20.79,7.36,2.82
415.0,bike_flow_2.44,bike_flow_2.45,11.29,5.98,1.89
415.0,bike_flow_2.45,bike_flow_2.46,11.23,4.98,2.26
415.0,bike_flow_2.46,bike_flow_2.47,9.08,4.23,2.15
415.0,bike_flow_2.47,bike_flow_2.48,9.5,3.25,2.92
415.0,bike_flow_2.52,bike_flow_2.53,10.12,4.1,2.47
416.0,bike_flow_2.42,bike_flow_2.43,16.28,9.7,1.68
416.0,bike_flow_2.43,bike_flow_2.44,17.49,8.61,2.03
416.0,bike_flow_2.44,bike_flow_2.45,12.34,6.54,1.89
416.0,bike_flow_2.45,bike_flow_2.46,8.45,2.91,2.9
416.0,bike_flow_2.46,bike_flow_2.47,12.4,5.69,2.18
416.0,bike_flow_2.48,bike_flow_2.49,11.12,4.19,2.65
416.0,bike_flow_2.50,bike_flow_2.51,9.37,3.48,2.69
416.0,bike_flow_2.52,bike_flow_2.53,10.45,3.82,2.74
417.0,bike_flow_2.42,bike_flow_2.43,19.51,11.7,1.67
417.0,bike_flow_2.43,bike_flow_2.44,16.85,8.47,1.99
417.0,bike_flow_2.44,bike_flow_2.45,17.56,9.11,1.93
417.0,bike_flow_2.44,bike_flow_2.46,23.28,9.11,2.56
417.0,bike_flow_2.45,bike_flow_2.46,10.83,4.36,2.48
417.0,bike_flow_2.47,bike_flow_2.48,10.24,5.03,2.04
417.0,bike_flow_2.49,bike_flow_2.50,10.23,4.25,2.4
417.0,bike_flow_2.50,bike_flow_2.51,9.04,3.49,2.59
417.0,bike_flow_2.51,bike_flow_2.52,10.86,3.81,2.85
417.0,bike_flow_2.52,bike_flow_2.53,12.12,4.46,2.72
418.0,bike_flow_2.42,bike_flow_2.43,20.18,12.01,1.68
418.0,bike_flow_2.43,bike_flow_2.44,20.07,11.35,1.77
418.0,bike_flow_2.44,bike_flow_2.45,22.36,8.13,2.75
418.0,bike_flow_2.45,bike_flow_2.46,11.38,5.57,2.04
418.0,bike_flow_2.46,bike_flow_2.47,11.18,4.34,2.58
418.0,bike_flow_2.48,bike_flow_2.49,8.85,3.33,2.66
418.0,bike_flow_2.49,bike_flow_2.50,9.07,3.81,2.38
418.0,bike_flow_2.50,bike_flow_2.51,10.07,4.97,2.03
418.0,bike_flow_2.51,bike_flow_2.52,9.77,3.94,2.48
418.0,bike_flow_2.52,bike_flow_2.53,12.58,5.03,2.5
418.0,bike_flow_2.53,bike_flow_2.54,9.77,4.57,2.14
419.0,bike_flow_2.42,bike_flow_2.43,21.27,13.42,1.58
419.0,bike_flow_2.43,bike_flow_2.44,21.31,12.33,1.73
419.0,bike_flow_2.44,bike_flow_2.45,29.11,11.08,2.63
419.0,bike_flow_2.45,bike_flow_2.46,10.45,4.44,2.35
419.0,bike_flow_2.46,bike_flow_2.47,11.38,3.93,2.89
419.0,bike_flow_2.47,bike_flow_2.48,8.34,3.73,2.23
419.0,bike_flow_2.48,bike_flow_2.49,9.83,4.82,2.04
419.0,bike_flow_2.49,bike_flow_2.50,9.53,3.84,2.48
419.0,bike_flow_2.50,bike_flow_2.51,9.17,3.38,2.71
419.0,bike_flow_2.51,bike_flow_2.52,9.7,4.28,2.27
419.0,bike_flow_2.52,bike_flow_2.53,11.62,4.35,2.67
419.0,bike_flow_2.53,bike_flow_2.54,11.22,5.31,2.11
420.0,bike_flow_2.42,bike_flow_2.43,21.93,12.18,1.8
420.0,bike_flow_2.43,bike_flow_2.44,21.38,11.53,1.85
420.0,bike_flow_2.44,bike_flow_2.45,34.08,11.46,2.97
420.0,bike_flow_2.45,bike_flow_2.46,12.77,6.49,1.97
420.0,bike_flow_2.45,bike_flow_2.47,19.34,6.49,2.98
420.0,bike_flow_2.46,bike_flow_2.47,11.64,5.66,2.06
420.0,bike_flow_2.47,bike_flow_2.48,10.11,5.27,1.92
420.0,bike_flow_2.48,bike_flow_2.49,10.46,3.5,2.99
420.0,bike_flow_2.49,bike_flow_2.50,7.56,2.88,2.63
420.0,bike_flow_2.50,bike_flow_2.51,10.03,4.85,2.07
420.0,bike_flow_2.51,bike_flow_2.52,10.57,3.98,2.66
420.0,bike_flow_2.53,bike_flow_2.54,12.36,4.77,2.59
421.0,bike_flow_2.43,bike_flow_2.44,21.71,12.03,1.81
421.0,bike_flow_2.45,bike_flow_2.46,18.26,9.28,1.97
421.0,bike_flow_2.45,bike_flow_2.47,24.57,9.28,2.65
421.0,bike_flow_2.46,bike_flow_2.47,10.32,4.41,2.34
421.0,bike_flow_2.47,bike_flow_2.48,10.47,4.45,2.35
421.0,bike_flow_2.48,bike_flow_2.49,10.48,4.09,2.56
421.0,bike_flow_2.49,bike_flow_2.50,8.79,4.06,2.16
421.0,bike_flow_2.52,bike_flow_2.53,8.13,2.94,2.76
421.0,bike_flow_2.53,bike_flow_2.54,11.1,4.78,2.32
421.0,bike_flow_2.54,bike_flow_2.55,14.09,6.05,2.33
422.0,bike_flow_2.43,bike_flow_2.44,22.34,13.11,1.7
422.0,bike_flow_2.45,bike_flow_2.46,24.55,9.61,2.55
422.0,bike_flow_2.46,bike_flow_2.47,8.45,3.33,2.53
422.0,bike_flow_2.47,bike_flow_2.48,11.45,5.6,2.04
422.0,bike_flow_2.48,bike_flow_2.49,9.87,4.61,2.14
422.0,bike_flow_2.49,bike_flow_2.50,11.83,5.23,2.26
422.0,bike_flow_2.52,bike_flow_2.53,9.36,3.46,2.71
423.0,bike_flow_2.45,bike_flow_2.46,30.27,11.52,2.63
423.0,bike_flow_2.46,bike_flow_2.47,11.0,5.81,1.9
423.0,bike_flow_2.47,bike_flow_2.48,10.97,4.16,2.64
423.0,bike_flow_2.48,bike_flow_2.49,10.76,3.99,2.7
423.0,bike_flow_2.52,bike_flow_2.53,9.62,3.44,2.8
424.0,bike_flow_2.45,bike_flow_2.46,35.22,12.78,2.76
424.0,bike_flow_2.46,bike_flow_2.47,13.84,7.82,1.77
424.0,bike_flow_2.46,bike_flow_2.48,23.04,7.82,2.94
424.0,bike_flow_2.47,bike_flow_2.48,11.46,5.1,2.25
424.0,bike_flow_2.49,bike_flow_2.50,10.84,3.85,2.81
424.0,bike_flow_2.50,bike_flow_2.51,10.75,5.19,2.07
424.0,bike_flow_2.51,bike_flow_2.52,9.68,3.91,2.47
424.0,bike_flow_2.53,bike_flow_2.54,8.65,2.92,2.96
424.0,bike_flow_2.54,bike_flow_2.55,10.21,4.39,2.32
425.0,bike_flow_2.46,bike_flow_2.47,17.83,9.57,1.86
425.0,bike_flow_2.47,bike_flow_2.48,14.07,5.57,2.53
425.0,bike_flow_2.48,bike_flow_2.49,8.71,3.37,2.58
425.0,bike_flow_2.49,bike_flow_2.50,9.8,4.29,2.28
425.0,bike_flow_2.50,bike_flow_2.51,10.95,5.33,2.05
425.0,bike_flow_2.51,bike_flow_2.52,10.48,5.13,2.04
425.0,bike_flow_2.52,bike_flow_2.53,11.7,4.33,2.7
426.0,bike_flow_2.46,bike_flow_2.47,21.33,10.09,2.12
426.0,bike_flow_2.47,bike_flow_2.48,17.21,6.58,2.61
426.0,bike_flow_2.48,bike_flow_2.49,11.33,5.45,2.08
426.0,bike_flow_2.50,bike_flow_2.51,10.87,3.63,3.0
426.0,bike_flow_2.51,bike_flow_2.52,9.07,3.7,2.45
426.0,bike_flow_2.52,bike_flow_2.53,13.68,5.12,2.67
427.0,bike_flow_2.46,bike_flow_2.47,24.56,12.16,2.02
427.0,bike_flow_2.47,bike_flow_2.48,20.29,8.93,2.27
427.0,bike_flow_2.48,bike_flow_2.49,12.27,5.97,2.06
427.0,bike_flow_2.51,bike_flow_2.52,10.85,4.63,2.35
427.0,bike_flow_2.53,bike_flow_2.54,11.83,4.85,2.44
428.0,bike_flow_2.46,bike_flow_2.47,24.32,11.5,2.12
428.0,bike_flow_2.47,bike_flow_2.48,24.16,11.74,2.06
428.0,bike_flow_2.48,bike_flow_2.49,17.07,7.87,2.17
428.0,bike_flow_2.48,bike_flow_2.50,21.96,7.87,2.79
428.0,bike_flow_2.49,bike_flow_2.50,9.36,3.53,2.65
428.0,bike_flow_2.52,bike_flow_2.53,9.75,4.07,2.4
428.0,bike_flow_2.53,bike_flow_2.54,12.58,5.99,2.1
428.0,bike_flow_2.54,bike_flow_2.55,11.24,5.24,2.14
429.0,bike_flow_2.46,bike_flow_2.47,22.96,10.56,2.17
429.0,bike_flow_2.47,bike_flow_2.48,27.39,11.93,2.3
429.0,bike_flow_2.48,bike_flow_2.49,22.21,8.69,2.56
429.0,bike_flow_2.49,bike_flow_2.50,12.3,5.88,2.09
429.0,bike_flow_2.54,bike_flow_2.55,12.66,4.74,2.67
430.0,bike_flow_2.46,bike_flow_2.47,21.78,11.21,1.94
430.0,bike_flow_2.47,bike_flow_2.48,28.65,12.39,2.31
430.0,bike_flow_2.48,bike_flow_2.49,28.55,11.14,2.56
430.0,bike_flow_2.49,bike_flow_2.50,10.72,4.9,2.19
430.0,bike_flow_2.50,bike_flow_2.51,11.4,4.95,2.3
430.0,bike_flow_2.52,bike_flow_2.53,8.07,3.15,2.56
430.0,bike_flow_2.53,bike_flow_2.54,11.1,3.76,2.95
430.0,bike_flow_2.54,bike_flow_2.55,11.96,3.99,2.99
431.0,bike_flow_2.46,bike_flow_2.47,22.23,11.1,2.0
431.0,bike_flow_2.47,bike_flow_2.48,25.47,10.65,2.39
431.0,bike_flow_2.48,bike_flow_2.49,35.4,13.82,2.56
431.0,bike_flow_2.49,bike_flow_2.50,14.64,6.97,2.1
431.0,bike_flow_2.49,bike_flow_2.51,20.87,6.97,3.0
431.0,bike_flow_2.50,bike_flow_2.51,11.35,3.98,2.85
431.0,bike_flow_2.51,bike_flow_2.52,10.89,4.02,2.71
431.0,bike_flow_2.54,bike_flow_2.55,11.92,5.34,2.23
432.0,bike_flow_2.47,bike_flow_2.48,25.36,11.67,2.17
432.0,bike_flow_2.49,bike_flow_2.50,20.0,8.15,2.45
432.0,bike_flow_2.50,bike_flow_2.51,11.2,4.01,2.79
432.0,bike_flow_2.51,bike_flow_2.52,10.16,3.5,2.9
432.0,bike_flow_2.52,bike_flow_2.53,10.84,4.23,2.56
433.0,bike_flow_2.49,bike_flow_2.50,26.83,10.41,2.58
433.0,bike_flow_2.50,bike_flow_2.51,9.34,3.69,2.53
433.0,bike_flow_2.51,bike_flow_2.52,11.21,4.56,2.46
434.0,bike_flow_2.49,bike_flow_2.50,32.7,12.12,2.7
434.0,bike_flow_2.50,bike_flow_2.51,11.22,6.26,1.79
434.0,bike_flow_2.51,bike_flow_2.52,13.37,5.75,2.33
434.0,bike_flow_2.53,bike_flow_2.54,7.31,2.58,2.83
435.0,bike_flow_2.50,bike_flow_2.51,12.71,7.07,1.8
435.0,bike_flow_2.51,bike_flow_2.52,11.99,5.88,2.04
435.0,bike_flow_2.52,bike_flow_2.53,12.89,4.98,2.59
435.0,bike_flow_2.53,bike_flow_2.54,11.39,5.11,2.23
436.0,bike_flow_2.50,bike_flow_2.51,15.13,8.01,1.89
436.0,bike_flow_2.51,bike_flow_2.52,12.89,5.59,2.3
436.0,bike_flow_2.52,bike_flow_2.53,13.21,5.66,2.33
436.0,bike_flow_2.53,bike_flow_2.54,13.6,5.33,2.55
436.0,bike_flow_2.54,bike_flow_2.55,8.81,3.12,2.82
437.0,bike_flow_2.50,bike_flow_2.51,19.63,10.61,1.85
437.0,bike_flow_2.51,bike_flow_2.52,15.95,6.1,2.61
437.0,bike_flow_2.52,bike_flow_2.53,12.03,4.48,2.68
437.0,bike_flow_2.53,bike_flow_2.54,13.41,4.98,2.69
437.0,bike_flow_2.54,bike_flow_2.55,11.91,5.17,2.3
438.0,bike_flow_2.50,bike_flow_2.51,22.74,9.88,2.3
438.0,bike_flow_2.51,bike_flow_2.52,16.75,6.76,2.48
438.0,bike_flow_2.52,bike_flow_2.53,11.94,6.07,1.97
438.0,bike_flow_2.54,bike_flow_2.55,12.54,4.63,2.71
439.0,bike_flow_2.50,bike_flow_2.51,25.75,11.31,2.28
439.0,bike_flow_2.51,bike_flow_2.52,18.11,8.31,2.18
439.0,bike_flow_2.52,bike_flow_2.53,15.22,6.95,2.19
439.0,bike_flow_2.53,bike_flow_2.54,13.5,5.56,2.43
439.0,bike_flow_2.54,bike_flow_2.55,10.95,4.85,2.26
440.0,bike_flow_2.50,bike_flow_2.51,27.45,10.57,2.6
440.0,bike_flow_2.51,bike_flow_2.52,19.49,8.86,2.2
440.0,bike_flow_2.52,bike_flow_2.53,19.12,7.48,2.56
440.0,bike_flow_2.53,bike_flow_2.54,10.06,4.46,2.26
440.0,bike_flow_2.54,bike_flow_2.55,13.66,6.83,2.0
441.0,bike_flow_2.50,bike_flow_2.51,27.35,9.9,2.76
441.0,bike_flow_2.51,bike_flow_2.52,19.35,10.0,1.93
441.0,bike_flow_2.52,bike_flow_2.53,23.28,10.15,2.29
441.0,bike_flow_2.53,bike_flow_2.54,10.55,6.0,1.76
441.0,bike_flow_2.54,bike_flow_2.55,12.95,5.22,2.48
442.0,bike_flow_2.50,bike_flow_2.51,26.13,11.72,2.23
442.0,bike_flow_2.51,bike_flow_2.52,21.48,12.94,1.66
442.0,bike_flow_2.52,bike_flow_2.53,25.63,10.81,2.37
442.0,bike_flow_2.53,bike_flow_2.54,16.2,8.46,1.92
442.0,bike_flow_2.53,bike_flow_2.55,22.15,8.46,2.62
442.0,bike_flow_2.54,bike_flow_2.55,11.75,4.04,2.9
443.0,bike_flow_2.51,bike_flow_2.52,23.68,14.52,1.63
443.0,bike_flow_2.52,bike_flow_2.53,28.09,12.31,2.28
443.0,bike_flow_2.53,bike_flow_2.54,20.81,9.86,2.11
443.0,bike_flow_2.53,bike_flow_2.55,29.19,9.86,2.96
443.0,bike_flow_2.54,bike_flow_2.55,10.75,5.42,1.98
444.0,bike_flow_2.51,bike_flow_2.52,23.3,12.64,1.84
444.0,bike_flow_2.52,bike_flow_2.53,30.37,13.02,2.33
444.0,bike_flow_2.53,bike_flow_2.54,23.41,10.74,2.18
444.0,bike_flow_2.54,bike_flow_2.55,15.4,8.13,1.89
445.0,bike_flow_2.52,bike_flow_2.53,30.54,12.73,2.4
445.0,bike_flow_2.53,bike_flow_2.54,26.74,12.55,2.13
445.0,bike_flow_2.54,bike_flow_2.55,19.65,9.22,2.13
446.0,bike_flow_2.52,bike_flow_2.53,29.39,12.43,2.36
446.0,bike_flow_2.53,bike_flow_2.54,29.68,13.59,2.18
446.0,bike_flow_2.54,bike_flow_2.55,23.18,10.64,2.18
447.0,bike_flow_2.53,bike_flow_2.54,29.73,11.38,2.61
447.0,bike_flow_2.54,bike_flow_2.55,24.95,11.34,2.2
448.0,bike_flow_2.53,bike_flow_2.54,30.49,13.03,2.34
448.0,bike_flow_2.54,bike_flow_2.55,26.51,12.27,2.16
449.0,bike_flow_2.54,bike_flow_2.55,25.22,11.69,2.16
450.0,bike_flow_2.54,bike_flow_2.55,25.99,13.06,1.99
451.0,bike_flow_2.54,bike_flow_2.55,23.99,12.3,1.95
