time,vehicle_id,pedestrian_id,distance,vehicle_speed,ttc
64.0,auto_flow_1.10,ped_0,17.97,10.75,1.67
65.0,bike_flow_1.12,ped_0,19.71,11.37,1.73
65.0,car_flow_2.11,ped_0,17.3,11.03,1.57
66.0,car_flow_2.11,ped_0,15.61,9.47,1.65
67.0,car_flow_1.13,ped_0,16.91,12.37,1.37
67.0,car_flow_2.11,ped_0,19.68,10.23,1.92
68.0,bike_flow_1.13,ped_0,18.79,11.79,1.59
68.0,bike_flow_2.1,ped_0,4.72,2.02,2.34
69.0,bike_flow_1.13,ped_0,14.21,13.07,1.09
69.0,bike_flow_2.0,ped_0,11.01,3.9,2.83
70.0,bike_flow_1.13,ped_0,19.7,12.75,1.55
70.0,bike_flow_2.0,ped_0,12.96,6.58,1.97
70.0,car_flow_1.14,ped_0,14.77,12.31,1.2
71.0,auto_flow_1.11,ped_0,11.84,10.78,1.1
71.0,bike_flow_2.0,ped_0,18.3,7.64,2.4
71.0,car_flow_1.14,ped_0,11.94,11.47,1.04
72.0,auto_flow_1.11,ped_0,6.85,9.85,0.7
72.0,bike_flow_1.14,ped_0,14.02,11.33,1.24
72.0,car_flow_1.14,ped_0,18.69,11.86,1.58
73.0,auto_flow_1.11,ped_0,13.21,10.54,1.25
73.0,bike_flow_1.14,ped_0,8.88,12.62,0.7
73.0,car_flow_1.14,ped_4,8.62,12.04,0.72
73.0,car_flow_1.15,ped_0,19.42,11.6,1.67
73.0,car_flow_2.12,ped_4,12.89,13.21,0.98
74.0,bike_flow_1.14,ped_0,15.9,11.29,1.41
74.0,bike_flow_1.14,ped_4,19.09,11.29,1.69
74.0,car_flow_1.15,ped_0,8.94,12.22,0.73
74.0,car_flow_2.12,ped_0,9.13,13.08,0.7
75.0,bike_flow_1.14,ped_4,7.42,12.63,0.59
75.0,car_flow_1.15,ped_0,9.83,11.26,0.87
75.0,car_flow_2.12,ped_0,5.79,13.71,0.42
76.0,auto_flow_1.12,ped_4,3.2,10.69,0.3
76.0,car_flow_1.15,ped_4,11.64,12.48,0.93
76.0,car_flow_2.12,ped_0,17.23,13.13,1.31
77.0,auto_flow_1.12,ped_4,8.59,9.84,0.87
77.0,bike_flow_1.15,ped_0,17.53,9.37,1.87
77.0,car_flow_1.15,ped_4,7.31,11.48,0.64
78.0,auto_flow_1.12,ped_0,12.85,10.95,1.17
78.0,auto_flow_1.12,ped_4,17.44,10.95,1.59
78.0,bike_flow_1.15,ped_0,8.0,10.0,0.8
78.0,car_flow_2.13,ped_4,7.94,13.64,0.58
79.0,auto_flow_1.12,ped_0,4.63,10.61,0.44
79.0,bike_flow_1.15,ped_0,8.91,9.49,0.94
79.0,car_flow_1.16,ped_0,12.42,9.53,1.3
79.0,car_flow_2.13,ped_4,5.36,13.18,0.41
80.0,auto_flow_1.12,ped_0,6.15,9.92,0.62
80.0,bike_flow_1.15,ped_0,18.23,9.55,1.91
80.0,bike_flow_1.15,ped_4,13.76,9.55,1.44
80.0,car_flow_1.16,ped_0,6.42,9.76,0.66
80.0,car_flow_2.13,ped_0,14.9,11.97,1.25
80.0,car_flow_2.13,ped_4,15.04,11.97,1.26
81.0,auto_flow_1.12,ped_0,13.97,9.75,1.43
81.0,bike_flow_1.15,ped_4,6.49,11.62,0.56
81.0,bike_flow_1.16,ped_0,11.69,11.75,0.99
81.0,car_flow_1.16,ped_0,13.0,9.49,1.37
81.0,car_flow_1.16,ped_4,18.82,9.49,1.98
81.0,car_flow_2.13,ped_0,6.17,10.67,0.58
82.0,bike_flow_1.15,ped_4,14.6,10.29,1.42
82.0,bike_flow_1.16,ped_0,6.77,10.54,0.64
82.0,car_flow_1.16,ped_4,8.11,10.96,0.74
82.0,car_flow_2.13,ped_0,4.57,10.0,0.46
83.0,auto_flow_1.13,ped_4,13.51,10.41,1.3
83.0,bike_flow_1.16,ped_0,15.76,10.92,1.44
83.0,bike_flow_1.16,ped_4,15.33,10.92,1.4
83.0,car_flow_1.16,ped_4,9.32,10.11,0.92
83.0,car_flow_1.17,ped_0,14.51,13.64,1.06
83.0,car_flow_2.13,ped_0,12.61,10.2,1.24
84.0,auto_flow_1.13,ped_4,5.3,10.37,0.51
84.0,bike_flow_1.16,ped_4,6.59,10.9,0.6
84.0,car_flow_1.16,ped_4,19.92,10.61,1.88
84.0,car_flow_1.17,ped_0,6.54,12.92,0.51
85.0,auto_flow_1.13,ped_4,5.21,10.08,0.52
85.0,bike_flow_1.16,ped_4,12.34,10.37,1.19
85.0,bike_flow_1.17,ped_0,11.15,12.5,0.89
85.0,car_flow_1.17,ped_0,17.4,13.38,1.3
85.0,car_flow_1.17,ped_4,13.47,13.38,1.01
85.0,car_flow_2.14,ped_4,13.83,11.24,1.23
86.0,auto_flow_1.13,ped_0,15.59,10.11,1.54
86.0,auto_flow_1.13,ped_4,13.14,10.11,1.3
86.0,bike_flow_1.17,ped_0,8.01,12.51,0.64
86.0,car_flow_1.17,ped_4,6.57,11.86,0.55
86.0,car_flow_2.14,ped_4,5.59,10.36,0.54
87.0,auto_flow_1.13,ped_0,6.97,10.59,0.66
87.0,bike_flow_1.17,ped_0,18.8,11.33,1.66
87.0,bike_flow_1.17,ped_4,12.24,11.33,1.08
87.0,car_flow_1.17,ped_4,15.79,11.67,1.35
87.0,car_flow_1.18,ped_0,8.24,13.84,0.6
87.0,car_flow_2.14,ped_4,5.44,10.41,0.52
88.0,auto_flow_1.13,ped_0,4.4,10.54,0.42
88.0,auto_flow_1.14,ped_4,18.85,10.6,1.78
88.0,bike_flow_1.17,ped_4,7.93,11.86,0.67
88.0,car_flow_1.18,ped_0,10.76,12.5,0.86
88.0,car_flow_2.14,ped_0,14.65,10.75,1.36
88.0,car_flow_2.14,ped_4,14.65,10.75,1.36
89.0,auto_flow_1.14,ped_4,9.93,10.38,0.96
89.0,bike_flow_1.17,ped_4,17.46,12.26,1.42
89.0,car_flow_1.18,ped_4,10.99,12.49,0.88
89.0,car_flow_2.14,ped_0,5.66,10.91,0.52
90.0,auto_flow_1.14,ped_4,7.49,10.65,0.7
90.0,bike_flow_1.18,ped_0,7.12,11.69,0.61
90.0,car_flow_1.18,ped_4,11.56,12.64,0.91
90.0,car_flow_2.14,ped_0,4.42,9.15,0.48
90.0,car_flow_2.15,ped_4,16.62,10.24,1.62
91.0,auto_flow_1.14,ped_4,15.22,9.8,1.55
91.0,bike_flow_1.18,ped_0,19.79,14.3,1.38
91.0,bike_flow_1.18,ped_4,18.07,14.3,1.26
91.0,car_flow_2.15,ped_4,9.63,10.93,0.88
92.0,auto_flow_1.14,ped_0,11.73,9.84,1.19
92.0,auto_flow_1.14,ped_3,12.32,9.84,1.25
92.0,auto_flow_1.14,ped_5,13.12,9.84,1.33
92.0,bike_flow_1.18,ped_4,13.43,14.28,0.94
92.0,car_flow_1.19,ped_0,13.0,13.59,0.96
92.0,car_flow_1.19,ped_3,11.03,13.59,0.81
92.0,car_flow_1.19,ped_5,11.91,13.59,0.88
92.0,car_flow_2.15,ped_4,11.86,10.19,1.16
93.0,auto_flow_1.14,ped_3,6.54,10.73,0.61
93.0,auto_flow_1.14,ped_5,6.42,10.73,0.6
93.0,auto_flow_1.15,ped_4,17.36,9.69,1.79
93.0,car_flow_1.19,ped_4,17.83,12.95,1.38
93.0,car_flow_2.15,ped_3,17.01,9.92,1.71
93.0,car_flow_2.15,ped_4,19.94,9.92,2.01
93.0,car_flow_2.15,ped_5,17.76,9.92,1.79
94.0,auto_flow_1.15,ped_4,13.73,10.7,1.28
94.0,car_flow_1.19,ped_4,17.2,13.07,1.32
94.0,car_flow_2.15,ped_3,7.42,10.89,0.68
94.0,car_flow_2.15,ped_5,7.88,10.89,0.72
95.0,auto_flow_1.15,ped_4,17.43,10.02,1.74
95.0,bike_flow_1.19,ped_3,5.71,13.27,0.43
95.0,bike_flow_1.19,ped_5,6.51,13.27,0.49
95.0,car_flow_2.16,ped_4,17.94,10.72,1.67
96.0,auto_flow_1.15,ped_3,12.4,9.57,1.3
96.0,auto_flow_1.15,ped_5,13.24,9.57,1.38
96.0,bike_flow_1.19,ped_3,18.73,14.81,1.26
96.0,bike_flow_1.19,ped_5,19.69,14.81,1.33
96.0,car_flow_1.20,ped_3,5.48,13.78,0.4
96.0,car_flow_1.20,ped_5,4.72,13.78,0.34
96.0,car_flow_2.16,ped_4,17.1,10.2,1.68
97.0,auto_flow_1.15,ped_3,6.43,10.21,0.63
97.0,auto_flow_1.15,ped_5,6.41,10.21,0.63
97.0,car_flow_1.20,ped_3,8.91,13.75,0.65
97.0,car_flow_1.20,ped_5,9.78,13.75,0.71
97.0,car_flow_2.16,ped_1,19.38,10.07,1.92
97.0,car_flow_2.16,ped_3,17.48,10.07,1.74
97.0,car_flow_2.16,ped_5,18.35,10.07,1.82
98.0,bike_flow_1.20,ped_3,7.05,13.54,0.52
98.0,bike_flow_1.20,ped_5,6.23,13.54,0.46
98.0,car_flow_2.16,ped_3,8.07,10.33,0.78
98.0,car_flow_2.16,ped_5,8.68,10.33,0.84
99.0,auto_flow_1.16,ped_1,17.4,10.64,1.64
99.0,auto_flow_1.16,ped_3,16.9,10.64,1.59
99.0,auto_flow_1.16,ped_5,17.58,10.64,1.65
99.0,bike_flow_1.20,ped_3,7.16,13.68,0.52
99.0,bike_flow_1.20,ped_5,7.82,13.68,0.57
99.0,car_flow_2.16,ped_3,8.56,9.61,0.89
99.0,car_flow_2.16,ped_5,8.09,9.61,0.84
100.0,auto_flow_1.16,ped_1,19.31,10.11,1.91
100.0,auto_flow_1.16,ped_3,7.8,10.11,0.77
100.0,auto_flow_1.16,ped_5,8.29,10.11,0.82
100.0,bike_flow_1.20,ped_3,19.55,13.95,1.4
100.0,car_flow_2.17,ped_1,17.81,10.34,1.72
101.0,auto_flow_1.16,ped_3,8.91,9.56,0.93
101.0,auto_flow_1.16,ped_5,8.38,9.56,0.88
101.0,car_flow_1.21,ped_3,3.34,13.17,0.25
101.0,car_flow_1.21,ped_5,3.2,13.17,0.24
101.0,car_flow_2.17,ped_1,15.62,9.73,1.61
101.0,car_flow_2.17,ped_3,12.57,9.73,1.29
101.0,car_flow_2.17,ped_5,13.27,9.73,1.36
102.0,car_flow_1.21,ped_1,17.65,12.54,1.41
102.0,car_flow_1.21,ped_3,11.08,12.54,0.88
102.0,car_flow_1.21,ped_5,11.83,12.54,0.94
102.0,car_flow_2.17,ped_1,19.09,9.85,1.94
102.0,car_flow_2.17,ped_3,6.4,9.85,0.65
102.0,car_flow_2.17,ped_5,6.45,9.85,0.65
103.0,auto_flow_1.17,ped_1,16.96,9.79,1.73
103.0,bike_flow_1.21,ped_3,3.96,11.8,0.34
103.0,bike_flow_1.21,ped_5,3.51,11.8,0.3
103.0,car_flow_1.21,ped_1,19.9,12.89,1.54
103.0,car_flow_2.17,ped_3,12.89,10.11,1.28
103.0,car_flow_2.17,ped_5,12.12,10.11,1.2
104.0,auto_flow_1.17,ped_1,12.44,10.01,1.24
104.0,auto_flow_1.17,ped_3,12.45,10.01,1.24
104.0,auto_flow_1.17,ped_5,13.2,10.01,1.32
104.0,bike_flow_1.21,ped_1,15.71,12.39,1.27
104.0,bike_flow_1.21,ped_3,9.45,12.39,0.76
104.0,bike_flow_1.21,ped_5,10.27,12.39,0.83
105.0,auto_flow_1.17,ped_1,15.02,9.94,1.51
105.0,auto_flow_1.17,ped_3,6.42,9.94,0.65
105.0,auto_flow_1.17,ped_5,6.41,9.94,0.64
105.0,bike_flow_1.21,ped_1,18.59,12.79,1.45
105.0,car_flow_1.22,ped_3,12.82,10.07,1.27
105.0,car_flow_1.22,ped_5,12.02,10.07,1.19
105.0,car_flow_2.18,ped_1,13.35,10.41,1.28
105.0,car_flow_2.18,ped_3,17.12,10.41,1.65
105.0,car_flow_2.18,ped_5,17.89,10.41,1.72
106.0,auto_flow_1.17,ped_3,12.85,9.67,1.33
106.0,auto_flow_1.17,ped_5,12.14,9.67,1.26
106.0,car_flow_1.22,ped_1,17.86,10.14,1.76
106.0,car_flow_1.22,ped_3,4.6,10.14,0.45
106.0,car_flow_1.22,ped_5,4.05,10.14,0.4
106.0,car_flow_2.18,ped_1,10.9,9.56,1.14
106.0,car_flow_2.18,ped_3,8.3,9.56,0.87
106.0,car_flow_2.18,ped_5,8.85,9.56,0.93
107.0,bike_flow_1.22,ped_3,17.61,8.9,1.98
107.0,bike_flow_1.22,ped_5,16.8,8.9,1.89
107.0,car_flow_1.22,ped_1,12.77,10.0,1.28
107.0,car_flow_1.22,ped_3,6.39,10.0,0.64
107.0,car_flow_1.22,ped_5,7.12,10.0,0.71
107.0,car_flow_2.18,ped_1,15.64,9.57,1.63
107.0,car_flow_2.18,ped_3,8.41,9.57,0.88
107.0,car_flow_2.18,ped_5,7.9,9.57,0.82
108.0,bike_flow_1.22,ped_1,18.23,10.37,1.76
108.0,bike_flow_1.22,ped_3,8.56,10.37,0.83
108.0,bike_flow_1.22,ped_5,7.68,10.37,0.74
108.0,car_flow_1.22,ped_1,14.32,9.6,1.49
108.0,car_flow_1.22,ped_3,14.5,9.6,1.51
108.0,car_flow_1.22,ped_5,15.44,9.6,1.61
108.0,car_flow_2.18,ped_3,16.79,9.07,1.85
108.0,car_flow_2.18,ped_5,15.9,9.07,1.75
109.0,bike_flow_1.22,ped_1,11.35,10.83,1.05
109.0,bike_flow_1.22,ped_3,3.71,10.83,0.34
109.0,bike_flow_1.22,ped_5,4.21,10.83,0.39
109.0,car_flow_1.23,ped_3,17.52,10.89,1.61
109.0,car_flow_1.23,ped_5,16.68,10.89,1.53
110.0,auto_flow_1.18,ped_1,11.61,9.79,1.19
110.0,auto_flow_1.18,ped_3,14.85,9.79,1.52
110.0,auto_flow_1.18,ped_5,15.52,9.79,1.59
110.0,bike_flow_1.22,ped_1,11.58,8.9,1.3
110.0,bike_flow_1.22,ped_3,10.32,8.9,1.16
110.0,bike_flow_1.22,ped_5,11.02,8.9,1.24
110.0,car_flow_1.23,ped_1,14.71,11.44,1.29
110.0,car_flow_1.23,ped_3,7.48,11.44,0.65
110.0,car_flow_1.23,ped_5,6.82,11.44,0.6
111.0,auto_flow_1.18,ped_1,5.8,9.6,0.6
111.0,auto_flow_1.18,ped_3,6.91,9.6,0.72
111.0,auto_flow_1.18,ped_5,7.3,9.6,0.76
111.0,bike_flow_1.22,ped_1,18.08,9.88,1.83
111.0,bike_flow_1.22,ped_3,18.77,9.88,1.9
111.0,bike_flow_1.22,ped_5,19.66,9.88,1.99
111.0,bike_flow_1.23,ped_5,19.78,11.47,1.72
111.0,car_flow_1.23,ped_1,9.09,9.49,0.96
111.0,car_flow_1.23,ped_3,3.55,9.49,0.37
111.0,car_flow_1.23,ped_5,4.02,9.49,0.42
111.0,car_flow_2.19,ped_1,18.69,10.16,1.84
112.0,auto_flow_1.18,ped_1,11.71,10.07,1.16
112.0,auto_flow_1.18,ped_3,10.56,10.07,1.05
112.0,auto_flow_1.18,ped_5,9.95,10.07,0.99
112.0,bike_flow_1.23,ped_1,15.55,10.32,1.51
112.0,bike_flow_1.23,ped_3,11.65,10.32,1.13
112.0,bike_flow_1.23,ped_5,10.92,10.32,1.06
112.0,car_flow_1.23,ped_1,11.2,9.38,1.19
112.0,car_flow_1.23,ped_3,10.12,9.38,1.08
112.0,car_flow_1.23,ped_5,10.84,9.38,1.16
112.0,car_flow_2.19,ped_1,8.74,10.17,0.86
112.0,car_flow_2.19,ped_3,11.02,10.17,1.08
112.0,car_flow_2.19,ped_5,11.66,10.17,1.15
113.0,auto_flow_1.18,ped_5,19.72,9.82,2.01
113.0,bike_flow_1.23,ped_1,7.81,10.68,0.73
113.0,bike_flow_1.23,ped_3,3.29,10.68,0.31
113.0,bike_flow_1.23,ped_5,2.98,10.68,0.28
113.0,car_flow_1.23,ped_1,19.46,9.88,1.97
113.0,car_flow_1.23,ped_3,18.76,9.88,1.9
113.0,car_flow_1.23,ped_5,19.5,9.88,1.97
113.0,car_flow_1.24,ped_5,19.39,10.56,1.84
113.0,car_flow_2.19,ped_1,5.02,10.23,0.49
113.0,car_flow_2.19,ped_3,6.38,10.23,0.62
113.0,car_flow_2.19,ped_5,6.18,10.23,0.6
114.0,auto_flow_1.19,ped_3,19.63,10.84,1.81
114.0,bike_flow_1.23,ped_1,11.04,10.25,1.08
114.0,bike_flow_1.23,ped_3,8.01,10.25,0.78
114.0,bike_flow_1.23,ped_5,8.68,10.25,0.85
114.0,car_flow_1.24,ped_1,11.26,10.86,1.04
114.0,car_flow_1.24,ped_3,10.62,10.86,0.98
114.0,car_flow_1.24,ped_5,9.89,10.86,0.91
114.0,car_flow_2.19,ped_1,12.12,9.62,1.26
114.0,car_flow_2.19,ped_3,14.2,9.62,1.48
114.0,car_flow_2.19,ped_5,13.51,9.62,1.4
115.0,auto_flow_1.19,ped_1,11.36,9.6,1.18
115.0,auto_flow_1.19,ped_3,10.08,9.6,1.05
115.0,auto_flow_1.19,ped_5,10.75,9.6,1.12
115.0,bike_flow_1.23,ped_1,18.45,8.03,2.3
115.0,bike_flow_1.23,ped_3,14.66,8.03,1.83
115.0,bike_flow_1.23,ped_5,15.53,8.03,1.93
115.0,bike_flow_1.24,ped_1,19.62,12.16,1.61
115.0,car_flow_1.24,ped_1,6.58,10.71,0.61
115.0,car_flow_1.24,ped_3,3.11,10.71,0.29
115.0,car_flow_1.24,ped_5,2.97,10.71,0.28
116.0,auto_flow_1.19,ped_1,2.99,10.76,0.28
116.0,auto_flow_1.19,ped_3,7.44,10.76,0.69
116.0,auto_flow_1.19,ped_5,6.94,10.76,0.65
116.0,bike_flow_1.24,ped_1,10.15,9.77,1.04
116.0,bike_flow_1.24,ped_3,13.36,9.77,1.37
116.0,bike_flow_1.24,ped_5,12.48,9.77,1.28
116.0,car_flow_1.24,ped_1,13.31,8.72,1.53
116.0,car_flow_1.24,ped_3,7.71,8.72,0.88
116.0,car_flow_1.24,ped_5,8.49,8.72,0.97
116.0,car_flow_2.20,ped_1,18.87,9.54,1.98
116.0,car_flow_2.20,ped_3,15.21,9.54,1.59
116.0,car_flow_2.20,ped_5,15.99,9.54,1.68
117.0,auto_flow_1.19,ped_1,9.18,10.47,0.88
117.0,auto_flow_1.19,ped_3,16.68,10.47,1.59
117.0,auto_flow_1.19,ped_5,15.86,10.47,1.51
117.0,bike_flow_1.24,ped_1,6.43,7.81,0.82
117.0,bike_flow_1.24,ped_3,6.99,7.81,0.9
117.0,bike_flow_1.24,ped_5,6.2,7.81,0.79
117.0,car_flow_1.24,ped_3,14.82,8.45,1.75
117.0,car_flow_1.24,ped_5,15.65,8.45,1.85
117.0,car_flow_1.25,ped_1,17.79,10.57,1.68
117.0,car_flow_2.20,ped_1,9.15,11.01,0.83
117.0,car_flow_2.20,ped_3,6.69,11.01,0.61
117.0,car_flow_2.20,ped_5,6.89,11.01,0.63
118.0,auto_flow_1.19,ped_1,17.89,9.85,1.82
118.0,bike_flow_1.24,ped_1,12.06,8.78,1.37
118.0,bike_flow_1.24,ped_3,3.63,8.78,0.41
118.0,bike_flow_1.24,ped_5,4.03,8.78,0.46
118.0,car_flow_1.25,ped_1,9.26,9.05,1.02
118.0,car_flow_1.25,ped_3,15.88,9.05,1.75
118.0,car_flow_1.25,ped_5,14.92,9.05,1.65
118.0,car_flow_2.20,ped_1,3.4,10.59,0.32
118.0,car_flow_2.20,ped_3,11.95,10.59,1.13
118.0,car_flow_2.20,ped_5,11.1,10.59,1.05
119.0,bike_flow_1.24,ped_3,12.04,11.11,1.08
119.0,bike_flow_1.24,ped_5,12.96,11.11,1.17
119.0,bike_flow_1.25,ped_1,16.38,9.1,1.8
119.0,car_flow_1.25,ped_1,7.2,9.13,0.79
119.0,car_flow_1.25,ped_3,8.13,9.13,0.89
119.0,car_flow_1.25,ped_5,7.21,9.13,0.79
119.0,car_flow_2.20,ped_1,10.39,9.6,1.08
120.0,bike_flow_1.25,ped_1,8.22,8.89,0.92
120.0,bike_flow_1.25,ped_3,18.16,8.89,2.04
120.0,bike_flow_1.25,ped_5,17.27,8.89,1.94
120.0,car_flow_1.25,ped_1,16.14,10.49,1.54
120.0,car_flow_1.25,ped_3,4.15,10.49,0.4
120.0,car_flow_1.25,ped_5,4.61,10.49,0.44
120.0,car_flow_2.20,ped_1,19.39,10.27,1.89
121.0,auto_flow_1.20,ped_3,13.63,10.02,1.36
121.0,auto_flow_1.20,ped_5,14.33,10.02,1.43
121.0,bike_flow_1.25,ped_1,8.17,9.37,0.87
121.0,bike_flow_1.25,ped_3,10.13,9.37,1.08
121.0,bike_flow_1.25,ped_5,9.31,9.37,0.99
121.0,car_flow_1.25,ped_3,11.66,9.93,1.17
121.0,car_flow_1.25,ped_5,12.45,9.93,1.25
121.0,car_flow_1.26,ped_1,12.66,9.47,1.34
122.0,auto_flow_1.20,ped_1,17.55,9.91,1.77
122.0,auto_flow_1.20,ped_3,6.99,9.91,0.7
122.0,auto_flow_1.20,ped_5,7.05,9.91,0.71
122.0,bike_flow_1.25,ped_1,16.22,8.98,1.81
122.0,bike_flow_1.25,ped_3,4.11,8.98,0.46
122.0,bike_flow_1.25,ped_5,3.75,8.98,0.42
122.0,car_flow_1.25,ped_3,19.25,9.0,2.14
122.0,car_flow_1.26,ped_1,6.5,8.94,0.73
122.0,car_flow_1.26,ped_3,18.11,8.94,2.03
122.0,car_flow_1.26,ped_5,17.21,8.94,1.93
122.0,car_flow_2.21,ped_3,19.44,9.86,1.97
123.0,auto_flow_1.20,ped_1,8.88,9.83,0.9
123.0,auto_flow_1.20,ped_3,12.2,9.83,1.24
123.0,auto_flow_1.20,ped_5,11.74,9.83,1.19
123.0,bike_flow_1.25,ped_3,6.94,8.88,0.78
123.0,bike_flow_1.25,ped_5,7.89,8.88,0.89
123.0,bike_flow_1.26,ped_1,12.94,8.13,1.59
123.0,car_flow_1.26,ped_1,10.57,8.68,1.22
123.0,car_flow_1.26,ped_3,10.71,8.68,1.23
123.0,car_flow_1.26,ped_5,10.05,8.68,1.16
123.0,car_flow_2.21,ped_3,9.43,10.23,0.92
123.0,car_flow_2.21,ped_5,10.35,10.23,1.01
124.0,auto_flow_1.20,ped_1,3.51,10.59,0.33
124.0,bike_flow_1.25,ped_3,15.5,9.27,1.67
124.0,bike_flow_1.25,ped_5,15.66,9.27,1.69
124.0,bike_flow_1.26,ped_1,6.89,7.83,0.88
124.0,car_flow_1.26,ped_1,19.37,9.0,2.15
124.0,car_flow_1.26,ped_3,2.48,9.0,0.28
124.0,car_flow_1.26,ped_5,3.32,9.0,0.37
124.0,car_flow_2.21,ped_1,16.2,10.36,1.56
124.0,car_flow_2.21,ped_3,6.46,10.36,0.62
124.0,car_flow_2.21,ped_5,7.25,10.36,0.7
125.0,auto_flow_1.20,ped_1,11.57,10.73,1.08
125.0,auto_flow_1.21,ped_3,11.6,10.77,1.08
125.0,auto_flow_1.21,ped_5,12.03,10.77,1.12
125.0,bike_flow_1.26,ped_1,11.03,10.49,1.05
125.0,bike_flow_1.26,ped_3,11.64,10.49,1.11
125.0,bike_flow_1.26,ped_5,11.81,10.49,1.13
125.0,car_flow_1.26,ped_3,8.68,9.67,0.9
125.0,car_flow_1.26,ped_5,8.91,9.67,0.92
125.0,car_flow_1.27,ped_1,9.83,8.36,1.18
125.0,car_flow_2.21,ped_1,7.42,10.23,0.73
125.0,car_flow_2.21,ped_3,14.66,10.23,1.43
125.0,car_flow_2.21,ped_5,15.0,10.23,1.47
126.0,auto_flow_1.21,ped_3,4.92,10.23,0.48
126.0,auto_flow_1.21,ped_5,5.85,10.23,0.57
126.0,bike_flow_1.26,ped_3,2.57,9.59,0.27
126.0,bike_flow_1.26,ped_5,3.27,9.59,0.34
126.0,car_flow_1.26,ped_3,19.69,11.11,1.77
126.0,car_flow_1.26,ped_5,19.79,11.11,1.78
126.0,car_flow_1.27,ped_1,7.39,10.21,0.72
126.0,car_flow_1.27,ped_3,17.83,10.21,1.75
126.0,car_flow_1.27,ped_5,17.94,10.21,1.76
126.0,car_flow_2.21,ped_1,4.39,10.65,0.41
126.0,car_flow_2.22,ped_3,18.23,11.26,1.62
126.0,car_flow_2.22,ped_5,18.51,11.26,1.64
127.0,auto_flow_1.21,ped_1,12.91,10.19,1.27
127.0,auto_flow_1.21,ped_3,11.05,10.19,1.08
127.0,auto_flow_1.21,ped_5,10.91,10.19,1.07
127.0,bike_flow_1.26,ped_13,15.46,10.81,1.43
127.0,bike_flow_1.26,ped_3,9.04,10.81,0.84
127.0,bike_flow_1.26,ped_5,9.86,10.81,0.91
127.0,car_flow_1.27,ped_1,15.15,9.05,1.67
127.0,car_flow_1.27,ped_3,8.85,9.05,0.98
127.0,car_flow_1.27,ped_5,8.44,9.05,0.93
127.0,car_flow_2.21,ped_1,12.43,9.99,1.24
127.0,car_flow_2.22,ped_13,16.57,10.7,1.55
127.0,car_flow_2.22,ped_3,8.4,10.7,0.79
127.0,car_flow_2.22,ped_5,9.44,10.7,0.88
128.0,auto_flow_1.21,ped_1,4.41,10.4,0.42
128.0,auto_flow_1.22,ped_13,2.68,10.01,0.27
128.0,bike_flow_1.26,ped_13,6.83,8.93,0.77
128.0,bike_flow_1.26,ped_3,17.89,8.93,2.0
128.0,bike_flow_1.26,ped_5,18.54,8.93,2.08
128.0,bike_flow_1.27,ped_1,7.09,11.5,0.62
128.0,car_flow_1.27,ped_3,2.43,10.46,0.23
128.0,car_flow_1.27,ped_5,2.99,10.46,0.29
128.0,car_flow_2.22,ped_3,5.6,9.64,0.58
128.0,car_flow_2.22,ped_5,5.42,9.64,0.56
129.0,auto_flow_1.21,ped_1,7.54,10.83,0.7
129.0,auto_flow_1.22,ped_13,10.25,10.53,0.97
129.0,auto_flow_1.22,ped_3,11.26,10.53,1.07
129.0,auto_flow_1.22,ped_5,11.82,10.53,1.12
129.0,bike_flow_1.27,ped_1,10.88,10.9,1.0
129.0,bike_flow_1.27,ped_3,15.61,10.9,1.43
129.0,bike_flow_1.27,ped_5,14.97,10.9,1.37
129.0,car_flow_1.27,ped_13,11.06,8.87,1.25
129.0,car_flow_1.27,ped_3,10.77,8.87,1.21
129.0,car_flow_1.27,ped_5,11.4,8.87,1.28
129.0,car_flow_1.28,ped_1,11.71,11.2,1.05
129.0,car_flow_2.22,ped_1,11.53,10.47,1.1
129.0,car_flow_2.22,ped_3,14.12,10.47,1.35
129.0,car_flow_2.22,ped_5,13.5,10.47,1.29
130.0,auto_flow_1.22,ped_13,19.14,10.59,1.81
130.0,auto_flow_1.22,ped_3,4.88,10.59,0.46
130.0,auto_flow_1.22,ped_5,4.81,10.59,0.45
130.0,bike_flow_1.27,ped_3,5.16,10.64,0.49
130.0,bike_flow_1.27,ped_5,4.54,10.64,0.43
130.0,car_flow_1.27,ped_13,6.48,10.86,0.6
130.0,car_flow_1.28,ped_1,6.64,10.7,0.62
130.0,car_flow_2.22,ped_1,3.36,10.93,0.31
130.0,car_flow_2.23,ped_13,2.61,11.28,0.23
130.0,car_flow_2.23,ped_3,18.65,11.28,1.65
130.0,car_flow_2.23,ped_5,19.25,11.28,1.71
131.0,auto_flow_1.22,ped_1,15.35,10.78,1.42
131.0,auto_flow_1.22,ped_3,12.22,10.78,1.13
131.0,auto_flow_1.22,ped_5,11.61,10.78,1.08
131.0,bike_flow_1.27,ped_13,11.8,11.49,1.03
131.0,bike_flow_1.27,ped_15,18.22,11.49,1.59
131.0,bike_flow_1.27,ped_3,6.81,11.49,0.59
131.0,bike_flow_1.27,ped_5,7.42,11.49,0.65
131.0,car_flow_1.28,ped_1,14.95,10.72,1.39
131.0,car_flow_1.28,ped_3,12.83,10.72,1.2
131.0,car_flow_1.28,ped_5,12.19,10.72,1.14
131.0,car_flow_2.22,ped_1,8.89,10.34,0.86
131.0,car_flow_2.23,ped_13,10.19,10.96,0.93
131.0,car_flow_2.23,ped_15,17.04,10.96,1.55
131.0,car_flow_2.23,ped_3,8.56,10.96,0.78
131.0,car_flow_2.23,ped_5,9.06,10.96,0.83
132.0,auto_flow_1.22,ped_1,6.05,10.84,0.56
132.0,bike_flow_1.27,ped_13,6.57,11.92,0.55
132.0,bike_flow_1.27,ped_15,6.83,11.92,0.57
132.0,bike_flow_1.27,ped_3,18.59,11.92,1.56
132.0,bike_flow_1.27,ped_5,19.23,11.92,1.61
132.0,bike_flow_1.28,ped_1,10.28,13.36,0.77
132.0,car_flow_1.28,ped_13,17.48,11.58,1.51
132.0,car_flow_1.28,ped_3,2.01,11.58,0.17
132.0,car_flow_1.28,ped_5,1.68,11.58,0.15
132.0,car_flow_2.23,ped_13,19.42,10.93,1.78
132.0,car_flow_2.23,ped_3,6.22,10.93,0.57
132.0,car_flow_2.23,ped_5,5.8,10.93,0.53
133.0,auto_flow_1.22,ped_1,4.98,9.96,0.5
133.0,auto_flow_1.23,ped_13,5.01,10.9,0.46
133.0,auto_flow_1.23,ped_15,3.45,10.9,0.32
133.0,auto_flow_1.23,ped_3,18.89,10.9,1.73
133.0,auto_flow_1.23,ped_5,19.5,10.9,1.79
133.0,bike_flow_1.28,ped_1,8.57,12.73,0.67
133.0,car_flow_1.28,ped_13,6.54,12.0,0.54
133.0,car_flow_1.28,ped_15,11.28,12.0,0.94
133.0,car_flow_1.28,ped_3,10.99,12.0,0.92
133.0,car_flow_1.28,ped_5,11.61,12.0,0.97
133.0,car_flow_2.23,ped_1,13.99,10.7,1.31
133.0,car_flow_2.23,ped_3,15.37,10.7,1.44
133.0,car_flow_2.23,ped_5,14.75,10.7,1.38
134.0,auto_flow_1.23,ped_13,4.54,9.76,0.46
134.0,auto_flow_1.23,ped_15,10.54,9.76,1.08
134.0,auto_flow_1.23,ped_3,9.79,9.76,1.0
134.0,auto_flow_1.23,ped_5,10.32,9.76,1.06
134.0,bike_flow_1.28,ped_3,7.78,14.9,0.52
134.0,bike_flow_1.28,ped_5,7.14,14.9,0.48
134.0,car_flow_1.28,ped_13,11.18,10.96,1.02
134.0,car_flow_1.28,ped_15,6.54,10.96,0.6
134.0,car_flow_1.29,ped_1,8.01,13.4,0.6
134.0,car_flow_2.23,ped_1,5.21,10.55,0.49
135.0,auto_flow_1.23,ped_13,12.01,9.64,1.25
135.0,auto_flow_1.23,ped_15,18.3,9.64,1.9
135.0,auto_flow_1.23,ped_3,4.99,9.64,0.52
135.0,auto_flow_1.23,ped_5,4.83,9.64,0.5
135.0,bike_flow_1.28,ped_13,8.43,12.03,0.7
135.0,bike_flow_1.28,ped_15,13.8,12.03,1.15
135.0,bike_flow_1.28,ped_3,4.74,12.03,0.39
135.0,bike_flow_1.28,ped_5,5.32,12.03,0.44
135.0,car_flow_1.29,ped_1,11.39,13.22,0.86
135.0,car_flow_2.24,ped_12,9.46,9.99,0.95
135.0,car_flow_2.24,ped_13,5.32,9.99,0.53
135.0,car_flow_2.24,ped_15,3.08,9.99,0.31
135.0,car_flow_2.24,ped_3,16.01,9.99,1.6
135.0,car_flow_2.24,ped_5,16.6,9.99,1.66
136.0,auto_flow_1.23,ped_3,12.23,10.08,1.21
136.0,auto_flow_1.23,ped_5,11.62,10.08,1.15
136.0,bike_flow_1.28,ped_12,8.72,12.75,0.68
136.0,bike_flow_1.28,ped_13,9.9,12.75,0.78
136.0,bike_flow_1.28,ped_15,6.02,12.75,0.47
136.0,bike_flow_1.28,ped_3,17.27,12.75,1.35
136.0,bike_flow_1.28,ped_5,17.9,12.75,1.4
136.0,car_flow_1.29,ped_13,17.58,13.37,1.32
136.0,car_flow_1.29,ped_3,7.65,13.37,0.57
136.0,car_flow_1.29,ped_5,7.02,13.37,0.52
136.0,car_flow_2.24,ped_12,17.66,9.51,1.86
136.0,car_flow_2.24,ped_13,4.25,9.51,0.45
136.0,car_flow_2.24,ped_15,10.01,9.51,1.05
136.0,car_flow_2.24,ped_3,7.52,9.51,0.79
136.0,car_flow_2.24,ped_5,7.99,9.51,0.84
137.0,auto_flow_1.23,ped_1,10.99,10.36,1.06
137.0,auto_flow_1.24,ped_12,3.95,10.03,0.39
137.0,auto_flow_1.24,ped_13,12.24,10.03,1.22
137.0,auto_flow_1.24,ped_15,6.49,10.03,0.65
137.0,bike_flow_1.29,ped_1,8.35,12.69,0.66
137.0,car_flow_1.29,ped_12,17.75,12.92,1.37
137.0,car_flow_1.29,ped_13,6.19,12.92,0.48
137.0,car_flow_1.29,ped_15,10.08,12.92,0.78
137.0,car_flow_1.29,ped_3,5.69,12.92,0.44
137.0,car_flow_1.29,ped_5,6.3,12.92,0.49
137.0,car_flow_2.24,ped_13,11.8,9.54,1.24
137.0,car_flow_2.24,ped_15,17.71,9.54,1.86
137.0,car_flow_2.24,ped_3,6.14,9.54,0.64
137.0,car_flow_2.24,ped_5,5.75,9.54,0.6
138.0,auto_flow_1.23,ped_1,3.45,10.15,0.34
138.0,auto_flow_1.24,ped_12,12.1,10.54,1.15
138.0,auto_flow_1.24,ped_13,3.99,10.54,0.38
138.0,auto_flow_1.24,ped_15,3.9,10.54,0.37
138.0,auto_flow_1.24,ped_3,10.35,10.54,0.98
138.0,auto_flow_1.24,ped_5,10.91,10.54,1.03
138.0,bike_flow_1.29,ped_3,14.15,12.68,1.12
138.0,bike_flow_1.29,ped_5,13.51,12.68,1.07
138.0,car_flow_1.29,ped_12,6.88,12.86,0.53
138.0,car_flow_1.29,ped_13,13.5,12.86,1.05
138.0,car_flow_1.29,ped_15,8.47,12.86,0.66
138.0,car_flow_1.29,ped_3,18.38,12.86,1.43
138.0,car_flow_1.29,ped_5,19.02,12.86,1.48
138.0,car_flow_2.24,ped_1,18.97,10.54,1.8
138.0,car_flow_2.24,ped_3,15.12,10.54,1.44
138.0,car_flow_2.24,ped_5,14.51,10.54,1.38
139.0,auto_flow_1.24,ped_13,5.79,9.91,0.58
139.0,auto_flow_1.24,ped_15,11.52,9.91,1.16
139.0,auto_flow_1.24,ped_3,4.87,9.91,0.49
139.0,auto_flow_1.24,ped_5,4.81,9.91,0.49
139.0,bike_flow_1.29,ped_13,7.28,14.05,0.52
139.0,bike_flow_1.29,ped_15,11.96,14.05,0.85
139.0,bike_flow_1.29,ped_3,1.61,14.05,0.11
139.0,bike_flow_1.29,ped_5,1.72,14.05,0.12
139.0,car_flow_1.30,ped_1,11.76,12.41,0.95
139.0,car_flow_2.24,ped_1,10.16,9.99,1.02
139.0,car_flow_2.25,ped_12,3.33,11.41,0.29
139.0,car_flow_2.25,ped_13,14.66,11.41,1.29
139.0,car_flow_2.25,ped_15,8.78,11.41,0.77
139.0,car_flow_2.25,ped_3,19.48,11.41,1.71
140.0,auto_flow_1.24,ped_13,14.56,10.68,1.36
140.0,auto_flow_1.24,ped_3,12.4,10.68,1.16
140.0,auto_flow_1.24,ped_5,11.81,10.68,1.11
140.0,bike_flow_1.29,ped_12,9.38,11.72,0.8
140.0,bike_flow_1.29,ped_13,10.52,11.72,0.9
140.0,bike_flow_1.29,ped_15,6.48,11.72,0.55
140.0,bike_flow_1.29,ped_3,11.83,11.72,1.01
140.0,bike_flow_1.29,ped_5,12.46,11.72,1.06
140.0,car_flow_1.30,ped_13,15.33,12.8,1.2
140.0,car_flow_1.30,ped_3,11.41,12.8,0.89
140.0,car_flow_1.30,ped_5,10.78,12.8,0.84
140.0,car_flow_2.25,ped_12,10.78,10.6,1.02
140.0,car_flow_2.25,ped_13,5.95,10.6,0.56
140.0,car_flow_2.25,ped_15,2.6,10.6,0.25
140.0,car_flow_2.25,ped_3,9.58,10.6,0.9
140.0,car_flow_2.25,ped_5,10.13,10.6,0.96
141.0,bike_flow_1.29,ped_12,8.94,11.87,0.75
141.0,bike_flow_1.29,ped_15,17.53,11.87,1.48
141.0,car_flow_1.30,ped_12,17.2,12.67,1.36
141.0,car_flow_1.30,ped_13,5.4,12.67,0.43
141.0,car_flow_1.30,ped_15,8.07,12.67,0.64
141.0,car_flow_1.30,ped_3,2.12,12.67,0.17
141.0,car_flow_1.30,ped_5,2.58,12.67,0.2
141.0,car_flow_2.25,ped_13,4.89,11.47,0.43
141.0,car_flow_2.25,ped_15,10.53,11.47,0.92
141.0,car_flow_2.25,ped_3,5.77,11.47,0.5
141.0,car_flow_2.25,ped_5,5.44,11.47,0.47
142.0,auto_flow_1.25,ped_12,4.1,10.8,0.38
142.0,auto_flow_1.25,ped_13,19.36,10.8,1.79
142.0,auto_flow_1.25,ped_15,13.47,10.8,1.25
142.0,auto_flow_1.25,ped_3,19.28,10.8,1.79
142.0,auto_flow_1.25,ped_5,19.9,10.8,1.84
142.0,bike_flow_1.30,ped_13,11.57,14.4,0.8
142.0,bike_flow_1.30,ped_15,16.58,14.4,1.15
142.0,bike_flow_1.30,ped_3,10.23,14.4,0.71
142.0,bike_flow_1.30,ped_5,9.6,14.4,0.67
142.0,car_flow_1.30,ped_12,6.9,12.15,0.57
142.0,car_flow_1.30,ped_13,15.34,12.15,1.26
142.0,car_flow_1.30,ped_15,9.92,12.15,0.82
142.0,car_flow_1.30,ped_3,13.62,12.15,1.12
142.0,car_flow_1.30,ped_5,14.25,12.15,1.17
142.0,car_flow_2.25,ped_13,13.52,10.38,1.3
142.0,car_flow_2.25,ped_15,19.2,10.38,1.85
142.0,car_flow_2.25,ped_3,14.4,10.38,1.39
142.0,car_flow_2.25,ped_5,13.8,10.38,1.33
143.0,auto_flow_1.25,ped_12,7.79,10.76,0.72
143.0,auto_flow_1.25,ped_13,10.63,10.76,0.99
143.0,auto_flow_1.25,ped_15,4.95,10.76,0.46
143.0,auto_flow_1.25,ped_3,9.26,10.76,0.86
143.0,auto_flow_1.25,ped_5,9.81,10.76,0.91
143.0,bike_flow_1.30,ped_12,13.96,12.7,1.1
143.0,bike_flow_1.30,ped_13,8.94,12.7,0.7
143.0,bike_flow_1.30,ped_15,5.86,12.7,0.46
143.0,bike_flow_1.30,ped_3,3.06,12.7,0.24
143.0,bike_flow_1.30,ped_5,3.62,12.7,0.28
144.0,auto_flow_1.25,ped_12,16.7,10.53,1.59
144.0,auto_flow_1.25,ped_13,6.5,10.53,0.62
144.0,auto_flow_1.25,ped_15,5.41,10.53,0.51
144.0,auto_flow_1.25,ped_3,5.48,10.53,0.52
144.0,auto_flow_1.25,ped_5,5.2,10.53,0.49
144.0,bike_flow_1.30,ped_12,6.41,10.84,0.59
144.0,bike_flow_1.30,ped_13,17.55,10.84,1.62
144.0,bike_flow_1.30,ped_15,12.68,10.84,1.17
144.0,bike_flow_1.30,ped_3,13.53,10.84,1.25
144.0,bike_flow_1.30,ped_5,14.17,10.84,1.31
144.0,car_flow_1.31,ped_13,13.22,12.98,1.02
144.0,car_flow_1.31,ped_15,13.81,12.98,1.06
144.0,car_flow_1.31,ped_3,10.53,12.98,0.81
144.0,car_flow_1.31,ped_5,9.9,12.98,0.76
144.0,car_flow_2.26,ped_12,3.34,11.06,0.3
144.0,car_flow_2.26,ped_13,17.23,11.06,1.56
144.0,car_flow_2.26,ped_15,12.85,11.06,1.16
144.0,car_flow_2.26,ped_3,15.5,11.06,1.4
144.0,car_flow_2.26,ped_5,16.11,11.06,1.46
145.0,auto_flow_1.25,ped_13,13.95,10.15,1.37
145.0,auto_flow_1.25,ped_15,13.17,10.15,1.3
145.0,auto_flow_1.25,ped_3,13.65,10.15,1.34
145.0,auto_flow_1.25,ped_5,13.05,10.15,1.29
145.0,car_flow_1.31,ped_12,12.55,12.36,1.02
145.0,car_flow_1.31,ped_13,11.57,12.36,0.94
145.0,car_flow_1.31,ped_15,6.08,12.36,0.49
145.0,car_flow_1.31,ped_3,2.53,12.36,0.2
145.0,car_flow_1.31,ped_5,3.05,12.36,0.25
145.0,car_flow_2.26,ped_12,9.47,10.9,0.87
145.0,car_flow_2.26,ped_13,9.42,10.9,0.86
145.0,car_flow_2.26,ped_15,4.52,10.9,0.42
145.0,car_flow_2.26,ped_3,6.15,10.9,0.56
145.0,car_flow_2.26,ped_5,6.57,10.9,0.6
146.0,auto_flow_1.26,ped_12,9.36,9.85,0.95
146.0,bike_flow_1.31,ped_15,19.52,11.56,1.69
146.0,bike_flow_1.31,ped_3,19.4,11.56,1.68
146.0,bike_flow_1.31,ped_5,18.76,11.56,1.62
146.0,car_flow_1.31,ped_12,7.43,13.37,0.56
146.0,car_flow_1.31,ped_15,17.93,13.37,1.34
146.0,car_flow_1.31,ped_3,15.41,13.37,1.15
146.0,car_flow_1.31,ped_5,16.04,13.37,1.2
146.0,car_flow_2.26,ped_12,17.82,9.82,1.81
146.0,car_flow_2.26,ped_13,10.58,9.82,1.08
146.0,car_flow_2.26,ped_15,6.2,9.82,0.63
146.0,car_flow_2.26,ped_3,7.68,9.82,0.78
146.0,car_flow_2.26,ped_5,7.19,9.82,0.73
147.0,auto_flow_1.26,ped_12,3.21,10.09,0.32
147.0,auto_flow_1.26,ped_13,15.92,10.09,1.58
147.0,auto_flow_1.26,ped_15,12.84,10.09,1.27
147.0,auto_flow_1.26,ped_3,11.32,10.09,1.12
147.0,auto_flow_1.26,ped_5,11.9,10.09,1.18
147.0,bike_flow_1.31,ped_12,20.0,10.91,1.83
147.0,bike_flow_1.31,ped_13,15.87,10.91,1.45
147.0,bike_flow_1.31,ped_15,11.37,10.91,1.04
147.0,bike_flow_1.31,ped_3,8.57,10.91,0.79
147.0,bike_flow_1.31,ped_5,7.95,10.91,0.73
147.0,car_flow_2.26,ped_13,19.46,11.37,1.71
147.0,car_flow_2.26,ped_15,17.04,11.37,1.5
147.0,car_flow_2.26,ped_3,18.01,11.37,1.58
147.0,car_flow_2.26,ped_5,17.39,11.37,1.53
148.0,auto_flow_1.26,ped_12,9.99,10.2,0.98
148.0,auto_flow_1.26,ped_13,12.71,10.2,1.25
148.0,auto_flow_1.26,ped_15,7.45,10.2,0.73
148.0,auto_flow_1.26,ped_3,4.81,10.2,0.47
148.0,auto_flow_1.26,ped_5,4.85,10.2,0.48
148.0,bike_flow_1.31,ped_12,9.73,10.6,0.92
148.0,bike_flow_1.31,ped_13,16.21,10.6,1.53
148.0,bike_flow_1.31,ped_15,11.08,10.6,1.05
148.0,bike_flow_1.31,ped_3,2.71,10.6,0.26
148.0,bike_flow_1.31,ped_5,3.24,10.6,0.31
148.0,car_flow_1.32,ped_15,17.6,11.37,1.55
148.0,car_flow_1.32,ped_3,15.47,11.37,1.36
148.0,car_flow_1.32,ped_5,14.83,11.37,1.3
148.0,car_flow_2.27,ped_12,10.09,10.44,0.97
148.0,car_flow_2.27,ped_3,19.68,10.44,1.89
149.0,auto_flow_1.26,ped_12,19.67,10.97,1.79
149.0,auto_flow_1.26,ped_13,17.23,10.97,1.57
149.0,auto_flow_1.26,ped_15,13.3,10.97,1.21
149.0,auto_flow_1.26,ped_3,11.93,10.97,1.09
149.0,auto_flow_1.26,ped_5,11.34,10.97,1.03
149.0,bike_flow_1.31,ped_12,8.33,11.64,0.72
149.0,bike_flow_1.31,ped_15,19.51,11.64,1.68
149.0,bike_flow_1.31,ped_3,13.91,11.64,1.2
149.0,bike_flow_1.31,ped_5,14.55,11.64,1.25
149.0,car_flow_1.32,ped_12,14.91,10.41,1.43
149.0,car_flow_1.32,ped_13,17.87,10.41,1.72
149.0,car_flow_1.32,ped_15,12.9,10.41,1.24
149.0,car_flow_1.32,ped_3,5.23,10.41,0.5
149.0,car_flow_1.32,ped_5,4.62,10.41,0.44
149.0,car_flow_2.27,ped_12,3.2,10.71,0.3
149.0,car_flow_2.27,ped_13,17.24,10.71,1.61
149.0,car_flow_2.27,ped_15,13.31,10.71,1.24
149.0,car_flow_2.27,ped_3,9.66,10.71,0.9
149.0,car_flow_2.27,ped_5,10.22,10.71,0.95
150.0,bike_flow_1.32,ped_3,17.72,9.77,1.81
150.0,bike_flow_1.32,ped_5,17.08,9.77,1.75
150.0,car_flow_1.32,ped_12,6.48,11.43,0.57
150.0,car_flow_1.32,ped_15,16.02,11.43,1.4
150.0,car_flow_1.32,ped_3,6.66,11.43,0.58
150.0,car_flow_1.32,ped_5,7.28,11.43,0.64
150.0,car_flow_2.27,ped_12,10.52,10.94,0.96
150.0,car_flow_2.27,ped_13,15.81,10.94,1.45
150.0,car_flow_2.27,ped_15,10.91,10.94,1.0
150.0,car_flow_2.27,ped_3,5.45,10.94,0.5
150.0,car_flow_2.27,ped_5,5.17,10.94,0.47
151.0,auto_flow_1.27,ped_12,13.63,10.08,1.35
151.0,bike_flow_1.32,ped_12,14.66,10.89,1.35
151.0,bike_flow_1.32,ped_15,16.8,10.89,1.54
151.0,bike_flow_1.32,ped_3,6.95,10.89,0.64
151.0,bike_flow_1.32,ped_5,6.32,10.89,0.58
151.0,car_flow_1.32,ped_12,12.47,10.67,1.17
151.0,car_flow_1.32,ped_3,17.2,10.67,1.61
151.0,car_flow_1.32,ped_5,17.84,10.67,1.67
151.0,car_flow_2.27,ped_15,17.63,10.97,1.61
151.0,car_flow_2.27,ped_3,14.35,10.97,1.31
151.0,car_flow_2.27,ped_5,13.75,10.97,1.25
152.0,auto_flow_1.27,ped_12,4.85,10.77,0.45
152.0,auto_flow_1.27,ped_15,17.74,10.77,1.65
152.0,auto_flow_1.27,ped_3,10.12,10.77,0.94
152.0,auto_flow_1.27,ped_5,10.69,10.77,0.99
152.0,bike_flow_1.32,ped_12,6.41,11.69,0.55
152.0,bike_flow_1.32,ped_15,18.79,11.69,1.61
152.0,bike_flow_1.32,ped_3,5.19,11.69,0.44
152.0,bike_flow_1.32,ped_5,5.8,11.69,0.5
153.0,auto_flow_1.27,ped_12,6.86,10.89,0.63
153.0,auto_flow_1.27,ped_15,16.21,10.89,1.49
153.0,auto_flow_1.27,ped_3,5.2,10.89,0.48
153.0,auto_flow_1.27,ped_5,4.99,10.89,0.46
153.0,bike_flow_1.32,ped_12,13.83,11.4,1.21
153.0,bike_flow_1.32,ped_3,16.42,11.4,1.44
153.0,bike_flow_1.32,ped_5,17.05,11.4,1.5
153.0,car_flow_2.28,ped_12,14.59,11.77,1.24
153.0,car_flow_2.28,ped_3,18.94,11.77,1.61
153.0,car_flow_2.28,ped_5,19.56,11.77,1.66
154.0,auto_flow_1.27,ped_12,15.5,10.12,1.53
154.0,auto_flow_1.27,ped_3,13.03,10.12,1.29
154.0,auto_flow_1.27,ped_5,12.43,10.12,1.23
154.0,car_flow_1.33,ped_12,15.6,11.43,1.36
154.0,car_flow_1.33,ped_3,11.28,11.43,0.99
154.0,car_flow_1.33,ped_5,10.65,11.43,0.93
154.0,car_flow_2.28,ped_12,5.02,11.38,0.44
154.0,car_flow_2.28,ped_15,19.85,11.38,1.74
154.0,car_flow_2.28,ped_3,8.44,11.38,0.74
154.0,car_flow_2.28,ped_5,8.97,11.38,0.79
155.0,car_flow_1.33,ped_12,6.81,10.86,0.63
155.0,car_flow_1.33,ped_3,1.64,10.86,0.15
155.0,car_flow_1.33,ped_5,1.64,10.86,0.15
155.0,car_flow_2.28,ped_12,7.11,11.25,0.63
155.0,car_flow_2.28,ped_3,6.46,11.25,0.57
155.0,car_flow_2.28,ped_5,6.05,11.25,0.54
156.0,auto_flow_1.28,ped_12,17.4,10.15,1.71
156.0,auto_flow_1.28,ped_3,18.72,10.15,1.84
156.0,auto_flow_1.28,ped_5,19.34,10.15,1.91
156.0,bike_flow_1.33,ped_3,18.28,11.42,1.6
156.0,bike_flow_1.33,ped_5,17.64,11.42,1.54
156.0,car_flow_1.33,ped_12,11.35,10.84,1.05
156.0,car_flow_1.33,ped_3,10.66,10.84,0.98
156.0,car_flow_1.33,ped_5,11.3,10.84,1.04
156.0,car_flow_2.28,ped_12,15.78,10.28,1.53
156.0,car_flow_2.28,ped_3,15.37,10.28,1.49
156.0,car_flow_2.28,ped_5,14.76,10.28,1.44
157.0,auto_flow_1.28,ped_12,8.22,10.35,0.79
157.0,auto_flow_1.28,ped_3,9.12,10.35,0.88
157.0,auto_flow_1.28,ped_5,9.67,10.35,0.93
157.0,bike_flow_1.33,ped_12,10.52,10.26,1.03
157.0,bike_flow_1.33,ped_3,8.11,10.26,0.79
157.0,bike_flow_1.33,ped_5,7.49,10.26,0.73
158.0,auto_flow_1.28,ped_12,4.51,9.91,0.46
158.0,auto_flow_1.28,ped_3,5.27,9.91,0.53
158.0,auto_flow_1.28,ped_5,5.04,9.91,0.51
158.0,bike_flow_1.33,ped_12,8.44,11.36,0.74
158.0,bike_flow_1.33,ped_3,3.77,11.36,0.33
158.0,bike_flow_1.33,ped_5,4.36,11.36,0.38
158.0,car_flow_1.34,ped_12,17.18,10.41,1.65
158.0,car_flow_1.34,ped_3,16.16,10.41,1.55
158.0,car_flow_1.34,ped_5,15.52,10.41,1.49
158.0,car_flow_2.29,ped_12,15.27,10.47,1.46
158.0,car_flow_2.29,ped_3,14.88,10.47,1.42
158.0,car_flow_2.29,ped_5,15.49,10.47,1.48
159.0,auto_flow_1.28,ped_12,11.86,9.6,1.24
159.0,auto_flow_1.28,ped_3,12.71,9.6,1.32
159.0,auto_flow_1.28,ped_5,12.12,9.6,1.26
159.0,bike_flow_1.33,ped_12,16.51,9.93,1.66
159.0,bike_flow_1.33,ped_3,13.44,9.93,1.35
159.0,bike_flow_1.33,ped_5,14.07,9.93,1.42
159.0,car_flow_1.34,ped_12,8.76,11.96,0.73
159.0,car_flow_1.34,ped_3,4.42,11.96,0.37
159.0,car_flow_1.34,ped_5,3.83,11.96,0.32
159.0,car_flow_2.29,ped_12,7.58,9.37,0.81
159.0,car_flow_2.29,ped_3,6.73,9.37,0.72
159.0,car_flow_2.29,ped_5,7.19,9.37,0.77
160.0,bike_flow_1.34,ped_12,17.82,11.31,1.58
160.0,bike_flow_1.34,ped_3,15.92,11.31,1.41
160.0,bike_flow_1.34,ped_5,15.28,11.31,1.35
160.0,car_flow_1.34,ped_12,11.48,10.2,1.13
160.0,car_flow_1.34,ped_3,6.29,10.2,0.62
160.0,car_flow_1.34,ped_5,6.91,10.2,0.68
160.0,car_flow_2.29,ped_12,7.21,9.19,0.78
160.0,car_flow_2.29,ped_3,6.57,9.19,0.71
160.0,car_flow_2.29,ped_5,6.15,9.19,0.67
161.0,auto_flow_1.29,ped_12,12.82,10.2,1.26
161.0,auto_flow_1.29,ped_3,11.11,10.2,1.09
161.0,auto_flow_1.29,ped_5,11.69,10.2,1.15
161.0,bike_flow_1.34,ped_12,11.99,9.11,1.32
161.0,bike_flow_1.34,ped_3,6.92,9.11,0.76
161.0,bike_flow_1.34,ped_5,6.3,9.11,0.69
161.0,car_flow_1.34,ped_3,16.88,10.73,1.57
161.0,car_flow_1.34,ped_5,17.52,10.73,1.63
161.0,car_flow_2.29,ped_12,15.91,10.39,1.53
161.0,car_flow_2.29,ped_3,15.63,10.39,1.5
161.0,car_flow_2.29,ped_5,15.02,10.39,1.45
162.0,auto_flow_1.29,ped_12,8.14,10.17,0.8
162.0,auto_flow_1.29,ped_3,4.81,10.17,0.47
162.0,auto_flow_1.29,ped_5,4.83,10.17,0.47
162.0,bike_flow_1.34,ped_12,12.59,11.59,1.09
162.0,bike_flow_1.34,ped_3,5.12,11.59,0.44
162.0,bike_flow_1.34,ped_5,5.73,11.59,0.49
162.0,car_flow_1.35,ped_12,17.34,9.99,1.74
162.0,car_flow_1.35,ped_3,13.87,9.99,1.39
162.0,car_flow_1.35,ped_5,13.23,9.99,1.32
162.0,car_flow_2.30,ped_12,19.93,10.13,1.97
162.0,car_flow_2.30,ped_3,18.2,10.13,1.8
162.0,car_flow_2.30,ped_5,18.82,10.13,1.86
163.0,auto_flow_1.29,ped_12,12.98,9.63,1.35
163.0,auto_flow_1.29,ped_3,10.9,9.63,1.13
163.0,auto_flow_1.29,ped_5,10.33,9.63,1.07
163.0,bike_flow_1.34,ped_3,16.3,11.36,1.43
163.0,bike_flow_1.34,ped_5,16.93,11.36,1.49
163.0,car_flow_1.35,ped_12,12.5,11.62,1.08
163.0,car_flow_1.35,ped_3,2.69,11.62,0.23
163.0,car_flow_1.35,ped_5,2.21,11.62,0.19
163.0,car_flow_2.30,ped_12,12.21,10.19,1.2
163.0,car_flow_2.30,ped_3,8.8,10.19,0.86
163.0,car_flow_2.30,ped_5,9.34,10.19,0.92
164.0,bike_flow_1.35,ped_3,15.64,12.25,1.28
164.0,bike_flow_1.35,ped_5,15.0,12.25,1.22
164.0,car_flow_1.35,ped_12,16.87,11.64,1.45
164.0,car_flow_1.35,ped_3,9.62,11.64,0.83
164.0,car_flow_1.35,ped_5,10.25,11.64,0.88
164.0,car_flow_2.30,ped_12,10.43,9.66,1.08
164.0,car_flow_2.30,ped_3,5.33,9.66,0.55
164.0,car_flow_2.30,ped_5,5.08,9.66,0.53
165.0,auto_flow_1.30,ped_12,15.76,9.55,1.65
165.0,auto_flow_1.30,ped_3,11.36,9.55,1.19
165.0,auto_flow_1.30,ped_5,11.94,9.55,1.25
165.0,bike_flow_1.35,ped_12,14.87,11.91,1.25
165.0,bike_flow_1.35,ped_3,3.98,11.91,0.33
165.0,bike_flow_1.35,ped_5,3.41,11.91,0.29
165.0,car_flow_1.35,ped_3,18.76,9.2,2.04
165.0,car_flow_1.35,ped_5,19.4,9.2,2.11
165.0,car_flow_2.30,ped_12,16.75,10.65,1.57
165.0,car_flow_2.30,ped_3,13.81,10.65,1.3
165.0,car_flow_2.30,ped_5,13.21,10.65,1.24
166.0,auto_flow_1.30,ped_12,12.53,9.69,1.29
166.0,auto_flow_1.30,ped_3,4.85,9.69,0.5
166.0,auto_flow_1.30,ped_5,4.96,9.69,0.51
166.0,bike_flow_1.35,ped_12,17.7,11.23,1.58
166.0,bike_flow_1.35,ped_3,7.76,11.23,0.69
166.0,bike_flow_1.35,ped_5,8.39,11.23,0.75
166.0,car_flow_2.31,ped_3,17.96,9.1,1.97
166.0,car_flow_2.31,ped_5,18.58,9.1,2.04
167.0,auto_flow_1.30,ped_12,15.96,9.76,1.64
167.0,auto_flow_1.30,ped_19,17.59,9.76,1.8
167.0,auto_flow_1.30,ped_3,10.34,9.76,1.06
167.0,auto_flow_1.30,ped_5,9.77,9.76,1.0
167.0,bike_flow_1.35,ped_3,18.65,10.99,1.7
167.0,bike_flow_1.35,ped_5,19.29,10.99,1.75
167.0,car_flow_1.36,ped_12,19.9,11.16,1.78
167.0,car_flow_1.36,ped_3,11.58,11.16,1.04
167.0,car_flow_1.36,ped_5,10.95,11.16,0.98
167.0,car_flow_2.31,ped_12,16.08,9.21,1.75
167.0,car_flow_2.31,ped_3,9.42,9.21,1.02
167.0,car_flow_2.31,ped_5,9.97,9.21,1.08
168.0,auto_flow_1.30,ped_19,18.69,9.97,1.87
168.0,auto_flow_1.30,ped_3,19.72,9.97,1.98
168.0,auto_flow_1.30,ped_5,19.1,9.97,1.92
168.0,car_flow_1.36,ped_12,17.82,11.34,1.57
168.0,car_flow_1.36,ped_3,1.61,11.34,0.14
168.0,car_flow_1.36,ped_5,1.69,11.34,0.15
168.0,car_flow_2.31,ped_12,14.68,10.21,1.44
168.0,car_flow_2.31,ped_19,18.34,10.21,1.8
168.0,car_flow_2.31,ped_3,5.25,10.21,0.51
168.0,car_flow_2.31,ped_5,5.03,10.21,0.49
169.0,auto_flow_1.31,ped_12,18.44,10.82,1.7
169.0,auto_flow_1.31,ped_3,10.26,10.82,0.95
169.0,auto_flow_1.31,ped_5,10.83,10.82,1.0
169.0,bike_flow_1.36,ped_19,18.42,10.88,1.69
169.0,bike_flow_1.36,ped_3,12.03,10.88,1.11
169.0,bike_flow_1.36,ped_5,11.4,10.88,1.05
169.0,car_flow_1.36,ped_3,10.87,10.88,1.0
169.0,car_flow_1.36,ped_5,11.5,10.88,1.06
169.0,car_flow_2.31,ped_12,19.21,9.63,2.0
169.0,car_flow_2.31,ped_19,15.22,9.63,1.58
169.0,car_flow_2.31,ped_3,12.69,9.63,1.32
169.0,car_flow_2.31,ped_5,12.09,9.63,1.26
170.0,auto_flow_1.31,ped_12,16.9,10.17,1.66
170.0,auto_flow_1.31,ped_19,16.57,10.17,1.63
170.0,auto_flow_1.31,ped_3,4.94,10.17,0.49
170.0,auto_flow_1.31,ped_5,4.83,10.17,0.47
170.0,bike_flow_1.36,ped_19,19.68,11.55,1.7
170.0,bike_flow_1.36,ped_3,1.65,11.55,0.14
170.0,bike_flow_1.36,ped_5,1.63,11.55,0.14
170.0,car_flow_2.31,ped_19,18.66,11.03,1.69
171.0,auto_flow_1.31,ped_19,12.58,10.86,1.16
171.0,auto_flow_1.31,ped_20,18.57,10.86,1.71
171.0,auto_flow_1.31,ped_3,12.9,10.86,1.19
171.0,auto_flow_1.31,ped_5,12.3,10.86,1.13
171.0,bike_flow_1.36,ped_3,10.01,10.26,0.98
171.0,bike_flow_1.36,ped_5,10.64,10.26,1.04
171.0,car_flow_1.37,ped_19,16.14,12.45,1.3
171.0,car_flow_1.37,ped_3,14.25,12.45,1.14
171.0,car_flow_1.37,ped_5,13.62,12.45,1.09
171.0,car_flow_2.32,ped_3,13.29,10.82,1.23
171.0,car_flow_2.32,ped_5,13.89,10.82,1.28
172.0,auto_flow_1.31,ped_19,16.09,9.91,1.62
172.0,car_flow_1.37,ped_19,16.64,12.4,1.34
172.0,car_flow_1.37,ped_3,2.39,12.4,0.19
172.0,car_flow_1.37,ped_5,1.96,12.4,0.16
172.0,car_flow_2.32,ped_12,19.14,11.09,1.73
172.0,car_flow_2.32,ped_19,16.02,11.09,1.45
172.0,car_flow_2.32,ped_3,4.98,11.09,0.45
172.0,car_flow_2.32,ped_5,5.18,11.09,0.47
173.0,bike_flow_1.37,ped_19,13.72,12.83,1.07
173.0,bike_flow_1.37,ped_20,19.43,12.83,1.51
173.0,bike_flow_1.37,ped_3,14.07,12.83,1.1
173.0,bike_flow_1.37,ped_5,13.44,12.83,1.05
173.0,car_flow_1.37,ped_3,9.92,11.55,0.86
173.0,car_flow_1.37,ped_5,10.56,11.55,0.91
173.0,car_flow_2.32,ped_19,10.0,11.63,0.86
173.0,car_flow_2.32,ped_20,15.87,11.63,1.36
173.0,car_flow_2.32,ped_3,11.39,11.63,0.98
173.0,car_flow_2.32,ped_5,10.81,11.63,0.93
174.0,bike_flow_1.37,ped_19,14.04,11.3,1.24
174.0,bike_flow_1.37,ped_20,19.2,11.3,1.7
174.0,bike_flow_1.37,ped_3,3.13,11.3,0.28
174.0,bike_flow_1.37,ped_5,2.59,11.3,0.23
174.0,car_flow_2.32,ped_19,14.53,11.6,1.25
174.0,car_flow_2.32,ped_20,18.58,11.6,1.6
175.0,auto_flow_1.32,ped_3,19.4,10.64,1.82
175.0,bike_flow_1.37,ped_3,10.39,12.94,0.8
175.0,bike_flow_1.37,ped_5,11.02,12.94,0.85
175.0,car_flow_1.38,ped_19,14.12,13.89,1.02
175.0,car_flow_1.38,ped_20,18.68,13.89,1.34
175.0,car_flow_1.38,ped_3,19.56,13.89,1.41
175.0,car_flow_1.38,ped_5,18.93,13.89,1.36
176.0,auto_flow_1.32,ped_19,19.39,10.69,1.81
176.0,auto_flow_1.32,ped_3,9.42,10.69,0.88
176.0,auto_flow_1.32,ped_5,9.98,10.69,0.93
176.0,car_flow_1.38,ped_19,10.26,13.19,0.78
176.0,car_flow_1.38,ped_20,15.51,13.19,1.18
176.0,car_flow_1.38,ped_3,6.51,13.19,0.49
176.0,car_flow_1.38,ped_5,5.89,13.19,0.45
177.0,auto_flow_1.32,ped_19,9.01,10.53,0.86
177.0,auto_flow_1.32,ped_20,13.1,10.53,1.24
177.0,auto_flow_1.32,ped_3,5.38,10.53,0.51
177.0,auto_flow_1.32,ped_5,5.13,10.53,0.49
177.0,bike_flow_1.38,ped_19,11.86,14.15,0.84
177.0,bike_flow_1.38,ped_20,15.96,14.15,1.13
177.0,bike_flow_1.38,ped_3,18.45,14.15,1.3
177.0,bike_flow_1.38,ped_5,17.82,14.15,1.26
177.0,car_flow_1.38,ped_19,18.93,13.46,1.41
177.0,car_flow_1.38,ped_3,7.33,13.46,0.54
177.0,car_flow_1.38,ped_5,7.96,13.46,0.59
177.0,car_flow_2.33,ped_3,16.53,10.89,1.52
177.0,car_flow_2.33,ped_5,17.15,10.89,1.58
178.0,auto_flow_1.32,ped_19,4.8,10.01,0.48
178.0,auto_flow_1.32,ped_20,9.36,10.01,0.93
178.0,auto_flow_1.32,ped_3,13.34,10.01,1.33
178.0,auto_flow_1.32,ped_5,12.74,10.01,1.27
178.0,bike_flow_1.38,ped_19,8.59,12.37,0.69
178.0,bike_flow_1.38,ped_20,13.0,12.37,1.05
178.0,bike_flow_1.38,ped_3,6.22,12.37,0.5
178.0,bike_flow_1.38,ped_5,5.61,12.37,0.45
178.0,car_flow_2.33,ped_19,16.02,10.63,1.51
178.0,car_flow_2.33,ped_20,17.91,10.63,1.68
178.0,car_flow_2.33,ped_3,7.07,10.63,0.67
178.0,car_flow_2.33,ped_5,7.55,10.63,0.71
179.0,auto_flow_1.32,ped_19,11.98,10.06,1.19
179.0,auto_flow_1.32,ped_20,14.5,10.06,1.44
179.0,auto_flow_1.33,ped_3,19.18,9.87,1.94
179.0,auto_flow_1.33,ped_5,19.8,9.87,2.01
179.0,bike_flow_1.38,ped_19,19.16,12.93,1.48
179.0,bike_flow_1.38,ped_3,7.1,12.93,0.55
179.0,bike_flow_1.38,ped_5,7.72,12.93,0.6
179.0,car_flow_1.39,ped_19,11.32,13.37,0.85
179.0,car_flow_1.39,ped_20,14.77,13.37,1.11
179.0,car_flow_1.39,ped_5,19.61,13.37,1.47
179.0,car_flow_2.33,ped_19,7.16,9.97,0.72
179.0,car_flow_2.33,ped_20,9.46,9.97,0.95
179.0,car_flow_2.33,ped_3,6.78,9.97,0.68
179.0,car_flow_2.33,ped_5,6.35,9.97,0.64
180.0,auto_flow_1.33,ped_20,19.58,10.33,1.9
180.0,auto_flow_1.33,ped_3,9.54,10.33,0.92
180.0,auto_flow_1.33,ped_5,10.1,10.33,0.98
180.0,bike_flow_1.38,ped_3,19.77,12.79,1.55
180.0,car_flow_1.39,ped_19,7.94,13.56,0.59
180.0,car_flow_1.39,ped_20,10.34,13.56,0.76
180.0,car_flow_1.39,ped_3,6.81,13.56,0.5
180.0,car_flow_1.39,ped_5,6.19,13.56,0.46
180.0,car_flow_2.33,ped_19,4.38,10.33,0.42
180.0,car_flow_2.33,ped_20,8.11,10.33,0.79
180.0,car_flow_2.33,ped_3,15.86,10.33,1.54
180.0,car_flow_2.33,ped_5,15.25,10.33,1.48
181.0,auto_flow_1.33,ped_19,11.13,10.61,1.05
181.0,auto_flow_1.33,ped_20,9.07,10.61,0.85
181.0,auto_flow_1.33,ped_3,5.36,10.61,0.51
181.0,auto_flow_1.33,ped_5,5.11,10.61,0.48
181.0,bike_flow_1.39,ped_19,9.21,13.27,0.69
181.0,bike_flow_1.39,ped_20,12.81,13.27,0.97
181.0,bike_flow_1.39,ped_3,19.72,13.27,1.49
181.0,bike_flow_1.39,ped_5,19.08,13.27,1.44
181.0,car_flow_1.39,ped_20,18.45,13.23,1.4
181.0,car_flow_1.39,ped_3,6.8,13.23,0.51
181.0,car_flow_1.39,ped_5,7.42,13.23,0.56
181.0,car_flow_2.33,ped_19,12.61,10.11,1.25
181.0,car_flow_2.33,ped_20,16.16,10.11,1.6
181.0,car_flow_2.34,ped_3,15.62,10.76,1.45
181.0,car_flow_2.34,ped_5,16.23,10.76,1.51
182.0,auto_flow_1.33,ped_19,3.88,9.65,0.4
182.0,auto_flow_1.33,ped_20,4.43,9.65,0.46
182.0,auto_flow_1.33,ped_3,12.94,9.65,1.34
182.0,auto_flow_1.33,ped_5,12.35,9.65,1.28
182.0,bike_flow_1.39,ped_19,10.88,14.24,0.76
182.0,bike_flow_1.39,ped_20,8.86,14.24,0.62
182.0,bike_flow_1.39,ped_3,5.65,14.24,0.4
182.0,bike_flow_1.39,ped_5,5.04,14.24,0.35
182.0,car_flow_2.34,ped_19,18.45,10.91,1.69
182.0,car_flow_2.34,ped_20,14.93,10.91,1.37
182.0,car_flow_2.34,ped_3,6.22,10.91,0.57
182.0,car_flow_2.34,ped_5,6.65,10.91,0.61
183.0,auto_flow_1.33,ped_19,7.02,9.7,0.72
183.0,auto_flow_1.33,ped_20,10.94,9.7,1.13
183.0,bike_flow_1.39,ped_3,8.61,13.88,0.62
183.0,bike_flow_1.39,ped_5,9.24,13.88,0.67
183.0,car_flow_1.40,ped_19,13.43,12.42,1.08
183.0,car_flow_1.40,ped_20,17.26,12.42,1.39
183.0,car_flow_2.34,ped_19,10.09,9.85,1.02
183.0,car_flow_2.34,ped_20,6.28,9.85,0.64
183.0,car_flow_2.34,ped_3,7.61,9.85,0.77
183.0,car_flow_2.34,ped_5,7.12,9.85,0.72
184.0,auto_flow_1.33,ped_19,15.42,10.21,1.51
184.0,auto_flow_1.33,ped_20,19.82,10.21,1.94
184.0,auto_flow_1.34,ped_3,17.85,10.55,1.69
184.0,auto_flow_1.34,ped_5,18.47,10.55,1.75
184.0,car_flow_1.40,ped_19,6.56,11.88,0.55
184.0,car_flow_1.40,ped_20,6.78,11.88,0.57
184.0,car_flow_1.40,ped_3,15.48,11.88,1.3
184.0,car_flow_1.40,ped_5,14.84,11.88,1.25
184.0,car_flow_2.34,ped_19,3.37,9.87,0.34
184.0,car_flow_2.34,ped_20,4.47,9.87,0.45
184.0,car_flow_2.34,ped_3,16.48,9.87,1.67
184.0,car_flow_2.34,ped_5,15.87,9.87,1.61
185.0,auto_flow_1.34,ped_3,8.67,9.98,0.87
185.0,auto_flow_1.34,ped_5,9.21,9.98,0.92
185.0,bike_flow_1.40,ped_19,11.4,13.1,0.87
185.0,bike_flow_1.40,ped_20,15.4,13.1,1.18
185.0,car_flow_1.40,ped_19,16.57,12.59,1.32
185.0,car_flow_1.40,ped_20,12.47,12.59,0.99
185.0,car_flow_1.40,ped_3,3.23,12.59,0.26
185.0,car_flow_1.40,ped_5,2.69,12.59,0.21
185.0,car_flow_2.34,ped_19,7.75,9.38,0.83
185.0,car_flow_2.34,ped_20,12.07,9.38,1.29
186.0,auto_flow_1.34,ped_19,17.18,9.6,1.79
186.0,auto_flow_1.34,ped_20,12.76,9.6,1.33
186.0,auto_flow_1.34,ped_3,5.36,9.6,0.56
186.0,auto_flow_1.34,ped_5,5.11,9.6,0.53
186.0,bike_flow_1.40,ped_19,8.59,13.99,0.61
186.0,bike_flow_1.40,ped_20,6.51,13.99,0.47
186.0,bike_flow_1.40,ped_3,13.62,13.99,0.97
186.0,bike_flow_1.40,ped_5,12.99,13.99,0.93
186.0,car_flow_1.40,ped_3,9.05,11.71,0.77
186.0,car_flow_1.40,ped_5,9.68,11.71,0.83
186.0,car_flow_1.41,ped_19,17.09,13.57,1.26
186.0,car_flow_2.35,ped_3,15.88,9.75,1.63
186.0,car_flow_2.35,ped_5,16.49,9.75,1.69
187.0,auto_flow_1.34,ped_19,8.44,10.28,0.82
187.0,auto_flow_1.34,ped_20,4.62,10.28,0.45
187.0,auto_flow_1.34,ped_3,13.55,10.28,1.32
187.0,auto_flow_1.34,ped_5,12.95,10.28,1.26
187.0,bike_flow_1.40,ped_20,16.11,12.31,1.31
187.0,bike_flow_1.40,ped_3,2.02,12.31,0.16
187.0,bike_flow_1.40,ped_5,1.71,12.31,0.14
187.0,car_flow_1.41,ped_19,6.59,13.07,0.5
187.0,car_flow_1.41,ped_20,8.79,13.07,0.67
187.0,car_flow_2.35,ped_3,7.05,9.98,0.71
187.0,car_flow_2.35,ped_5,7.53,9.98,0.75
188.0,auto_flow_1.34,ped_19,3.36,10.19,0.33
188.0,auto_flow_1.34,ped_20,6.49,10.19,0.64
188.0,bike_flow_1.40,ped_3,12.17,13.29,0.92
188.0,bike_flow_1.40,ped_5,12.81,13.29,0.96
188.0,car_flow_1.41,ped_19,14.04,12.7,1.11
188.0,car_flow_1.41,ped_20,10.15,12.7,0.8
188.0,car_flow_1.41,ped_3,9.47,12.7,0.75
188.0,car_flow_1.41,ped_5,8.84,12.7,0.7
188.0,car_flow_2.35,ped_19,16.63,10.66,1.56
188.0,car_flow_2.35,ped_20,12.13,10.66,1.14
188.0,car_flow_2.35,ped_3,7.31,10.66,0.69
188.0,car_flow_2.35,ped_5,6.84,10.66,0.64
189.0,auto_flow_1.34,ped_19,10.02,9.7,1.03
189.0,auto_flow_1.34,ped_20,14.27,9.7,1.47
189.0,auto_flow_1.35,ped_3,19.86,10.95,1.81
189.0,bike_flow_1.41,ped_19,6.98,12.37,0.56
189.0,bike_flow_1.41,ped_20,9.63,12.37,0.78
189.0,car_flow_1.41,ped_3,4.36,13.39,0.33
189.0,car_flow_1.41,ped_5,4.96,13.39,0.37
189.0,car_flow_2.35,ped_19,8.17,10.04,0.81
189.0,car_flow_2.35,ped_20,4.45,10.04,0.44
189.0,car_flow_2.35,ped_3,16.27,10.04,1.62
189.0,car_flow_2.35,ped_5,15.66,10.04,1.56
190.0,auto_flow_1.35,ped_3,9.91,10.6,0.94
190.0,auto_flow_1.35,ped_5,10.48,10.6,0.99
190.0,bike_flow_1.41,ped_19,12.34,11.98,1.03
190.0,bike_flow_1.41,ped_20,8.91,11.98,0.74
190.0,bike_flow_1.41,ped_3,13.95,11.98,1.16
190.0,bike_flow_1.41,ped_5,13.31,11.98,1.11
190.0,car_flow_1.41,ped_3,15.44,11.29,1.37
190.0,car_flow_1.41,ped_5,16.07,11.29,1.42
190.0,car_flow_1.42,ped_19,11.38,12.89,0.88
190.0,car_flow_1.42,ped_20,15.17,12.89,1.18
190.0,car_flow_2.35,ped_19,3.46,10.16,0.34
190.0,car_flow_2.35,ped_20,6.5,10.16,0.64
191.0,auto_flow_1.35,ped_3,4.98,9.99,0.5
191.0,auto_flow_1.35,ped_5,4.85,9.99,0.49
191.0,bike_flow_1.41,ped_3,2.51,11.93,0.21
191.0,bike_flow_1.41,ped_5,2.06,11.93,0.17
191.0,car_flow_1.42,ped_19,7.51,12.1,0.62
191.0,car_flow_1.42,ped_20,6.41,12.1,0.53
192.0,auto_flow_1.35,ped_19,15.54,10.28,1.51
192.0,auto_flow_1.35,ped_20,11.6,10.28,1.13
192.0,auto_flow_1.35,ped_3,12.56,10.28,1.22
192.0,auto_flow_1.35,ped_5,11.97,10.28,1.16
192.0,bike_flow_1.41,ped_3,11.04,12.85,0.86
192.0,bike_flow_1.41,ped_5,11.68,12.85,0.91
192.0,car_flow_1.42,ped_19,18.33,12.08,1.52
192.0,car_flow_1.42,ped_20,14.6,12.08,1.21
192.0,car_flow_1.42,ped_3,9.76,12.08,0.81
192.0,car_flow_1.42,ped_5,9.13,12.08,0.76
192.0,car_flow_2.36,ped_3,11.82,12.43,0.95
192.0,car_flow_2.36,ped_5,12.41,12.43,1.0
193.0,auto_flow_1.35,ped_19,6.54,10.63,0.61
193.0,auto_flow_1.35,ped_20,3.62,10.63,0.34
193.0,car_flow_1.42,ped_3,3.48,12.72,0.27
193.0,car_flow_1.42,ped_5,4.06,12.72,0.32
193.0,car_flow_2.36,ped_3,5.07,12.44,0.41
193.0,car_flow_2.36,ped_5,4.91,12.44,0.39
194.0,auto_flow_1.35,ped_19,4.83,10.54,0.46
194.0,auto_flow_1.35,ped_20,8.25,10.54,0.78
194.0,bike_flow_1.42,ped_19,6.75,11.23,0.6
194.0,bike_flow_1.42,ped_20,6.66,11.23,0.59
194.0,car_flow_1.42,ped_3,16.6,13.43,1.24
194.0,car_flow_1.42,ped_5,17.24,13.43,1.28
194.0,car_flow_2.36,ped_19,16.15,11.69,1.38
194.0,car_flow_2.36,ped_20,12.27,11.69,1.05
194.0,car_flow_2.36,ped_3,14.16,11.69,1.21
194.0,car_flow_2.36,ped_5,13.56,11.69,1.16
195.0,bike_flow_1.42,ped_19,17.15,12.52,1.37
195.0,bike_flow_1.42,ped_20,13.62,12.52,1.09
195.0,bike_flow_1.42,ped_3,14.58,12.52,1.16
195.0,bike_flow_1.42,ped_5,13.94,12.52,1.11
195.0,car_flow_2.36,ped_19,6.46,11.47,0.56
195.0,car_flow_2.36,ped_20,3.63,11.47,0.32
196.0,bike_flow_1.42,ped_3,1.92,13.43,0.14
196.0,bike_flow_1.42,ped_5,1.66,13.43,0.12
196.0,car_flow_1.43,ped_19,11.08,12.84,0.86
196.0,car_flow_1.43,ped_20,8.19,12.84,0.64
196.0,car_flow_2.36,ped_19,4.86,10.54,0.46
196.0,car_flow_2.36,ped_20,8.24,10.54,0.78
197.0,bike_flow_1.42,ped_3,12.15,13.11,0.93
197.0,bike_flow_1.42,ped_5,12.78,13.11,0.98
197.0,car_flow_1.43,ped_3,9.78,12.99,0.75
197.0,car_flow_1.43,ped_5,9.15,12.99,0.7
198.0,auto_flow_1.36,ped_3,11.24,9.66,1.16
198.0,auto_flow_1.36,ped_5,11.82,9.66,1.22
198.0,car_flow_1.43,ped_3,3.91,13.21,0.3
198.0,car_flow_1.43,ped_5,4.5,13.21,0.34
199.0,auto_flow_1.36,ped_3,4.83,9.66,0.5
199.0,auto_flow_1.36,ped_5,4.94,9.66,0.51
199.0,bike_flow_1.43,ped_20,6.76,9.66,0.7
199.0,car_flow_1.43,ped_3,15.68,12.03,1.3
199.0,car_flow_1.43,ped_5,16.32,12.03,1.36
199.0,car_flow_2.37,ped_3,18.36,9.97,1.84
199.0,car_flow_2.37,ped_5,18.97,9.97,1.9
200.0,auto_flow_1.36,ped_3,11.35,10.78,1.05
200.0,auto_flow_1.36,ped_5,10.77,10.78,1.0
200.0,bike_flow_1.43,ped_20,11.8,10.79,1.09
200.0,car_flow_2.37,ped_3,9.06,10.03,0.9
200.0,car_flow_2.37,ped_5,9.61,10.03,0.96
201.0,auto_flow_1.36,ped_20,14.54,9.66,1.51
201.0,auto_flow_1.36,ped_5,19.89,9.66,2.06
201.0,auto_flow_1.37,ped_3,19.52,9.23,2.11
201.0,bike_flow_1.43,ped_3,11.44,11.64,0.98
201.0,bike_flow_1.43,ped_5,10.81,11.64,0.93
201.0,car_flow_1.44,ped_20,6.72,10.89,0.62
201.0,car_flow_2.37,ped_3,5.72,10.79,0.53
201.0,car_flow_2.37,ped_5,5.4,10.79,0.5
202.0,auto_flow_1.37,ped_3,10.03,10.12,0.99
202.0,auto_flow_1.37,ped_5,10.59,10.12,1.05
202.0,bike_flow_1.43,ped_3,1.61,11.39,0.14
202.0,bike_flow_1.43,ped_5,1.75,11.39,0.15
202.0,car_flow_1.44,ped_5,19.8,11.7,1.69
202.0,car_flow_2.37,ped_3,13.29,9.28,1.43
202.0,car_flow_2.37,ped_5,12.69,9.28,1.37
203.0,auto_flow_1.37,ped_3,4.94,9.96,0.5
203.0,auto_flow_1.37,ped_5,4.83,9.96,0.49
203.0,bike_flow_1.43,ped_3,9.87,9.68,1.02
203.0,bike_flow_1.43,ped_5,10.5,9.68,1.09
203.0,car_flow_1.44,ped_3,9.18,11.33,0.81
203.0,car_flow_1.44,ped_5,8.55,11.33,0.75
203.0,car_flow_2.38,ped_3,18.19,10.9,1.67
203.0,car_flow_2.38,ped_5,18.8,10.9,1.72
204.0,auto_flow_1.37,ped_3,11.81,9.63,1.23
204.0,auto_flow_1.37,ped_5,11.23,9.63,1.17
204.0,car_flow_1.44,ped_3,1.8,9.87,0.18
204.0,car_flow_1.44,ped_5,2.17,9.87,0.22
204.0,car_flow_2.38,ped_3,8.26,10.83,0.76
204.0,car_flow_2.38,ped_5,8.79,10.83,0.81
205.0,bike_flow_1.44,ped_3,14.98,11.29,1.33
205.0,bike_flow_1.44,ped_5,14.35,11.29,1.27
205.0,car_flow_1.44,ped_3,12.03,11.1,1.08
205.0,car_flow_1.44,ped_5,12.66,11.1,1.14
205.0,car_flow_2.38,ped_3,5.97,10.25,0.58
205.0,car_flow_2.38,ped_5,5.61,10.25,0.55
206.0,bike_flow_1.44,ped_3,3.99,11.24,0.36
206.0,bike_flow_1.44,ped_5,3.42,11.24,0.3
206.0,car_flow_2.38,ped_3,15.1,10.78,1.4
206.0,car_flow_2.38,ped_5,14.5,10.78,1.35
207.0,auto_flow_1.38,ped_3,10.69,10.87,0.98
207.0,auto_flow_1.38,ped_5,11.27,10.87,1.04
207.0,bike_flow_1.44,ped_3,9.1,12.61,0.72
207.0,bike_flow_1.44,ped_5,9.73,12.61,0.77
208.0,auto_flow_1.38,ped_3,4.96,10.8,0.46
208.0,auto_flow_1.38,ped_5,4.84,10.8,0.45
208.0,car_flow_1.45,ped_3,12.38,10.66,1.16
208.0,car_flow_1.45,ped_5,11.75,10.66,1.1
208.0,car_flow_2.39,ped_3,18.04,10.58,1.71
208.0,car_flow_2.39,ped_5,18.66,10.58,1.76
209.0,auto_flow_1.38,ped_3,12.43,10.21,1.22
209.0,auto_flow_1.38,ped_5,11.84,10.21,1.16
209.0,car_flow_1.45,ped_3,2.1,10.92,0.19
209.0,car_flow_1.45,ped_5,1.76,10.92,0.16
209.0,car_flow_2.39,ped_3,7.75,11.31,0.69
209.0,car_flow_2.39,ped_5,8.26,11.31,0.73
210.0,bike_flow_1.45,ped_3,11.17,11.91,0.94
210.0,bike_flow_1.45,ped_5,10.54,11.91,0.88
210.0,car_flow_1.45,ped_3,9.77,10.99,0.89
210.0,car_flow_1.45,ped_5,10.4,10.99,0.95
210.0,car_flow_2.39,ped_3,6.33,10.2,0.62
210.0,car_flow_2.39,ped_5,5.93,10.2,0.58
211.0,bike_flow_1.45,ped_3,1.65,11.43,0.14
211.0,bike_flow_1.45,ped_5,1.9,11.43,0.17
211.0,car_flow_1.46,ped_3,18.51,11.8,1.57
211.0,car_flow_1.46,ped_5,17.87,11.8,1.51
211.0,car_flow_2.39,ped_3,16.0,11.14,1.44
211.0,car_flow_2.39,ped_5,15.39,11.14,1.38
212.0,bike_flow_1.45,ped_3,12.31,11.83,1.04
212.0,bike_flow_1.45,ped_5,12.94,11.83,1.09
212.0,car_flow_1.46,ped_3,6.87,11.77,0.58
212.0,car_flow_1.46,ped_5,6.25,11.77,0.53
213.0,bike_flow_1.46,ped_3,18.97,12.65,1.5
213.0,bike_flow_1.46,ped_5,18.33,12.65,1.45
213.0,car_flow_1.46,ped_3,5.07,11.48,0.44
213.0,car_flow_1.46,ped_5,5.68,11.48,0.49
214.0,auto_flow_1.39,ped_3,11.58,10.4,1.11
214.0,auto_flow_1.39,ped_5,12.16,10.4,1.17
214.0,bike_flow_1.46,ped_3,7.15,11.93,0.6
214.0,bike_flow_1.46,ped_5,6.53,11.93,0.55
214.0,car_flow_1.46,ped_3,14.54,9.65,1.51
214.0,car_flow_1.46,ped_5,15.18,9.65,1.57
215.0,auto_flow_1.39,ped_3,4.89,9.64,0.51
215.0,auto_flow_1.39,ped_5,5.04,9.64,0.52
215.0,bike_flow_1.46,ped_3,4.48,11.16,0.4
215.0,bike_flow_1.46,ped_5,5.09,11.16,0.46
215.0,car_flow_1.47,ped_3,14.97,11.87,1.26
215.0,car_flow_1.47,ped_5,14.33,11.87,1.21
215.0,car_flow_2.40,ped_3,17.37,10.49,1.66
215.0,car_flow_2.40,ped_5,17.99,10.49,1.71
216.0,auto_flow_1.39,ped_3,10.27,9.96,1.03
216.0,auto_flow_1.39,ped_5,9.71,9.96,0.97
216.0,bike_flow_1.46,ped_3,14.41,10.14,1.42
216.0,bike_flow_1.46,ped_5,15.05,10.14,1.48
216.0,car_flow_1.47,ped_3,4.31,10.89,0.4
216.0,car_flow_1.47,ped_5,3.72,10.89,0.34
216.0,car_flow_2.40,ped_3,8.4,9.8,0.86
216.0,car_flow_2.40,ped_5,8.94,9.8,0.91
217.0,auto_flow_1.39,ped_5,19.75,10.73,1.84
217.0,car_flow_1.47,ped_3,6.1,9.88,0.62
217.0,car_flow_1.47,ped_5,6.72,9.88,0.68
217.0,car_flow_2.40,ped_3,5.33,9.2,0.58
217.0,car_flow_2.40,ped_5,5.09,9.2,0.55
218.0,auto_flow_1.40,ped_3,10.79,10.31,1.05
218.0,auto_flow_1.40,ped_5,11.37,10.31,1.1
218.0,bike_flow_1.47,ped_3,16.74,11.6,1.44
218.0,bike_flow_1.47,ped_5,16.1,11.6,1.39
218.0,car_flow_1.47,ped_3,16.12,10.16,1.59
218.0,car_flow_1.47,ped_5,16.76,10.16,1.65
218.0,car_flow_2.40,ped_3,14.02,10.86,1.29
218.0,car_flow_2.40,ped_5,13.42,10.86,1.24
219.0,auto_flow_1.40,ped_3,4.97,10.93,0.45
219.0,auto_flow_1.40,ped_5,4.84,10.93,0.44
219.0,bike_flow_1.47,ped_3,6.66,10.19,0.65
219.0,bike_flow_1.47,ped_5,6.04,10.19,0.59
219.0,car_flow_2.41,ped_3,19.03,11.23,1.69
219.0,car_flow_2.41,ped_5,19.65,11.23,1.75
220.0,auto_flow_1.40,ped_25,19.85,10.33,1.92
220.0,auto_flow_1.40,ped_3,12.55,10.33,1.21
220.0,auto_flow_1.40,ped_5,11.96,10.33,1.16
220.0,bike_flow_1.47,ped_3,4.82,11.02,0.44
220.0,bike_flow_1.47,ped_5,5.43,11.02,0.49
220.0,car_flow_2.41,ped_3,8.57,11.31,0.76
220.0,car_flow_2.41,ped_5,9.11,11.31,0.81
221.0,bike_flow_1.47,ped_3,16.09,11.46,1.4
221.0,bike_flow_1.47,ped_5,16.73,11.46,1.46
221.0,car_flow_2.41,ped_25,19.32,11.28,1.71
221.0,car_flow_2.41,ped_3,6.37,11.28,0.56
221.0,car_flow_2.41,ped_5,5.97,11.28,0.53
222.0,car_flow_1.48,ped_3,11.1,10.91,1.02
222.0,car_flow_1.48,ped_5,10.46,10.91,0.96
222.0,car_flow_2.41,ped_25,17.48,9.89,1.77
222.0,car_flow_2.41,ped_3,14.87,9.89,1.5
222.0,car_flow_2.41,ped_5,14.26,9.89,1.44
223.0,auto_flow_1.41,ped_3,11.73,9.69,1.21
223.0,auto_flow_1.41,ped_5,12.31,9.69,1.27
223.0,car_flow_1.48,ped_3,1.61,10.93,0.15
223.0,car_flow_1.48,ped_5,1.71,10.93,0.16
224.0,auto_flow_1.41,ped_25,17.92,10.41,1.72
224.0,auto_flow_1.41,ped_3,4.81,10.41,0.46
224.0,auto_flow_1.41,ped_5,4.89,10.41,0.47
224.0,bike_flow_1.48,ped_25,18.8,11.96,1.57
224.0,bike_flow_1.48,ped_3,16.64,11.96,1.39
224.0,bike_flow_1.48,ped_5,16.0,11.96,1.34
224.0,car_flow_1.48,ped_3,11.64,11.58,1.01
224.0,car_flow_1.48,ped_5,12.27,11.58,1.06
224.0,car_flow_2.42,ped_3,19.48,10.7,1.82
225.0,auto_flow_1.41,ped_25,13.26,10.33,1.28
225.0,auto_flow_1.41,ped_3,11.13,10.33,1.08
225.0,auto_flow_1.41,ped_5,10.56,10.33,1.02
225.0,bike_flow_1.48,ped_25,17.28,11.6,1.49
225.0,bike_flow_1.48,ped_3,5.21,11.6,0.45
225.0,bike_flow_1.48,ped_5,4.61,11.6,0.4
225.0,car_flow_2.42,ped_3,9.49,10.69,0.89
225.0,car_flow_2.42,ped_5,10.05,10.69,0.94
226.0,auto_flow_1.41,ped_25,15.31,9.85,1.55
226.0,auto_flow_1.41,ped_5,19.85,9.85,2.01
226.0,bike_flow_1.48,ped_3,5.68,10.41,0.55
226.0,bike_flow_1.48,ped_5,6.3,10.41,0.6
226.0,car_flow_1.49,ped_25,20.0,12.7,1.57
226.0,car_flow_2.42,ped_25,13.97,11.08,1.26
226.0,car_flow_2.42,ped_3,5.61,11.08,0.51
226.0,car_flow_2.42,ped_5,5.3,11.08,0.48
227.0,bike_flow_1.48,ped_3,15.03,9.49,1.58
227.0,bike_flow_1.48,ped_5,15.66,9.49,1.65
227.0,car_flow_1.49,ped_25,13.64,13.0,1.05
227.0,car_flow_1.49,ped_3,10.5,13.0,0.81
227.0,car_flow_1.49,ped_5,9.86,13.0,0.76
227.0,car_flow_2.42,ped_25,10.87,10.37,1.05
227.0,car_flow_2.42,ped_3,14.1,10.37,1.36
227.0,car_flow_2.42,ped_5,13.5,10.37,1.3
228.0,auto_flow_1.42,ped_3,18.45,9.72,1.9
228.0,auto_flow_1.42,ped_5,19.07,9.72,1.96
228.0,bike_flow_1.49,ped_25,17.7,13.14,1.35
228.0,car_flow_1.49,ped_25,17.48,12.48,1.4
228.0,car_flow_1.49,ped_3,2.65,12.48,0.21
228.0,car_flow_1.49,ped_5,3.18,12.48,0.25
228.0,car_flow_2.42,ped_25,15.65,9.66,1.62
229.0,auto_flow_1.42,ped_25,18.98,10.75,1.77
229.0,auto_flow_1.42,ped_3,8.55,10.75,0.8
229.0,auto_flow_1.42,ped_5,9.08,10.75,0.84
229.0,bike_flow_1.49,ped_25,11.04,11.78,0.94
229.0,bike_flow_1.49,ped_3,11.23,11.78,0.95
229.0,bike_flow_1.49,ped_5,10.6,11.78,0.9
229.0,car_flow_1.49,ped_3,13.71,11.51,1.19
229.0,car_flow_1.49,ped_5,14.34,11.51,1.25
230.0,auto_flow_1.42,ped_25,9.31,10.57,0.88
230.0,auto_flow_1.42,ped_3,5.94,10.57,0.56
230.0,auto_flow_1.42,ped_5,5.59,10.57,0.53
230.0,bike_flow_1.49,ped_25,14.67,11.95,1.23
230.0,bike_flow_1.49,ped_3,1.81,11.95,0.15
230.0,bike_flow_1.49,ped_5,2.18,11.95,0.18
230.0,car_flow_2.43,ped_3,14.62,11.22,1.3
230.0,car_flow_2.43,ped_5,15.23,11.22,1.36
231.0,auto_flow_1.42,ped_25,6.05,9.8,0.62
231.0,auto_flow_1.42,ped_3,14.14,9.8,1.44
231.0,auto_flow_1.42,ped_5,13.54,9.8,1.38
231.0,bike_flow_1.49,ped_3,11.68,10.74,1.09
231.0,bike_flow_1.49,ped_5,12.31,10.74,1.15
231.0,car_flow_2.43,ped_25,14.0,10.61,1.32
231.0,car_flow_2.43,ped_3,5.77,10.61,0.54
231.0,car_flow_2.43,ped_5,6.15,10.61,0.58
232.0,auto_flow_1.42,ped_25,14.07,10.46,1.35
232.0,auto_flow_1.43,ped_3,19.99,10.54,1.9
232.0,car_flow_1.50,ped_25,12.14,10.4,1.17
232.0,car_flow_1.50,ped_5,19.5,10.4,1.88
232.0,car_flow_2.43,ped_25,5.6,9.45,0.59
232.0,car_flow_2.43,ped_3,7.89,9.45,0.83
232.0,car_flow_2.43,ped_5,7.39,9.45,0.78
233.0,auto_flow_1.43,ped_25,19.92,10.49,1.9
233.0,auto_flow_1.43,ped_3,10.13,10.49,0.97
233.0,auto_flow_1.43,ped_5,10.69,10.49,1.02
233.0,car_flow_1.50,ped_25,6.06,9.88,0.61
233.0,car_flow_1.50,ped_3,10.32,9.88,1.04
233.0,car_flow_1.50,ped_5,9.69,9.88,0.98
233.0,car_flow_2.43,ped_25,6.7,10.62,0.63
233.0,car_flow_2.43,ped_3,17.55,10.62,1.65
233.0,car_flow_2.43,ped_5,16.93,10.62,1.59
234.0,auto_flow_1.43,ped_25,9.74,10.2,0.95
234.0,auto_flow_1.43,ped_3,4.97,10.2,0.49
234.0,auto_flow_1.43,ped_5,4.85,10.2,0.48
234.0,bike_flow_1.50,ped_25,12.13,10.7,1.13
234.0,car_flow_1.50,ped_25,11.55,9.79,1.18
234.0,car_flow_1.50,ped_3,1.66,9.79,0.17
234.0,car_flow_1.50,ped_5,1.62,9.79,0.17
234.0,car_flow_2.43,ped_25,15.93,9.85,1.62
235.0,auto_flow_1.43,ped_25,1.76,10.15,0.17
235.0,auto_flow_1.43,ped_3,12.4,10.15,1.22
235.0,auto_flow_1.43,ped_5,11.82,10.15,1.16
235.0,bike_flow_1.50,ped_25,5.45,8.65,0.63
235.0,bike_flow_1.50,ped_3,13.43,8.65,1.55
235.0,bike_flow_1.50,ped_5,12.79,8.65,1.48
235.0,car_flow_1.50,ped_3,9.82,10.1,0.97
235.0,car_flow_1.50,ped_5,10.45,10.1,1.04
236.0,auto_flow_1.43,ped_25,11.42,10.74,1.06
236.0,bike_flow_1.50,ped_25,8.42,9.32,0.9
236.0,bike_flow_1.50,ped_3,4.32,9.32,0.46
236.0,bike_flow_1.50,ped_5,3.73,9.32,0.4
236.0,car_flow_1.50,ped_3,19.86,10.11,1.96
236.0,car_flow_1.51,ped_25,13.06,10.95,1.19
237.0,bike_flow_1.50,ped_25,18.38,10.85,1.69
237.0,bike_flow_1.50,ped_3,7.03,10.85,0.65
237.0,bike_flow_1.50,ped_5,7.65,10.85,0.71
237.0,bike_flow_2.1,ped_25,3.07,2.6,1.18
237.0,car_flow_1.51,ped_25,5.34,9.92,0.54
237.0,car_flow_1.51,ped_3,13.17,9.92,1.33
237.0,car_flow_1.51,ped_5,12.54,9.92,1.26
237.0,car_flow_2.44,ped_3,16.05,9.47,1.7
237.0,car_flow_2.44,ped_5,16.66,9.47,1.76
238.0,bike_flow_1.50,ped_3,18.32,11.41,1.61
238.0,bike_flow_1.50,ped_5,18.96,11.41,1.66
238.0,bike_flow_1.51,ped_25,18.01,12.27,1.47
238.0,bike_flow_2.1,ped_25,1.45,3.99,0.36
238.0,bike_flow_2.1,ped_5,11.55,3.99,2.9
238.0,car_flow_1.51,ped_25,10.48,11.48,0.91
238.0,car_flow_1.51,ped_3,2.27,11.48,0.2
238.0,car_flow_1.51,ped_5,1.87,11.48,0.16
238.0,car_flow_2.44,ped_25,16.67,9.61,1.73
238.0,car_flow_2.44,ped_3,7.46,9.61,0.78
238.0,car_flow_2.44,ped_5,7.96,9.61,0.83
239.0,bike_flow_1.51,ped_25,6.69,12.75,0.52
239.0,bike_flow_1.51,ped_3,15.55,12.75,1.22
239.0,bike_flow_1.51,ped_5,14.91,12.75,1.17
239.0,bike_flow_2.1,ped_25,5.85,5.46,1.07
239.0,car_flow_1.51,ped_3,10.16,11.63,0.87
239.0,car_flow_1.51,ped_5,10.79,11.63,0.93
239.0,car_flow_2.44,ped_25,8.52,8.23,1.03
239.0,car_flow_2.44,ped_3,5.43,8.23,0.66
239.0,car_flow_2.44,ped_5,5.16,8.23,0.63
240.0,auto_flow_1.44,ped_3,10.72,9.92,1.08
240.0,auto_flow_1.44,ped_5,11.3,9.92,1.14
240.0,bike_flow_1.51,ped_25,9.68,12.95,0.75
240.0,bike_flow_1.51,ped_3,2.98,12.95,0.23
240.0,bike_flow_1.51,ped_5,2.46,12.95,0.19
240.0,bike_flow_2.1,ped_25,13.82,8.12,1.7
240.0,car_flow_1.51,ped_3,19.68,9.58,2.05
240.0,car_flow_2.44,ped_25,2.18,6.96,0.31
240.0,car_flow_2.44,ped_3,10.63,6.96,1.53
240.0,car_flow_2.44,ped_5,10.07,6.96,1.45
241.0,auto_flow_1.44,ped_25,12.01,8.57,1.4
241.0,auto_flow_1.44,ped_3,4.91,8.57,0.57
241.0,auto_flow_1.44,ped_5,5.08,8.57,0.59
241.0,bike_flow_1.51,ped_25,18.12,9.08,2.0
241.0,bike_flow_1.51,ped_3,6.76,9.08,0.74
241.0,bike_flow_1.51,ped_5,7.38,9.08,0.81
241.0,car_flow_1.52,ped_25,10.7,13.57,0.79
241.0,car_flow_1.52,ped_5,19.83,13.57,1.46
241.0,car_flow_2.44,ped_25,7.21,8.41,0.86
241.0,car_flow_2.44,ped_3,18.53,8.41,2.2
241.0,car_flow_2.44,ped_5,17.91,8.41,2.13
242.0,auto_flow_1.44,ped_25,4.37,7.85,0.56
242.0,auto_flow_1.44,ped_3,8.36,7.85,1.06
242.0,auto_flow_1.44,ped_5,7.84,7.85,1.0
242.0,bike_flow_1.51,ped_3,18.18,11.54,1.58
242.0,bike_flow_1.51,ped_5,18.81,11.54,1.63
242.0,car_flow_1.52,ped_25,5.68,12.45,0.46
242.0,car_flow_1.52,ped_3,8.11,12.45,0.65
242.0,car_flow_1.52,ped_5,7.49,12.45,0.6
242.0,car_flow_2.44,ped_25,16.02,8.92,1.8
243.0,auto_flow_1.44,ped_25,5.68,9.47,0.6
243.0,auto_flow_1.44,ped_3,17.01,9.47,1.79
243.0,auto_flow_1.44,ped_5,16.39,9.47,1.73
243.0,bike_flow_1.52,ped_25,12.45,12.99,0.96
243.0,car_flow_1.52,ped_25,17.24,13.62,1.27
243.0,car_flow_1.52,ped_3,5.89,13.62,0.43
243.0,car_flow_1.52,ped_5,6.5,13.62,0.48
244.0,auto_flow_1.44,ped_25,15.16,9.64,1.57
244.0,bike_flow_1.52,ped_25,5.0,12.67,0.39
244.0,bike_flow_1.52,ped_3,9.8,12.67,0.77
244.0,bike_flow_1.52,ped_5,9.17,12.67,0.72
244.0,car_flow_1.52,ped_3,17.5,11.77,1.49
244.0,car_flow_1.52,ped_5,18.14,11.77,1.54
244.0,car_flow_2.45,ped_3,12.05,9.66,1.25
244.0,car_flow_2.45,ped_5,12.64,9.66,1.31
245.0,bike_flow_1.52,ped_25,15.36,13.35,1.15
245.0,bike_flow_1.52,ped_3,4.02,13.35,0.3
245.0,bike_flow_1.52,ped_5,4.62,13.35,0.35
245.0,car_flow_1.53,ped_25,9.85,13.55,0.73
245.0,car_flow_1.53,ped_3,19.52,13.55,1.44
245.0,car_flow_1.53,ped_5,18.89,13.55,1.39
245.0,car_flow_2.45,ped_25,11.72,10.33,1.13
245.0,car_flow_2.45,ped_3,4.86,10.33,0.47
245.0,car_flow_2.45,ped_5,4.99,10.33,0.48
246.0,auto_flow_1.45,ped_3,12.71,10.53,1.21
246.0,auto_flow_1.45,ped_5,13.31,10.53,1.26
246.0,bike_flow_1.52,ped_3,15.98,12.21,1.31
246.0,bike_flow_1.52,ped_5,16.62,12.21,1.36
246.0,car_flow_1.53,ped_25,6.67,13.15,0.51
246.0,car_flow_1.53,ped_3,6.51,13.15,0.49
246.0,car_flow_1.53,ped_5,5.89,13.15,0.45
246.0,car_flow_2.45,ped_25,2.42,9.83,0.25
246.0,car_flow_2.45,ped_3,10.3,9.83,1.05
246.0,car_flow_2.45,ped_5,9.74,9.83,0.99
247.0,auto_flow_1.45,ped_25,13.55,9.2,1.47
247.0,auto_flow_1.45,ped_3,5.45,9.2,0.59
247.0,auto_flow_1.45,ped_5,5.78,9.2,0.63
247.0,car_flow_1.53,ped_25,18.41,13.18,1.4
247.0,car_flow_1.53,ped_28,17.29,13.18,1.31
247.0,car_flow_1.53,ped_3,7.06,13.18,0.54
247.0,car_flow_1.53,ped_5,7.69,13.18,0.58
247.0,car_flow_2.45,ped_25,8.07,9.67,0.83
247.0,car_flow_2.45,ped_3,19.39,9.67,2.0
247.0,car_flow_2.45,ped_5,18.77,9.67,1.94
247.0,car_flow_2.46,ped_28,4.72,10.38,0.46
248.0,auto_flow_1.45,ped_25,4.23,9.56,0.44
248.0,auto_flow_1.45,ped_3,8.48,9.56,0.89
248.0,auto_flow_1.45,ped_5,7.96,9.56,0.83
248.0,car_flow_1.53,ped_28,6.89,12.11,0.57
248.0,car_flow_1.53,ped_3,19.05,12.11,1.57
248.0,car_flow_1.53,ped_5,19.69,12.11,1.63
248.0,car_flow_2.45,ped_25,17.99,10.01,1.8
248.0,car_flow_2.46,ped_28,11.77,9.26,1.27
248.0,car_flow_2.46,ped_3,11.27,9.26,1.22
248.0,car_flow_2.46,ped_5,11.86,9.26,1.28
249.0,auto_flow_1.45,ped_25,5.87,9.52,0.62
249.0,auto_flow_1.45,ped_3,17.19,9.52,1.81
249.0,auto_flow_1.45,ped_5,16.58,9.52,1.74
249.0,auto_flow_1.46,ped_28,3.37,9.75,0.35
249.0,bike_flow_1.53,ped_25,10.5,12.59,0.83
249.0,bike_flow_1.53,ped_5,19.62,12.59,1.56
249.0,car_flow_2.46,ped_25,11.65,9.55,1.22
249.0,car_flow_2.46,ped_28,19.8,9.55,2.07
249.0,car_flow_2.46,ped_3,4.85,9.55,0.51
249.0,car_flow_2.46,ped_5,4.98,9.55,0.52
250.0,auto_flow_1.45,ped_25,15.3,9.58,1.6
250.0,auto_flow_1.46,ped_28,8.05,9.81,0.82
250.0,auto_flow_1.46,ped_3,12.39,9.81,1.26
250.0,auto_flow_1.46,ped_5,12.98,9.81,1.32
250.0,bike_flow_1.53,ped_25,5.42,11.74,0.46
250.0,bike_flow_1.53,ped_3,8.6,11.74,0.73
250.0,bike_flow_1.53,ped_5,7.97,11.74,0.68
250.0,car_flow_2.46,ped_25,2.63,9.48,0.28
250.0,car_flow_2.46,ped_3,10.05,9.48,1.06
250.0,car_flow_2.46,ped_5,9.49,9.48,1.0
251.0,auto_flow_1.46,ped_25,13.51,8.9,1.52
251.0,auto_flow_1.46,ped_28,15.16,8.9,1.7
251.0,auto_flow_1.46,ped_3,5.43,8.9,0.61
251.0,auto_flow_1.46,ped_5,5.75,8.9,0.65
251.0,bike_flow_1.53,ped_25,13.87,10.56,1.31
251.0,bike_flow_1.53,ped_28,16.52,10.56,1.56
251.0,bike_flow_1.53,ped_3,2.65,10.56,0.25
251.0,bike_flow_1.53,ped_5,3.19,10.56,0.3
251.0,car_flow_1.54,ped_25,12.54,12.87,0.97
251.0,car_flow_2.46,ped_25,8.19,10.08,0.81
251.0,car_flow_2.46,ped_3,19.5,10.08,1.94
251.0,car_flow_2.46,ped_5,18.88,10.08,1.87
251.0,car_flow_2.47,ped_28,3.31,10.39,0.32
251.0,car_flow_2.47,ped_3,18.83,10.39,1.81
251.0,car_flow_2.47,ped_5,19.45,10.39,1.87
252.0,auto_flow_1.46,ped_25,3.7,10.09,0.37
252.0,auto_flow_1.46,ped_3,8.96,10.09,0.89
252.0,auto_flow_1.46,ped_5,8.43,10.09,0.84
252.0,bike_flow_1.53,ped_28,6.67,12.02,0.56
252.0,bike_flow_1.53,ped_3,14.23,12.02,1.18
252.0,bike_flow_1.53,ped_5,14.86,12.02,1.24
252.0,car_flow_1.54,ped_25,4.96,12.6,0.39
252.0,car_flow_1.54,ped_3,9.98,12.6,0.79
252.0,car_flow_1.54,ped_5,9.34,12.6,0.74
252.0,car_flow_2.46,ped_25,18.36,10.27,1.79
252.0,car_flow_2.47,ped_25,19.98,9.18,2.18
252.0,car_flow_2.47,ped_28,7.69,9.18,0.84
252.0,car_flow_2.47,ped_3,10.23,9.18,1.11
252.0,car_flow_2.47,ped_5,10.8,9.18,1.18
253.0,auto_flow_1.46,ped_25,6.85,9.96,0.69
253.0,auto_flow_1.46,ped_3,18.17,9.96,1.83
253.0,auto_flow_1.46,ped_5,17.56,9.96,1.76
253.0,auto_flow_1.47,ped_28,6.74,8.88,0.76
253.0,bike_flow_1.54,ped_25,12.99,13.31,0.98
253.0,car_flow_1.54,ped_25,15.36,13.54,1.13
253.0,car_flow_1.54,ped_28,12.71,13.54,0.94
253.0,car_flow_1.54,ped_3,4.03,13.54,0.3
253.0,car_flow_1.54,ped_5,4.63,13.54,0.34
253.0,car_flow_2.47,ped_25,9.83,10.22,0.96
253.0,car_flow_2.47,ped_28,16.18,10.22,1.58
253.0,car_flow_2.47,ped_3,4.95,10.22,0.48
253.0,car_flow_2.47,ped_5,4.84,10.22,0.47
254.0,auto_flow_1.46,ped_25,16.14,9.41,1.72
254.0,auto_flow_1.47,ped_28,4.02,9.79,0.41
254.0,auto_flow_1.47,ped_3,11.83,9.79,1.21
254.0,auto_flow_1.47,ped_34,13.32,9.79,1.36
254.0,auto_flow_1.47,ped_5,12.42,9.79,1.27
254.0,bike_flow_1.54,ped_25,5.09,13.59,0.37
254.0,bike_flow_1.54,ped_3,9.48,13.59,0.7
254.0,bike_flow_1.54,ped_5,8.84,13.59,0.65
254.0,car_flow_1.54,ped_28,7.16,12.77,0.56
254.0,car_flow_1.54,ped_3,16.55,12.77,1.3
254.0,car_flow_1.54,ped_34,9.69,12.77,0.76
254.0,car_flow_1.54,ped_5,17.19,12.77,1.35
254.0,car_flow_2.47,ped_25,1.65,9.54,0.17
254.0,car_flow_2.47,ped_3,11.75,9.54,1.23
254.0,car_flow_2.47,ped_5,11.17,9.54,1.17
255.0,auto_flow_1.47,ped_25,12.58,9.22,1.37
255.0,auto_flow_1.47,ped_28,10.65,9.22,1.16
255.0,auto_flow_1.47,ped_3,5.06,9.22,0.55
255.0,auto_flow_1.47,ped_5,5.3,9.22,0.57
255.0,bike_flow_1.54,ped_25,15.43,13.11,1.18
255.0,bike_flow_1.54,ped_28,10.23,13.11,0.78
255.0,bike_flow_1.54,ped_3,4.1,13.11,0.31
255.0,bike_flow_1.54,ped_34,19.18,13.11,1.46
255.0,bike_flow_1.54,ped_5,4.7,13.11,0.36
255.0,car_flow_1.55,ped_25,11.06,13.78,0.8
255.0,car_flow_2.47,ped_25,9.48,9.49,1.0
255.0,car_flow_2.48,ped_28,7.41,9.73,0.76
255.0,car_flow_2.48,ped_3,19.05,9.73,1.96
255.0,car_flow_2.48,ped_34,4.68,9.73,0.48
255.0,car_flow_2.48,ped_5,19.67,9.73,2.02
256.0,auto_flow_1.47,ped_25,2.85,10.15,0.28
256.0,auto_flow_1.47,ped_28,19.37,10.15,1.91
256.0,auto_flow_1.47,ped_3,9.81,10.15,0.97
256.0,auto_flow_1.47,ped_5,9.26,10.15,0.91
256.0,bike_flow_1.54,ped_28,8.59,12.5,0.69
256.0,bike_flow_1.54,ped_3,16.35,12.5,1.31
256.0,bike_flow_1.54,ped_34,7.37,12.5,0.59
256.0,bike_flow_1.54,ped_5,16.99,12.5,1.36
256.0,car_flow_1.55,ped_25,6.22,13.84,0.45
256.0,car_flow_1.55,ped_28,18.66,13.84,1.35
256.0,car_flow_1.55,ped_3,7.17,13.84,0.52
256.0,car_flow_1.55,ped_5,6.54,13.84,0.47
256.0,car_flow_2.47,ped_25,18.88,9.47,1.99
256.0,car_flow_2.48,ped_25,19.49,9.9,1.97
256.0,car_flow_2.48,ped_28,3.78,9.9,0.38
256.0,car_flow_2.48,ped_3,9.8,9.9,0.99
256.0,car_flow_2.48,ped_34,11.84,9.9,1.2
256.0,car_flow_2.48,ped_5,10.36,9.9,1.05
257.0,auto_flow_1.47,ped_25,7.34,9.48,0.77
257.0,auto_flow_1.47,ped_3,18.67,9.48,1.97
257.0,auto_flow_1.47,ped_5,18.05,9.48,1.9
257.0,bike_flow_1.55,ped_25,10.19,13.72,0.74
257.0,bike_flow_1.55,ped_3,19.91,13.72,1.45
257.0,bike_flow_1.55,ped_5,19.27,13.72,1.4
257.0,car_flow_1.55,ped_25,18.12,13.57,1.34
257.0,car_flow_1.55,ped_28,6.95,13.57,0.51
257.0,car_flow_1.55,ped_3,6.78,13.57,0.5
257.0,car_flow_1.55,ped_34,13.07,13.57,0.96
257.0,car_flow_1.55,ped_5,7.4,13.57,0.55
257.0,car_flow_2.48,ped_25,9.58,9.98,0.96
257.0,car_flow_2.48,ped_28,11.2,9.98,1.12
257.0,car_flow_2.48,ped_3,5.02,9.98,0.5
257.0,car_flow_2.48,ped_34,19.69,9.98,1.97
257.0,car_flow_2.48,ped_5,4.87,9.98,0.49
258.0,auto_flow_1.47,ped_25,17.69,10.45,1.69
258.0,auto_flow_1.48,ped_28,12.5,10.96,1.14
258.0,auto_flow_1.48,ped_34,4.87,10.96,0.44
258.0,bike_flow_1.55,ped_25,6.3,12.99,0.48
258.0,bike_flow_1.55,ped_28,16.0,12.99,1.23
258.0,bike_flow_1.55,ped_3,7.04,12.99,0.54
258.0,bike_flow_1.55,ped_5,6.42,12.99,0.49
258.0,car_flow_1.55,ped_28,12.51,11.97,1.05
258.0,car_flow_1.55,ped_3,18.63,11.97,1.56
258.0,car_flow_1.55,ped_34,6.82,11.97,0.57
258.0,car_flow_1.55,ped_5,19.26,11.97,1.61
258.0,car_flow_2.48,ped_25,1.66,9.25,0.18
258.0,car_flow_2.48,ped_28,18.77,9.25,2.03
258.0,car_flow_2.48,ped_3,11.72,9.25,1.27
258.0,car_flow_2.48,ped_5,11.14,9.25,1.2
259.0,auto_flow_1.48,ped_28,4.61,10.23,0.45
259.0,auto_flow_1.48,ped_3,10.78,10.23,1.05
259.0,auto_flow_1.48,ped_34,5.8,10.23,0.57
259.0,auto_flow_1.48,ped_5,11.36,10.23,1.11
259.0,bike_flow_1.55,ped_25,16.2,11.43,1.42
259.0,bike_flow_1.55,ped_28,6.64,11.43,0.58
259.0,bike_flow_1.55,ped_3,4.85,11.43,0.42
259.0,bike_flow_1.55,ped_34,11.8,11.43,1.03
259.0,bike_flow_1.55,ped_5,5.46,11.43,0.48
259.0,car_flow_2.48,ped_25,10.37,10.43,0.99
260.0,auto_flow_1.48,ped_25,10.14,10.53,0.96
260.0,auto_flow_1.48,ped_28,6.71,10.53,0.64
260.0,auto_flow_1.48,ped_3,4.88,10.53,0.46
260.0,auto_flow_1.48,ped_34,14.13,10.53,1.34
260.0,auto_flow_1.48,ped_5,4.81,10.53,0.46
260.0,bike_flow_1.55,ped_28,15.17,14.2,1.07
260.0,bike_flow_1.55,ped_3,18.85,14.2,1.33
260.0,bike_flow_1.55,ped_34,8.7,14.2,0.61
260.0,bike_flow_1.55,ped_5,19.48,14.2,1.37
260.0,car_flow_2.49,ped_28,11.86,9.81,1.21
260.0,car_flow_2.49,ped_3,17.13,9.81,1.75
260.0,car_flow_2.49,ped_34,4.79,9.81,0.49
260.0,car_flow_2.49,ped_5,17.74,9.81,1.81
261.0,auto_flow_1.48,ped_25,1.64,9.78,0.17
261.0,auto_flow_1.48,ped_28,14.72,9.78,1.5
261.0,auto_flow_1.48,ped_3,11.69,9.78,1.2
261.0,auto_flow_1.48,ped_5,11.11,9.78,1.14
261.0,car_flow_2.49,ped_25,16.97,10.43,1.63
261.0,car_flow_2.49,ped_28,3.94,10.43,0.38
261.0,car_flow_2.49,ped_3,7.7,10.43,0.74
261.0,car_flow_2.49,ped_34,5.86,10.43,0.56
261.0,car_flow_2.49,ped_5,8.21,10.43,0.79
262.0,auto_flow_1.48,ped_25,10.54,10.63,0.99
262.0,auto_flow_1.49,ped_28,17.18,10.56,1.63
262.0,auto_flow_1.49,ped_3,19.75,10.56,1.87
262.0,auto_flow_1.49,ped_34,10.57,10.56,1.0
262.0,car_flow_2.49,ped_25,7.26,9.82,0.74
262.0,car_flow_2.49,ped_28,6.88,9.82,0.7
262.0,car_flow_2.49,ped_3,6.13,9.82,0.62
262.0,car_flow_2.49,ped_34,13.28,9.82,1.35
262.0,car_flow_2.49,ped_5,5.75,9.82,0.59
263.0,auto_flow_1.49,ped_25,19.33,10.78,1.79
263.0,auto_flow_1.49,ped_28,8.1,10.78,0.75
263.0,auto_flow_1.49,ped_3,9.66,10.78,0.9
263.0,auto_flow_1.49,ped_34,3.4,10.78,0.32
263.0,auto_flow_1.49,ped_5,10.22,10.78,0.95
263.0,car_flow_2.49,ped_25,3.6,10.29,0.35
263.0,car_flow_2.49,ped_28,15.16,10.29,1.47
263.0,car_flow_2.49,ped_3,14.89,10.29,1.45
263.0,car_flow_2.49,ped_5,14.29,10.29,1.39
264.0,auto_flow_1.49,ped_25,9.43,9.97,0.95
264.0,auto_flow_1.49,ped_28,4.01,9.97,0.4
264.0,auto_flow_1.49,ped_3,5.06,9.97,0.51
264.0,auto_flow_1.49,ped_34,7.61,9.97,0.76
264.0,auto_flow_1.49,ped_5,4.9,9.97,0.49
264.0,car_flow_2.49,ped_25,13.44,10.12,1.33
264.0,car_flow_2.50,ped_28,16.14,10.17,1.59
264.0,car_flow_2.50,ped_3,16.36,10.17,1.61
264.0,car_flow_2.50,ped_34,10.81,10.17,1.06
264.0,car_flow_2.50,ped_5,16.97,10.17,1.67
265.0,auto_flow_1.49,ped_25,1.92,10.32,0.19
265.0,auto_flow_1.49,ped_28,11.83,10.32,1.15
265.0,auto_flow_1.49,ped_3,12.84,10.32,1.24
265.0,auto_flow_1.49,ped_34,15.85,10.32,1.54
265.0,auto_flow_1.49,ped_5,12.25,10.32,1.19
265.0,car_flow_2.50,ped_25,16.38,10.21,1.6
265.0,car_flow_2.50,ped_28,8.0,10.21,0.78
265.0,car_flow_2.50,ped_3,7.25,10.21,0.71
265.0,car_flow_2.50,ped_34,3.68,10.21,0.36
265.0,car_flow_2.50,ped_38,18.95,10.21,1.86
265.0,car_flow_2.50,ped_5,7.74,10.21,0.76
266.0,auto_flow_1.49,ped_25,11.32,10.18,1.11
266.0,auto_flow_1.50,ped_28,19.18,10.73,1.79
266.0,auto_flow_1.50,ped_3,18.3,10.73,1.7
266.0,auto_flow_1.50,ped_34,16.17,10.73,1.51
266.0,auto_flow_1.50,ped_38,5.45,10.73,0.51
266.0,auto_flow_1.50,ped_5,18.92,10.73,1.76
266.0,car_flow_2.50,ped_25,6.44,10.07,0.64
266.0,car_flow_2.50,ped_28,7.01,10.07,0.7
266.0,car_flow_2.50,ped_3,6.68,10.07,0.66
266.0,car_flow_2.50,ped_34,6.98,10.07,0.69
266.0,car_flow_2.50,ped_5,6.25,10.07,0.62
267.0,auto_flow_1.50,ped_25,18.79,9.82,1.91
267.0,auto_flow_1.50,ped_28,11.04,9.82,1.12
267.0,auto_flow_1.50,ped_3,9.19,9.82,0.94
267.0,auto_flow_1.50,ped_34,8.33,9.82,0.85
267.0,auto_flow_1.50,ped_38,13.18,9.82,1.34
267.0,auto_flow_1.50,ped_5,9.74,9.82,0.99
267.0,car_flow_2.50,ped_25,3.89,9.78,0.4
267.0,car_flow_2.50,ped_28,15.5,9.78,1.58
267.0,car_flow_2.50,ped_3,15.21,9.78,1.55
267.0,car_flow_2.50,ped_34,15.05,9.78,1.54
267.0,car_flow_2.50,ped_5,14.6,9.78,1.49
268.0,auto_flow_1.50,ped_25,8.09,10.78,0.75
268.0,auto_flow_1.50,ped_28,8.65,10.78,0.8
268.0,auto_flow_1.50,ped_3,5.64,10.78,0.52
268.0,auto_flow_1.50,ped_34,5.02,10.78,0.47
268.0,auto_flow_1.50,ped_5,5.33,10.78,0.49
268.0,car_flow_2.50,ped_25,14.62,10.98,1.33
268.0,car_flow_2.51,ped_28,18.14,9.55,1.9
268.0,car_flow_2.51,ped_3,16.2,9.55,1.7
268.0,car_flow_2.51,ped_34,17.1,9.55,1.79
268.0,car_flow_2.51,ped_38,4.33,9.55,0.45
268.0,car_flow_2.51,ped_5,16.81,9.55,1.76
269.0,auto_flow_1.50,ped_25,3.44,10.98,0.31
269.0,auto_flow_1.50,ped_28,16.5,10.98,1.5
269.0,auto_flow_1.50,ped_3,14.73,10.98,1.34
269.0,auto_flow_1.50,ped_34,14.63,10.98,1.33
269.0,auto_flow_1.50,ped_36,18.82,10.98,1.71
269.0,auto_flow_1.50,ped_5,14.13,10.98,1.29
269.0,car_flow_2.51,ped_25,15.31,11.13,1.38
269.0,car_flow_2.51,ped_28,10.97,11.13,0.99
269.0,car_flow_2.51,ped_3,6.48,11.13,0.58
269.0,car_flow_2.51,ped_34,7.9,11.13,0.71
269.0,car_flow_2.51,ped_38,13.11,11.13,1.18
269.0,car_flow_2.51,ped_5,6.92,11.13,0.62
270.0,auto_flow_1.50,ped_25,12.98,9.83,1.32
270.0,auto_flow_1.51,ped_38,4.81,10.43,0.46
270.0,car_flow_2.51,ped_25,4.24,11.29,0.38
270.0,car_flow_2.51,ped_28,12.8,11.29,1.13
270.0,car_flow_2.51,ped_3,8.45,11.29,0.75
270.0,car_flow_2.51,ped_34,10.03,11.29,0.89
270.0,car_flow_2.51,ped_36,17.05,11.29,1.51
270.0,car_flow_2.51,ped_5,7.93,11.29,0.7
271.0,auto_flow_1.50,ped_39,5.91,9.6,0.62
271.0,auto_flow_1.51,ped_28,15.77,10.53,1.5
271.0,auto_flow_1.51,ped_3,10.35,10.53,0.98
271.0,auto_flow_1.51,ped_34,13.65,10.53,1.3
271.0,auto_flow_1.51,ped_38,5.53,10.53,0.53
271.0,auto_flow_1.51,ped_5,10.92,10.53,1.04
271.0,car_flow_2.51,ped_25,6.59,10.32,0.64
271.0,car_flow_2.51,ped_3,17.93,10.32,1.74
271.0,car_flow_2.51,ped_31,19.77,10.32,1.92
271.0,car_flow_2.51,ped_34,19.15,10.32,1.86
271.0,car_flow_2.51,ped_36,16.97,10.32,1.64
271.0,car_flow_2.51,ped_39,18.32,10.32,1.77
271.0,car_flow_2.51,ped_5,17.31,10.32,1.68
272.0,auto_flow_1.51,ped_25,9.28,10.91,0.85
272.0,auto_flow_1.51,ped_28,13.87,10.91,1.27
272.0,auto_flow_1.51,ped_3,5.11,10.91,0.47
272.0,auto_flow_1.51,ped_31,19.25,10.91,1.76
272.0,auto_flow_1.51,ped_34,11.37,10.91,1.04
272.0,auto_flow_1.51,ped_36,15.62,10.91,1.43
272.0,auto_flow_1.51,ped_38,14.2,10.91,1.3
272.0,auto_flow_1.51,ped_5,4.93,10.91,0.45
272.0,car_flow_2.51,ped_25,16.09,9.61,1.67
272.0,car_flow_2.51,ped_39,8.55,9.61,0.89
272.0,car_flow_2.52,ped_3,17.08,10.63,1.61
272.0,car_flow_2.52,ped_38,4.89,10.63,0.46
272.0,car_flow_2.52,ped_5,17.69,10.63,1.66
273.0,auto_flow_1.51,ped_25,2.16,10.58,0.2
273.0,auto_flow_1.51,ped_28,19.16,10.58,1.81
273.0,auto_flow_1.51,ped_3,13.22,10.58,1.25
273.0,auto_flow_1.51,ped_31,16.07,10.58,1.52
273.0,auto_flow_1.51,ped_34,17.64,10.58,1.67
273.0,auto_flow_1.51,ped_36,12.12,10.58,1.15
273.0,auto_flow_1.51,ped_5,12.63,10.58,1.19
273.0,car_flow_2.52,ped_25,16.69,10.65,1.57
273.0,car_flow_2.52,ped_28,16.47,10.65,1.55
273.0,car_flow_2.52,ped_3,7.48,10.65,0.7
273.0,car_flow_2.52,ped_34,14.67,10.65,1.38
273.0,car_flow_2.52,ped_36,19.36,10.65,1.82
273.0,car_flow_2.52,ped_38,5.28,10.65,0.5
273.0,car_flow_2.52,ped_5,7.98,10.65,0.75
274.0,auto_flow_1.51,ped_25,11.79,10.24,1.15
274.0,auto_flow_1.51,ped_31,19.27,10.24,1.88
274.0,auto_flow_1.51,ped_36,16.5,10.24,1.61
274.0,auto_flow_1.51,ped_39,9.42,10.24,0.92
274.0,auto_flow_1.52,ped_3,19.8,9.67,2.05
274.0,auto_flow_1.52,ped_38,11.0,9.67,1.14
274.0,car_flow_2.52,ped_25,5.76,11.08,0.52
274.0,car_flow_2.52,ped_28,17.06,11.08,1.54
274.0,car_flow_2.52,ped_3,7.19,11.08,0.65
274.0,car_flow_2.52,ped_31,15.6,11.08,1.41
274.0,car_flow_2.52,ped_34,15.88,11.08,1.43
274.0,car_flow_2.52,ped_36,11.06,11.08,1.0
274.0,car_flow_2.52,ped_38,14.09,11.08,1.27
274.0,car_flow_2.52,ped_5,6.72,11.08,0.61
275.0,auto_flow_1.51,ped_39,7.43,10.51,0.71
275.0,auto_flow_1.52,ped_25,19.98,10.17,1.96
275.0,auto_flow_1.52,ped_3,10.23,10.17,1.01
275.0,auto_flow_1.52,ped_34,19.51,10.17,1.92
275.0,auto_flow_1.52,ped_38,3.51,10.17,0.34
275.0,auto_flow_1.52,ped_5,10.8,10.17,1.06
275.0,car_flow_2.52,ped_25,4.68,9.93,0.47
275.0,car_flow_2.52,ped_3,16.01,9.93,1.61
275.0,car_flow_2.52,ped_31,14.58,9.93,1.47
275.0,car_flow_2.52,ped_36,10.37,9.93,1.04
275.0,car_flow_2.52,ped_39,14.31,9.93,1.44
275.0,car_flow_2.52,ped_5,15.4,9.93,1.55
276.0,auto_flow_1.52,ped_25,9.17,10.89,0.84
276.0,auto_flow_1.52,ped_28,18.9,10.89,1.74
276.0,auto_flow_1.52,ped_3,5.15,10.89,0.47
276.0,auto_flow_1.52,ped_31,15.0,10.89,1.38
276.0,auto_flow_1.52,ped_34,18.34,10.89,1.68
276.0,auto_flow_1.52,ped_36,10.56,10.89,0.97
276.0,auto_flow_1.52,ped_38,7.23,10.89,0.66
276.0,auto_flow_1.52,ped_5,4.95,10.89,0.45
276.0,car_flow_2.52,ped_25,15.03,10.55,1.43
276.0,car_flow_2.52,ped_31,19.93,10.55,1.89
276.0,car_flow_2.52,ped_36,17.74,10.55,1.68
276.0,car_flow_2.52,ped_39,5.83,10.55,0.55
276.0,car_flow_2.53,ped_3,17.43,10.08,1.73
276.0,car_flow_2.53,ped_38,12.12,10.08,1.2
276.0,car_flow_2.53,ped_5,18.05,10.08,1.79
277.0,auto_flow_1.52,ped_25,1.85,9.95,0.19
277.0,auto_flow_1.52,ped_3,12.74,9.95,1.28
277.0,auto_flow_1.52,ped_31,11.22,9.95,1.13
277.0,auto_flow_1.52,ped_36,6.12,9.95,0.61
277.0,auto_flow_1.52,ped_38,15.05,9.95,1.51
277.0,auto_flow_1.52,ped_39,14.64,9.95,1.47
277.0,auto_flow_1.52,ped_5,12.15,9.95,1.22
277.0,car_flow_2.53,ped_25,16.12,11.6,1.39
277.0,car_flow_2.53,ped_3,7.05,11.6,0.61
277.0,car_flow_2.53,ped_31,18.99,11.6,1.64
277.0,car_flow_2.53,ped_36,15.83,11.6,1.36
277.0,car_flow_2.53,ped_38,3.33,11.6,0.29
277.0,car_flow_2.53,ped_5,7.53,11.6,0.65
278.0,auto_flow_1.52,ped_25,11.55,10.52,1.1
278.0,auto_flow_1.52,ped_31,15.51,10.52,1.47
278.0,auto_flow_1.52,ped_36,13.25,10.52,1.26
278.0,auto_flow_1.52,ped_39,5.9,10.52,0.56
278.0,auto_flow_1.53,ped_3,17.57,10.79,1.63
278.0,auto_flow_1.53,ped_38,15.56,10.79,1.44
278.0,auto_flow_1.53,ped_5,18.18,10.79,1.68
278.0,car_flow_2.53,ped_25,5.95,10.31,0.58
278.0,car_flow_2.53,ped_3,7.04,10.31,0.68
278.0,car_flow_2.53,ped_31,10.98,10.31,1.06
278.0,car_flow_2.53,ped_36,6.0,10.31,0.58
278.0,car_flow_2.53,ped_38,7.0,10.31,0.68
278.0,car_flow_2.53,ped_39,19.33,10.31,1.87
278.0,car_flow_2.53,ped_5,6.59,10.31,0.64
279.0,auto_flow_1.52,ped_32,6.46,10.99,0.59
279.0,auto_flow_1.52,ped_39,12.74,10.99,1.16
279.0,auto_flow_1.53,ped_25,17.95,9.9,1.81
279.0,auto_flow_1.53,ped_3,8.49,9.9,0.86
279.0,auto_flow_1.53,ped_31,19.22,9.9,1.94
279.0,auto_flow_1.53,ped_36,18.06,9.9,1.82
279.0,auto_flow_1.53,ped_38,7.9,9.9,0.8
279.0,auto_flow_1.53,ped_5,9.02,9.9,0.91
279.0,car_flow_2.53,ped_25,4.82,10.27,0.47
279.0,car_flow_2.53,ped_3,16.15,10.27,1.57
279.0,car_flow_2.53,ped_31,9.95,10.27,0.97
279.0,car_flow_2.53,ped_32,19.86,10.27,1.93
279.0,car_flow_2.53,ped_36,5.34,10.27,0.52
279.0,car_flow_2.53,ped_38,15.42,10.27,1.5
279.0,car_flow_2.53,ped_39,8.71,10.27,0.85
279.0,car_flow_2.53,ped_5,15.54,10.27,1.51
280.0,auto_flow_1.53,ped_25,7.32,10.74,0.68
280.0,auto_flow_1.53,ped_3,6.09,10.74,0.57
280.0,auto_flow_1.53,ped_31,9.64,10.74,0.9
280.0,auto_flow_1.53,ped_36,8.99,10.74,0.84
280.0,auto_flow_1.53,ped_38,4.78,10.74,0.44
280.0,auto_flow_1.53,ped_39,17.57,10.74,1.64
280.0,auto_flow_1.53,ped_5,5.72,10.74,0.53
280.0,car_flow_2.53,ped_25,15.32,10.7,1.43
280.0,car_flow_2.53,ped_31,17.4,10.7,1.63
280.0,car_flow_2.53,ped_32,9.48,10.7,0.89
280.0,car_flow_2.53,ped_36,13.84,10.7,1.29
280.0,car_flow_2.53,ped_39,8.16,10.7,0.76
280.0,car_flow_2.54,ped_3,14.88,9.88,1.51
280.0,car_flow_2.54,ped_38,16.11,9.88,1.63
280.0,car_flow_2.54,ped_5,15.48,9.88,1.57
281.0,auto_flow_1.53,ped_25,3.8,10.59,0.36
281.0,auto_flow_1.53,ped_3,15.11,10.59,1.43
281.0,auto_flow_1.53,ped_31,7.06,10.59,0.67
281.0,auto_flow_1.53,ped_32,18.9,10.59,1.79
281.0,auto_flow_1.53,ped_36,2.56,10.59,0.24
281.0,auto_flow_1.53,ped_38,14.48,10.59,1.37
281.0,auto_flow_1.53,ped_39,7.28,10.59,0.69
281.0,auto_flow_1.53,ped_5,14.51,10.59,1.37
281.0,car_flow_2.54,ped_25,13.84,11.22,1.23
281.0,car_flow_2.54,ped_3,5.59,11.22,0.5
281.0,car_flow_2.54,ped_31,14.31,11.22,1.28
281.0,car_flow_2.54,ped_36,17.24,11.22,1.54
281.0,car_flow_2.54,ped_38,7.52,11.22,0.67
281.0,car_flow_2.54,ped_5,5.94,11.22,0.53
282.0,auto_flow_1.53,ped_25,13.81,10.27,1.34
282.0,auto_flow_1.53,ped_31,15.38,10.27,1.5
282.0,auto_flow_1.53,ped_32,9.18,10.27,0.89
282.0,auto_flow_1.53,ped_36,9.34,10.27,0.91
282.0,auto_flow_1.53,ped_39,9.26,10.27,0.9
282.0,auto_flow_1.54,ped_3,19.04,10.2,1.87
282.0,auto_flow_1.54,ped_37,6.02,10.2,0.59
282.0,auto_flow_1.54,ped_5,19.66,10.2,1.93
282.0,car_flow_2.54,ped_25,3.99,10.09,0.4
282.0,car_flow_2.54,ped_3,8.68,10.09,0.86
282.0,car_flow_2.54,ped_31,5.33,10.09,0.53
282.0,car_flow_2.54,ped_36,8.77,10.09,0.87
282.0,car_flow_2.54,ped_38,9.87,10.09,0.98
282.0,car_flow_2.54,ped_39,11.65,10.09,1.16
282.0,car_flow_2.54,ped_5,8.15,10.09,0.81
283.0,auto_flow_1.53,ped_32,7.88,10.1,0.78
283.0,auto_flow_1.53,ped_36,17.56,10.1,1.74
283.0,auto_flow_1.53,ped_39,19.9,10.1,1.97
283.0,auto_flow_1.54,ped_25,19.34,10.04,1.93
283.0,auto_flow_1.54,ped_3,9.67,10.04,0.96
283.0,auto_flow_1.54,ped_31,19.47,10.04,1.94
283.0,auto_flow_1.54,ped_37,14.23,10.04,1.42
283.0,auto_flow_1.54,ped_38,13.5,10.04,1.35
283.0,auto_flow_1.54,ped_5,10.23,10.04,1.02
283.0,car_flow_2.54,ped_25,7.04,10.51,0.67
283.0,car_flow_2.54,ped_3,18.38,10.51,1.75
283.0,car_flow_2.54,ped_31,8.0,10.51,0.76
283.0,car_flow_2.54,ped_32,13.92,10.51,1.32
283.0,car_flow_2.54,ped_36,2.59,10.51,0.25
283.0,car_flow_2.54,ped_38,18.96,10.51,1.8
283.0,car_flow_2.54,ped_39,6.13,10.51,0.58
283.0,car_flow_2.54,ped_5,17.76,10.51,1.69
284.0,auto_flow_1.54,ped_25,8.8,10.61,0.83
284.0,auto_flow_1.54,ped_3,5.29,10.61,0.5
284.0,auto_flow_1.54,ped_31,9.79,10.61,0.92
284.0,auto_flow_1.54,ped_36,16.87,10.61,1.59
284.0,auto_flow_1.54,ped_38,11.09,10.61,1.05
284.0,auto_flow_1.54,ped_39,13.06,10.61,1.23
284.0,auto_flow_1.54,ped_5,5.06,10.61,0.48
284.0,car_flow_2.54,ped_25,17.39,10.46,1.66
284.0,car_flow_2.54,ped_31,16.91,10.46,1.62
284.0,car_flow_2.54,ped_32,6.47,10.46,0.62
284.0,car_flow_2.54,ped_36,9.64,10.46,0.92
284.0,car_flow_2.54,ped_39,15.37,10.46,1.47
284.0,car_flow_2.55,ped_3,16.22,10.21,1.59
284.0,car_flow_2.55,ped_37,6.49,10.21,0.64
284.0,car_flow_2.55,ped_5,16.84,10.21,1.65
285.0,auto_flow_1.54,ped_25,2.48,10.55,0.23
285.0,auto_flow_1.54,ped_3,13.64,10.55,1.29
285.0,auto_flow_1.54,ped_31,2.86,10.55,0.27
285.0,auto_flow_1.54,ped_32,16.55,10.55,1.57
285.0,auto_flow_1.54,ped_36,8.06,10.55,0.76
285.0,auto_flow_1.54,ped_38,17.26,10.55,1.64
285.0,auto_flow_1.54,ped_39,5.41,10.55,0.51
285.0,auto_flow_1.54,ped_5,13.05,10.55,1.24
285.0,car_flow_2.55,ped_25,15.82,10.64,1.49
285.0,car_flow_2.55,ped_3,6.83,10.64,0.64
285.0,car_flow_2.55,ped_31,17.49,10.64,1.64
285.0,car_flow_2.55,ped_37,15.41,10.64,1.45
285.0,car_flow_2.55,ped_38,14.26,10.64,1.34
285.0,car_flow_2.55,ped_39,18.07,10.64,1.7
285.0,car_flow_2.55,ped_5,7.3,10.64,0.69
286.0,auto_flow_1.54,ped_25,11.82,9.82,1.2
286.0,auto_flow_1.54,ped_31,9.59,9.82,0.98
286.0,auto_flow_1.54,ped_32,7.77,9.82,0.79
286.0,auto_flow_1.54,ped_36,2.63,9.82,0.27
286.0,auto_flow_1.54,ped_39,13.04,9.82,1.33
286.0,auto_flow_1.55,ped_3,19.52,10.58,1.84
286.0,auto_flow_1.55,ped_37,3.21,10.58,0.3
286.0,car_flow_2.55,ped_25,5.06,10.94,0.46
286.0,car_flow_2.55,ped_3,7.75,10.94,0.71
286.0,car_flow_2.55,ped_31,8.12,10.94,0.74
286.0,car_flow_2.55,ped_36,16.13,10.94,1.47
286.0,car_flow_2.55,ped_38,15.41,10.94,1.41
286.0,car_flow_2.55,ped_39,7.12,10.94,0.65
286.0,car_flow_2.55,ped_5,7.26,10.94,0.66
287.0,auto_flow_1.54,ped_31,17.69,9.57,1.85
287.0,auto_flow_1.54,ped_32,8.95,9.57,0.94
287.0,auto_flow_1.54,ped_36,8.99,9.57,0.94
287.0,auto_flow_1.55,ped_25,19.89,9.97,1.99
287.0,auto_flow_1.55,ped_3,10.15,9.97,1.02
287.0,auto_flow_1.55,ped_37,9.17,9.97,0.92
287.0,auto_flow_1.55,ped_38,19.19,9.97,1.92
287.0,auto_flow_1.55,ped_39,18.82,9.97,1.89
287.0,auto_flow_1.55,ped_5,10.72,9.97,1.07
287.0,car_flow_2.55,ped_25,5.3,9.85,0.54
287.0,car_flow_2.55,ped_3,16.64,9.85,1.69
287.0,car_flow_2.55,ped_31,3.41,9.85,0.35
287.0,car_flow_2.55,ped_32,11.84,9.85,1.2
287.0,car_flow_2.55,ped_36,8.02,9.85,0.81
287.0,car_flow_2.55,ped_39,8.86,9.85,0.9
287.0,car_flow_2.55,ped_5,16.03,9.85,1.63
288.0,auto_flow_1.55,ped_25,9.12,10.84,0.84
288.0,auto_flow_1.55,ped_3,5.17,10.84,0.48
288.0,auto_flow_1.55,ped_31,14.44,10.84,1.33
288.0,auto_flow_1.55,ped_37,18.42,10.84,1.7
288.0,auto_flow_1.55,ped_38,18.01,10.84,1.66
288.0,auto_flow_1.55,ped_39,7.96,10.84,0.73
288.0,auto_flow_1.55,ped_5,4.96,10.84,0.46
288.0,car_flow_2.55,ped_25,14.49,9.34,1.55
288.0,car_flow_2.55,ped_31,9.84,9.34,1.05
288.0,car_flow_2.55,ped_32,6.41,9.34,0.69
288.0,car_flow_2.55,ped_36,2.57,9.34,0.27
288.0,car_flow_2.55,ped_39,18.72,9.34,2.0
289.0,auto_flow_1.55,ped_25,2.11,10.35,0.2
289.0,auto_flow_1.55,ped_3,13.16,10.35,1.27
289.0,auto_flow_1.55,ped_31,5.83,10.35,0.56
289.0,auto_flow_1.55,ped_32,13.42,10.35,1.3
289.0,auto_flow_1.55,ped_36,14.53,10.35,1.4
289.0,auto_flow_1.55,ped_39,8.7,10.35,0.84
289.0,auto_flow_1.55,ped_5,12.56,10.35,1.21
290.0,auto_flow_1.55,ped_25,12.3,10.83,1.14
290.0,auto_flow_1.55,ped_31,5.79,10.83,0.53
290.0,auto_flow_1.55,ped_32,6.4,10.83,0.59
290.0,auto_flow_1.55,ped_36,5.58,10.83,0.51
290.0,auto_flow_1.55,ped_39,19.68,10.83,1.82
290.0,bike_flow_2.2,ped_25,2.99,3.67,0.81
290.0,bike_flow_2.2,ped_3,9.99,3.67,2.72
290.0,bike_flow_2.2,ped_31,10.35,3.67,2.82
290.0,bike_flow_2.2,ped_39,8.98,3.67,2.44
290.0,bike_flow_2.2,ped_5,9.23,3.67,2.51
291.0,auto_flow_1.55,ped_31,14.45,10.42,1.39
291.0,auto_flow_1.55,ped_32,13.21,10.42,1.27
291.0,auto_flow_1.55,ped_36,4.67,10.42,0.45
291.0,bike_flow_2.2,ped_25,1.65,4.45,0.37
291.0,bike_flow_2.2,ped_3,11.98,4.45,2.69
291.0,bike_flow_2.2,ped_31,8.35,4.45,1.88
291.0,bike_flow_2.2,ped_32,12.2,4.45,2.74
291.0,bike_flow_2.2,ped_39,10.86,4.45,2.44
291.0,bike_flow_2.2,ped_5,11.25,4.45,2.53
291.0,bike_flow_2.3,ped_25,7.41,2.51,2.95
292.0,bike_flow_2.2,ped_25,6.73,5.78,1.16
292.0,bike_flow_2.2,ped_31,4.47,5.78,0.77
292.0,bike_flow_2.2,ped_32,7.3,5.78,1.26
292.0,bike_flow_2.2,ped_36,14.14,5.78,2.45
292.0,bike_flow_2.2,ped_39,17.3,5.78,2.99
292.0,bike_flow_2.2,ped_5,16.79,5.78,2.9
292.0,bike_flow_2.3,ped_25,3.36,5.39,0.62
292.0,bike_flow_2.3,ped_3,8.82,5.39,1.64
292.0,bike_flow_2.3,ped_31,12.86,5.39,2.38
292.0,bike_flow_2.3,ped_32,16.03,5.39,2.97
292.0,bike_flow_2.3,ped_39,11.0,5.39,2.04
292.0,bike_flow_2.3,ped_5,7.86,5.39,1.46
293.0,bike_flow_2.2,ped_25,14.45,7.82,1.85
293.0,bike_flow_2.2,ped_31,4.73,7.82,0.6
293.0,bike_flow_2.2,ped_32,8.39,7.82,1.07
293.0,bike_flow_2.2,ped_36,8.2,7.82,1.05
293.0,bike_flow_2.3,ped_25,1.44,4.54,0.32
293.0,bike_flow_2.3,ped_3,11.25,4.54,2.48
293.0,bike_flow_2.3,ped_31,10.95,4.54,2.41
293.0,bike_flow_2.3,ped_32,10.83,4.54,2.38
293.0,bike_flow_2.3,ped_39,12.48,4.54,2.75
293.0,bike_flow_2.3,ped_5,10.58,4.54,2.33
293.0,bike_flow_2.4,ped_25,8.18,4.32,1.89
293.0,bike_flow_2.4,ped_3,11.72,4.32,2.72
293.0,bike_flow_2.4,ped_5,10.53,4.32,2.44
294.0,bike_flow_2.2,ped_31,11.85,9.12,1.3
294.0,bike_flow_2.2,ped_32,16.9,9.12,1.85
294.0,bike_flow_2.2,ped_36,2.57,9.12,0.28
294.0,bike_flow_2.3,ped_25,5.19,4.61,1.13
294.0,bike_flow_2.3,ped_31,7.82,4.61,1.7
294.0,bike_flow_2.3,ped_32,7.03,4.61,1.52
294.0,bike_flow_2.4,ped_25,4.83,4.14,1.17
294.0,bike_flow_2.4,ped_3,8.22,4.14,1.99
294.0,bike_flow_2.4,ped_39,11.68,4.14,2.82
294.0,bike_flow_2.4,ped_5,7.16,4.14,1.73
295.0,bike_flow_2.3,ped_25,11.91,6.87,1.73
295.0,bike_flow_2.3,ped_31,3.54,6.87,0.52
295.0,bike_flow_2.3,ped_32,8.12,6.87,1.18
295.0,bike_flow_2.4,ped_25,1.37,5.88,0.23
295.0,bike_flow_2.4,ped_3,10.51,5.88,1.79
295.0,bike_flow_2.4,ped_31,14.07,5.88,2.39
295.0,bike_flow_2.4,ped_32,9.89,5.88,1.68
295.0,bike_flow_2.4,ped_39,10.49,5.88,1.78
295.0,bike_flow_2.4,ped_5,9.99,5.88,1.7
295.0,bike_flow_2.5,ped_25,8.73,4.3,2.03
295.0,bike_flow_2.5,ped_3,10.5,4.3,2.44
295.0,bike_flow_2.5,ped_5,9.24,4.3,2.15
296.0,bike_flow_2.3,ped_31,6.73,8.56,0.79
296.0,bike_flow_2.3,ped_32,15.85,8.56,1.85
296.0,bike_flow_2.4,ped_25,5.28,5.51,0.96
296.0,bike_flow_2.4,ped_3,16.11,5.51,2.93
296.0,bike_flow_2.4,ped_31,9.94,5.51,1.8
296.0,bike_flow_2.4,ped_32,6.45,5.51,1.17
296.0,bike_flow_2.4,ped_39,15.38,5.51,2.79
296.0,bike_flow_2.4,ped_5,15.07,5.51,2.74
296.0,bike_flow_2.5,ped_25,4.19,5.67,0.74
296.0,bike_flow_2.5,ped_3,7.34,5.67,1.29
296.0,bike_flow_2.5,ped_32,13.89,5.67,2.45
296.0,bike_flow_2.5,ped_37,13.97,5.67,2.46
296.0,bike_flow_2.5,ped_39,8.73,5.67,1.54
296.0,bike_flow_2.5,ped_5,5.93,5.67,1.05
297.0,bike_flow_2.4,ped_25,11.95,6.81,1.76
297.0,bike_flow_2.4,ped_31,4.95,6.81,0.73
297.0,bike_flow_2.4,ped_32,9.39,6.81,1.38
297.0,bike_flow_2.5,ped_25,1.44,4.48,0.32
297.0,bike_flow_2.5,ped_3,9.99,4.48,2.23
297.0,bike_flow_2.5,ped_32,9.03,4.48,2.02
297.0,bike_flow_2.5,ped_39,9.37,4.48,2.09
297.0,bike_flow_2.5,ped_5,9.62,4.48,2.15
297.0,bike_flow_2.6,ped_25,9.93,6.99,1.42
297.0,bike_flow_2.6,ped_3,9.6,6.99,1.37
297.0,bike_flow_2.6,ped_32,19.28,6.99,2.76
297.0,bike_flow_2.6,ped_37,14.68,6.99,2.1
297.0,bike_flow_2.6,ped_39,12.73,6.99,1.82
297.0,bike_flow_2.6,ped_5,7.71,6.99,1.1
298.0,bike_flow_2.4,ped_31,5.33,9.4,0.57
298.0,bike_flow_2.4,ped_32,18.33,9.4,1.95
298.0,bike_flow_2.5,ped_25,4.72,5.39,0.87
298.0,bike_flow_2.5,ped_3,15.04,5.39,2.79
298.0,bike_flow_2.5,ped_31,12.94,5.39,2.4
298.0,bike_flow_2.5,ped_32,6.41,5.39,1.19
298.0,bike_flow_2.5,ped_39,14.74,5.39,2.73
298.0,bike_flow_2.5,ped_5,15.5,5.39,2.88
298.0,bike_flow_2.7,ped_5,14.26,5.27,2.71
299.0,bike_flow_2.5,ped_25,11.4,6.96,1.64
299.0,bike_flow_2.5,ped_31,7.66,6.96,1.1
299.0,bike_flow_2.5,ped_32,10.44,6.96,1.5
299.0,bike_flow_2.6,ped_25,6.48,3.27,1.98
299.0,bike_flow_2.6,ped_3,6.05,3.27,1.85
299.0,bike_flow_2.6,ped_39,6.85,3.27,2.09
299.0,bike_flow_2.6,ped_5,6.27,3.27,1.92
299.0,bike_flow_2.7,ped_25,14.66,5.22,2.81
299.0,bike_flow_2.7,ped_3,10.69,5.22,2.05
299.0,bike_flow_2.7,ped_37,15.1,5.22,2.89
299.0,bike_flow_2.7,ped_39,13.21,5.22,2.53
299.0,bike_flow_2.7,ped_5,8.66,5.22,1.66
300.0,bike_flow_2.5,ped_31,3.4,9.34,0.36
300.0,bike_flow_2.5,ped_32,19.66,9.34,2.1
300.0,bike_flow_2.6,ped_25,5.42,2.34,2.32
300.0,bike_flow_2.6,ped_39,5.94,2.34,2.54
300.0,bike_flow_2.7,ped_3,7.87,3.2,2.46
300.0,bike_flow_2.7,ped_39,8.83,3.2,2.76
300.0,bike_flow_2.7,ped_5,6.06,3.2,1.89
300.0,bike_flow_2.8,ped_3,15.09,6.58,2.29
300.0,bike_flow_2.8,ped_37,19.27,6.58,2.93
300.0,bike_flow_2.8,ped_39,16.92,6.58,2.57
300.0,bike_flow_2.8,ped_5,12.39,6.58,1.88
301.0,bike_flow_2.6,ped_25,2.62,4.63,0.57
301.0,bike_flow_2.6,ped_3,12.47,4.63,2.69
301.0,bike_flow_2.6,ped_32,6.47,4.63,1.4
301.0,bike_flow_2.6,ped_37,11.73,4.63,2.54
301.0,bike_flow_2.6,ped_39,10.97,4.63,2.37
301.0,bike_flow_2.7,ped_3,6.4,3.43,1.87
301.0,bike_flow_2.7,ped_37,9.23,3.43,2.69
301.0,bike_flow_2.7,ped_39,6.06,3.43,1.77
301.0,bike_flow_2.7,ped_5,6.44,3.43,1.88
301.0,bike_flow_2.8,ped_5,8.79,2.99,2.93
302.0,bike_flow_2.6,ped_25,6.66,5.79,1.15
302.0,bike_flow_2.6,ped_31,16.92,5.79,2.92
302.0,bike_flow_2.6,ped_32,8.05,5.79,1.39
302.0,bike_flow_2.6,ped_37,16.98,5.79,2.93
302.0,bike_flow_2.6,ped_39,17.0,5.79,2.94
302.0,bike_flow_2.7,ped_3,7.47,2.81,2.66
302.0,bike_flow_2.7,ped_37,7.42,2.81,2.64
302.0,bike_flow_2.7,ped_39,6.42,2.81,2.28
302.0,bike_flow_2.8,ped_3,7.76,4.23,1.84
302.0,bike_flow_2.8,ped_37,11.98,4.23,2.83
302.0,bike_flow_2.8,ped_39,7.92,4.23,1.87
302.0,bike_flow_2.8,ped_5,5.88,4.23,1.39
303.0,bike_flow_2.6,ped_25,15.29,8.28,1.85
303.0,bike_flow_2.6,ped_31,10.1,8.28,1.22
303.0,bike_flow_2.6,ped_32,15.89,8.28,1.92
303.0,bike_flow_2.7,ped_25,7.09,3.45,2.05
303.0,bike_flow_2.7,ped_32,8.09,3.45,2.35
303.0,bike_flow_2.7,ped_37,7.98,3.45,2.31
303.0,bike_flow_2.7,ped_39,10.11,3.45,2.93
303.0,bike_flow_2.9,ped_3,11.99,6.63,1.81
303.0,bike_flow_2.9,ped_37,16.88,6.63,2.54
303.0,bike_flow_2.9,ped_39,12.19,6.63,1.84
303.0,bike_flow_2.9,ped_5,8.75,6.63,1.32
304.0,bike_flow_2.10,ped_5,14.35,5.33,2.69
304.0,bike_flow_2.7,ped_25,5.8,5.25,1.1
304.0,bike_flow_2.7,ped_32,7.25,5.25,1.38
304.0,bike_flow_2.7,ped_37,13.03,5.25,2.48
304.0,bike_flow_2.8,ped_3,6.96,3.37,2.07
304.0,bike_flow_2.8,ped_37,6.72,3.37,2.0
304.0,bike_flow_2.8,ped_39,6.27,3.37,1.86
304.0,bike_flow_2.8,ped_5,8.64,3.37,2.57
304.0,bike_flow_2.9,ped_5,6.46,2.34,2.76
305.0,bike_flow_2.10,ped_5,9.74,3.9,2.5
305.0,bike_flow_2.7,ped_25,12.22,8.13,1.5
305.0,bike_flow_2.7,ped_32,14.42,8.13,1.77
305.0,bike_flow_2.8,ped_25,11.38,4.14,2.75
305.0,bike_flow_2.8,ped_3,10.26,4.14,2.48
305.0,bike_flow_2.8,ped_32,10.36,4.14,2.5
305.0,bike_flow_2.8,ped_37,7.07,4.14,1.71
305.0,bike_flow_2.8,ped_39,10.25,4.14,2.47
305.0,bike_flow_2.9,ped_3,6.48,4.64,1.4
305.0,bike_flow_2.9,ped_37,9.04,4.64,1.95
305.0,bike_flow_2.9,ped_39,5.78,4.64,1.25
305.0,bike_flow_2.9,ped_5,6.55,4.64,1.41
306.0,bike_flow_2.10,ped_3,9.51,3.77,2.52
306.0,bike_flow_2.10,ped_39,8.38,3.77,2.22
306.0,bike_flow_2.10,ped_5,6.44,3.77,1.71
306.0,bike_flow_2.8,ped_25,7.5,4.55,1.65
306.0,bike_flow_2.8,ped_32,7.46,4.55,1.64
306.0,bike_flow_2.8,ped_37,11.56,4.55,2.54
306.0,bike_flow_2.9,ped_3,7.04,2.77,2.54
306.0,bike_flow_2.9,ped_37,6.88,2.77,2.48
306.0,bike_flow_2.9,ped_39,6.95,2.77,2.51
307.0,bike_flow_2.10,ped_3,6.49,4.75,1.37
307.0,bike_flow_2.10,ped_37,9.12,4.75,1.92
307.0,bike_flow_2.10,ped_39,5.78,4.75,1.22
307.0,bike_flow_2.10,ped_5,6.52,4.75,1.37
307.0,bike_flow_2.11,ped_3,13.89,5.56,2.5
307.0,bike_flow_2.11,ped_39,12.26,5.56,2.2
307.0,bike_flow_2.11,ped_5,10.02,5.56,1.8
307.0,bike_flow_2.8,ped_25,10.96,6.27,1.75
307.0,bike_flow_2.8,ped_32,11.86,6.27,1.89
307.0,bike_flow_2.8,ped_37,17.72,6.27,2.83
307.0,bike_flow_2.9,ped_37,6.53,2.57,2.54
308.0,bike_flow_2.11,ped_3,9.11,4.86,1.87
308.0,bike_flow_2.11,ped_37,13.32,4.86,2.74
308.0,bike_flow_2.11,ped_39,7.28,4.86,1.5
308.0,bike_flow_2.11,ped_5,6.1,4.86,1.25
308.0,bike_flow_2.8,ped_25,19.18,8.36,2.29
308.0,bike_flow_2.9,ped_25,9.73,5.36,1.81
308.0,bike_flow_2.9,ped_3,14.78,5.36,2.76
308.0,bike_flow_2.9,ped_32,9.32,5.36,1.74
308.0,bike_flow_2.9,ped_37,10.56,5.36,1.97
309.0,bike_flow_2.10,ped_37,6.44,2.92,2.2
309.0,bike_flow_2.11,ped_3,6.61,3.64,1.82
309.0,bike_flow_2.11,ped_37,9.46,3.64,2.6
309.0,bike_flow_2.11,ped_39,5.8,3.64,1.59
309.0,bike_flow_2.11,ped_5,6.53,3.64,1.79
309.0,bike_flow_2.9,ped_25,10.01,5.24,1.91
309.0,bike_flow_2.9,ped_32,10.56,5.24,2.02
310.0,bike_flow_2.10,ped_37,7.97,2.85,2.8
310.0,bike_flow_2.12,ped_3,10.46,3.78,2.77
310.0,bike_flow_2.12,ped_39,7.96,3.78,2.11
310.0,bike_flow_2.12,ped_5,6.7,3.78,1.77
310.0,bike_flow_2.9,ped_25,15.62,5.79,2.7
310.0,bike_flow_2.9,ped_32,16.47,5.79,2.84
311.0,bike_flow_2.10,ped_25,10.64,5.76,1.85
311.0,bike_flow_2.10,ped_32,10.75,5.76,1.87
311.0,bike_flow_2.10,ped_37,13.62,5.76,2.36
311.0,bike_flow_2.12,ped_3,7.08,4.11,1.72
311.0,bike_flow_2.12,ped_37,10.53,4.11,2.56
311.0,bike_flow_2.12,ped_39,5.77,4.11,1.4
311.0,bike_flow_2.12,ped_5,6.07,4.11,1.47
312.0,bike_flow_2.10,ped_25,12.73,5.08,2.51
312.0,bike_flow_2.10,ped_32,13.36,5.08,2.63
312.0,bike_flow_2.11,ped_3,11.02,4.46,2.47
312.0,bike_flow_2.11,ped_37,7.4,4.46,1.66
312.0,bike_flow_2.13,ped_3,9.75,4.29,2.27
312.0,bike_flow_2.13,ped_39,6.75,4.29,1.57
312.0,bike_flow_2.13,ped_5,6.11,4.29,1.42
313.0,bike_flow_2.11,ped_37,11.2,4.22,2.66
314.0,bike_flow_2.11,ped_25,11.45,5.18,2.21
314.0,bike_flow_2.11,ped_32,12.26,5.18,2.37
314.0,bike_flow_2.12,ped_37,6.79,2.98,2.28
314.0,bike_flow_2.13,ped_3,6.42,3.54,1.81
314.0,bike_flow_2.13,ped_37,8.3,3.54,2.34
314.0,bike_flow_2.13,ped_39,7.26,3.54,2.05
314.0,bike_flow_2.13,ped_5,7.9,3.54,2.23
315.0,bike_flow_2.12,ped_3,14.85,5.25,2.83
315.0,bike_flow_2.12,ped_37,10.75,5.25,2.05
315.0,bike_flow_2.14,ped_3,7.96,2.89,2.76
316.0,bike_flow_2.12,ped_25,13.38,5.51,2.43
316.0,bike_flow_2.12,ped_32,11.85,5.51,2.15
316.0,bike_flow_2.13,ped_37,6.41,2.47,2.59
317.0,bike_flow_2.13,ped_37,8.26,3.73,2.21
318.0,bike_flow_2.13,ped_37,12.6,4.31,2.92
318.0,bike_flow_2.14,ped_3,7.37,3.52,2.09
318.0,bike_flow_2.14,ped_37,6.42,3.52,1.82
319.0,bike_flow_2.14,ped_3,11.95,5.48,2.18
319.0,bike_flow_2.14,ped_37,8.97,5.48,1.64
319.0,bike_flow_2.15,ped_3,6.46,2.94,2.2
319.0,bike_flow_2.15,ped_37,7.94,2.94,2.7
320.0,bike_flow_2.13,ped_32,9.39,3.95,2.38
320.0,bike_flow_2.15,ped_37,6.55,4.99,1.31
321.0,bike_flow_2.13,ped_32,10.93,5.66,1.93
321.0,bike_flow_2.15,ped_37,8.44,2.96,2.85
322.0,bike_flow_2.13,ped_32,17.19,6.22,2.77
322.0,bike_flow_2.14,ped_32,9.96,3.73,2.67
322.0,bike_flow_2.16,ped_37,6.41,5.45,1.17
323.0,bike_flow_2.14,ped_32,8.05,4.48,1.8
323.0,bike_flow_2.16,ped_37,8.59,4.88,1.76
323.0,bike_flow_2.16,ped_48,6.29,4.88,1.29
324.0,bike_flow_2.14,ped_32,12.03,5.92,2.03
324.0,bike_flow_2.15,ped_32,8.25,5.37,1.54
325.0,bike_flow_2.15,ped_32,6.42,4.26,1.51
325.0,bike_flow_2.17,ped_48,2.59,4.99,0.52
326.0,bike_flow_2.15,ped_32,10.76,5.46,1.97
326.0,bike_flow_2.16,ped_48,9.46,3.42,2.77
326.0,bike_flow_2.17,ped_48,2.63,0.92,2.85
327.0,bike_flow_2.16,ped_32,6.95,6.33,1.1
327.0,bike_flow_2.16,ped_48,14.27,6.33,2.26
327.0,bike_flow_2.17,ped_48,3.14,3.8,0.83
328.0,bike_flow_2.16,ped_32,8.51,6.45,1.32
328.0,bike_flow_2.16,ped_48,19.31,6.45,2.99
328.0,bike_flow_2.17,ped_32,9.95,6.28,1.58
328.0,bike_flow_2.17,ped_48,7.41,6.28,1.18
329.0,bike_flow_2.16,ped_32,15.02,6.46,2.33
329.0,bike_flow_2.17,ped_32,6.71,4.66,1.44
329.0,bike_flow_2.17,ped_48,10.59,4.66,2.27
329.0,bike_flow_2.18,ped_48,5.65,2.38,2.37
330.0,bike_flow_2.18,ped_48,3.58,3.72,0.96
331.0,bike_flow_2.17,ped_32,8.43,3.81,2.21
331.0,bike_flow_2.18,ped_32,8.82,5.45,1.62
331.0,bike_flow_2.18,ped_41,11.45,5.45,2.1
331.0,bike_flow_2.18,ped_48,3.03,5.45,0.56
331.0,bike_flow_2.19,ped_41,3.21,5.11,0.63
331.0,bike_flow_2.19,ped_48,9.53,5.11,1.86
332.0,bike_flow_2.17,ped_32,13.64,4.86,2.8
332.0,bike_flow_2.18,ped_32,6.45,5.82,1.11
332.0,bike_flow_2.18,ped_41,16.28,5.82,2.8
332.0,bike_flow_2.18,ped_48,6.57,5.82,1.13
332.0,bike_flow_2.19,ped_32,12.27,5.3,2.32
332.0,bike_flow_2.19,ped_41,5.65,5.3,1.07
332.0,bike_flow_2.19,ped_48,5.85,5.3,1.1
333.0,bike_flow_2.17,ped_48,16.18,5.82,2.78
333.0,bike_flow_2.19,ped_32,7.48,5.69,1.31
333.0,bike_flow_2.19,ped_41,9.93,5.69,1.75
333.0,bike_flow_2.19,ped_48,2.69,5.69,0.47
334.0,bike_flow_2.17,ped_42,11.09,8.55,1.3
334.0,bike_flow_2.17,ped_44,11.76,8.55,1.38
334.0,bike_flow_2.17,ped_48,19.83,8.55,2.32
334.0,bike_flow_2.18,ped_48,8.9,3.27,2.72
334.0,bike_flow_2.19,ped_48,2.56,2.0,1.28
334.0,bike_flow_2.20,ped_32,12.16,6.63,1.84
334.0,bike_flow_2.20,ped_41,3.35,6.63,0.51
334.0,bike_flow_2.20,ped_48,9.8,6.63,1.48
335.0,bike_flow_2.17,ped_42,6.75,10.26,0.66
335.0,bike_flow_2.17,ped_44,6.52,10.26,0.64
335.0,bike_flow_2.18,ped_48,11.74,5.0,2.35
335.0,bike_flow_2.19,ped_32,7.03,2.85,2.47
335.0,bike_flow_2.19,ped_48,3.02,2.85,1.06
335.0,bike_flow_2.20,ped_32,8.55,3.69,2.32
335.0,bike_flow_2.20,ped_41,4.92,3.69,1.33
335.0,bike_flow_2.20,ped_48,7.45,3.69,2.02
336.0,bike_flow_2.18,ped_48,12.33,5.01,2.46
336.0,bike_flow_2.19,ped_48,4.21,2.94,1.43
336.0,bike_flow_2.20,ped_32,6.54,3.36,1.95
336.0,bike_flow_2.20,ped_41,6.92,3.36,2.06
336.0,bike_flow_2.20,ped_48,5.47,3.36,1.63
336.0,bike_flow_2.21,ped_41,4.92,4.04,1.22
337.0,bike_flow_2.18,ped_42,12.29,5.67,2.17
337.0,bike_flow_2.18,ped_44,12.91,5.67,2.28
337.0,bike_flow_2.18,ped_48,14.21,5.67,2.51
337.0,bike_flow_2.19,ped_32,14.2,4.75,2.99
337.0,bike_flow_2.19,ped_48,7.12,4.75,1.5
337.0,bike_flow_2.20,ped_32,7.08,3.39,2.09
337.0,bike_flow_2.20,ped_41,9.13,3.39,2.69
337.0,bike_flow_2.20,ped_48,3.76,3.39,1.11
337.0,bike_flow_2.21,ped_32,8.48,4.67,1.82
337.0,bike_flow_2.21,ped_41,3.2,4.67,0.68
337.0,bike_flow_2.21,ped_48,11.63,4.67,2.49
338.0,bike_flow_2.18,ped_42,6.65,7.87,0.84
338.0,bike_flow_2.18,ped_44,6.92,7.87,0.88
338.0,bike_flow_2.18,ped_48,19.81,7.87,2.52
338.0,bike_flow_2.19,ped_48,8.78,5.14,1.71
338.0,bike_flow_2.20,ped_32,10.37,4.18,2.48
338.0,bike_flow_2.20,ped_41,12.3,4.18,2.94
338.0,bike_flow_2.20,ped_48,2.56,4.18,0.61
338.0,bike_flow_2.21,ped_41,3.25,1.46,2.23
339.0,bike_flow_2.19,ped_48,9.18,3.64,2.52
339.0,bike_flow_2.20,ped_48,4.52,5.0,0.9
339.0,bike_flow_2.21,ped_32,6.43,2.82,2.28
339.0,bike_flow_2.21,ped_41,4.05,2.82,1.43
339.0,bike_flow_2.22,ped_41,6.77,3.28,2.06
340.0,bike_flow_2.19,ped_42,9.01,6.44,1.4
340.0,bike_flow_2.19,ped_44,9.69,6.44,1.5
340.0,bike_flow_2.19,ped_48,13.09,6.44,2.03
340.0,bike_flow_2.19,ped_49,15.15,6.44,2.35
340.0,bike_flow_2.20,ped_48,5.79,3.92,1.48
340.0,bike_flow_2.21,ped_32,8.7,4.2,2.07
340.0,bike_flow_2.21,ped_41,6.63,4.2,1.58
340.0,bike_flow_2.21,ped_48,7.03,4.2,1.67
340.0,bike_flow_2.22,ped_32,7.45,2.95,2.52
340.0,bike_flow_2.22,ped_41,5.05,2.95,1.71
341.0,bike_flow_2.19,ped_42,6.58,6.87,0.96
341.0,bike_flow_2.19,ped_44,6.44,6.87,0.94
341.0,bike_flow_2.19,ped_48,19.27,6.87,2.8
341.0,bike_flow_2.19,ped_49,8.63,6.87,1.26
341.0,bike_flow_2.20,ped_42,12.73,6.01,2.12
341.0,bike_flow_2.20,ped_44,13.42,6.01,2.23
341.0,bike_flow_2.20,ped_48,8.0,6.01,1.33
341.0,bike_flow_2.21,ped_41,8.96,3.44,2.61
341.0,bike_flow_2.21,ped_48,4.96,3.44,1.44
341.0,bike_flow_2.22,ped_32,6.51,3.98,1.64
341.0,bike_flow_2.22,ped_41,3.3,3.98,0.83
342.0,bike_flow_2.20,ped_42,8.36,4.77,1.75
342.0,bike_flow_2.20,ped_44,9.0,4.77,1.89
342.0,bike_flow_2.20,ped_48,11.01,4.77,2.31
342.0,bike_flow_2.20,ped_49,14.0,4.77,2.93
342.0,bike_flow_2.21,ped_41,13.34,5.63,2.37
342.0,bike_flow_2.21,ped_48,2.48,5.63,0.44
342.0,bike_flow_2.22,ped_41,3.22,2.12,1.52
342.0,bike_flow_2.23,ped_32,6.97,4.12,1.69
342.0,bike_flow_2.23,ped_41,7.46,4.12,1.81
343.0,bike_flow_2.20,ped_42,7.1,7.51,0.95
343.0,bike_flow_2.20,ped_44,6.78,7.51,0.9
343.0,bike_flow_2.20,ped_48,17.09,7.51,2.28
343.0,bike_flow_2.20,ped_49,7.53,7.51,1.0
343.0,bike_flow_2.20,ped_51,9.83,7.51,1.31
343.0,bike_flow_2.21,ped_41,15.97,5.64,2.83
343.0,bike_flow_2.21,ped_42,15.22,5.64,2.7
343.0,bike_flow_2.21,ped_44,15.98,5.64,2.83
343.0,bike_flow_2.21,ped_48,2.65,5.64,0.47
343.0,bike_flow_2.22,ped_41,4.0,2.94,1.36
344.0,bike_flow_2.21,ped_42,10.36,4.55,2.27
344.0,bike_flow_2.21,ped_44,10.97,4.55,2.41
344.0,bike_flow_2.21,ped_48,4.05,4.55,0.89
344.0,bike_flow_2.22,ped_32,16.45,5.88,2.8
344.0,bike_flow_2.22,ped_41,7.95,5.88,1.35
344.0,bike_flow_2.22,ped_48,7.54,5.88,1.28
344.0,bike_flow_2.23,ped_32,7.08,2.94,2.41
344.0,bike_flow_2.23,ped_41,5.8,2.94,1.97
344.0,bike_flow_2.23,ped_43,8.51,2.94,2.89
345.0,bike_flow_2.21,ped_42,6.7,5.29,1.27
345.0,bike_flow_2.21,ped_44,7.03,5.29,1.33
345.0,bike_flow_2.21,ped_48,7.77,5.29,1.47
345.0,bike_flow_2.21,ped_49,10.83,5.29,2.05
345.0,bike_flow_2.21,ped_51,13.33,5.29,2.52
345.0,bike_flow_2.22,ped_41,11.68,5.18,2.25
345.0,bike_flow_2.22,ped_48,5.7,5.18,1.1
345.0,bike_flow_2.23,ped_32,11.41,5.42,2.11
345.0,bike_flow_2.23,ped_41,3.23,5.42,0.6
345.0,bike_flow_2.23,ped_43,12.94,5.42,2.39
345.0,bike_flow_2.23,ped_48,13.59,5.42,2.51
345.0,bike_flow_2.24,ped_43,3.21,1.8,1.79
346.0,bike_flow_2.21,ped_42,8.6,6.72,1.28
346.0,bike_flow_2.21,ped_44,7.99,6.72,1.19
346.0,bike_flow_2.21,ped_48,13.06,6.72,1.94
346.0,bike_flow_2.21,ped_49,6.5,6.72,0.97
346.0,bike_flow_2.21,ped_51,7.37,6.72,1.1
346.0,bike_flow_2.22,ped_41,13.46,5.87,2.29
346.0,bike_flow_2.22,ped_42,11.28,5.87,1.92
346.0,bike_flow_2.22,ped_44,12.08,5.87,2.06
346.0,bike_flow_2.22,ped_48,3.34,5.87,0.57
346.0,bike_flow_2.22,ped_49,17.36,5.87,2.96
346.0,bike_flow_2.23,ped_41,4.09,3.85,1.06
346.0,bike_flow_2.23,ped_48,11.12,3.85,2.89
346.0,bike_flow_2.24,ped_32,6.5,3.09,2.1
346.0,bike_flow_2.24,ped_43,4.04,3.09,1.31
346.0,bike_flow_2.24,ped_54,4.25,3.09,1.37
347.0,bike_flow_2.21,ped_42,15.13,7.03,2.15
347.0,bike_flow_2.21,ped_44,14.41,7.03,2.05
347.0,bike_flow_2.21,ped_48,18.74,7.03,2.67
347.0,bike_flow_2.21,ped_49,9.39,7.03,1.34
347.0,bike_flow_2.21,ped_51,7.99,7.03,1.14
347.0,bike_flow_2.22,ped_42,7.54,4.33,1.74
347.0,bike_flow_2.22,ped_44,8.0,4.33,1.85
347.0,bike_flow_2.22,ped_48,2.7,4.33,0.62
347.0,bike_flow_2.22,ped_49,12.58,4.33,2.9
347.0,bike_flow_2.23,ped_41,5.1,2.39,2.13
347.0,bike_flow_2.24,ped_32,9.98,5.5,1.82
347.0,bike_flow_2.24,ped_41,6.79,5.5,1.23
347.0,bike_flow_2.24,ped_43,7.85,5.5,1.43
347.0,bike_flow_2.24,ped_54,7.74,5.5,1.41
348.0,bike_flow_2.22,ped_41,16.5,5.5,3.0
348.0,bike_flow_2.22,ped_42,6.85,5.5,1.24
348.0,bike_flow_2.22,ped_44,6.6,5.5,1.2
348.0,bike_flow_2.22,ped_48,5.63,5.5,1.02
348.0,bike_flow_2.22,ped_49,7.7,5.5,1.4
348.0,bike_flow_2.22,ped_51,8.79,5.5,1.6
348.0,bike_flow_2.23,ped_41,7.27,3.58,2.03
348.0,bike_flow_2.23,ped_48,10.25,3.58,2.86
348.0,bike_flow_2.24,ped_41,4.24,4.16,1.02
348.0,bike_flow_2.24,ped_43,11.05,4.16,2.66
348.0,bike_flow_2.24,ped_54,10.02,4.16,2.41
348.0,bike_flow_2.25,ped_32,7.27,4.98,1.46
348.0,bike_flow_2.25,ped_41,12.65,4.98,2.54
348.0,bike_flow_2.25,ped_43,3.39,4.98,0.68
348.0,bike_flow_2.25,ped_54,2.57,4.98,0.52
349.0,bike_flow_2.22,ped_42,11.67,6.5,1.8
349.0,bike_flow_2.22,ped_44,10.91,6.5,1.68
349.0,bike_flow_2.22,ped_48,10.59,6.5,1.63
349.0,bike_flow_2.22,ped_49,7.12,6.5,1.1
349.0,bike_flow_2.22,ped_51,6.63,6.5,1.02
349.0,bike_flow_2.23,ped_41,10.26,6.34,1.62
349.0,bike_flow_2.23,ped_42,10.52,6.34,1.66
349.0,bike_flow_2.23,ped_44,11.25,6.34,1.77
349.0,bike_flow_2.23,ped_48,7.96,6.34,1.26
349.0,bike_flow_2.23,ped_49,16.22,6.34,2.56
349.0,bike_flow_2.23,ped_51,17.5,6.34,2.76
349.0,bike_flow_2.24,ped_41,3.27,3.02,1.08
349.0,bike_flow_2.25,ped_43,4.61,3.08,1.5
349.0,bike_flow_2.25,ped_54,3.05,3.08,0.99
350.0,bike_flow_2.23,ped_41,11.08,5.17,2.14
350.0,bike_flow_2.23,ped_42,6.75,5.17,1.31
350.0,bike_flow_2.23,ped_44,7.06,5.17,1.36
350.0,bike_flow_2.23,ped_48,4.45,5.17,0.86
350.0,bike_flow_2.23,ped_49,10.76,5.17,2.08
350.0,bike_flow_2.23,ped_51,11.53,5.17,2.23
350.0,bike_flow_2.24,ped_41,3.59,3.27,1.1
350.0,bike_flow_2.25,ped_43,6.28,2.9,2.17
350.0,bike_flow_2.25,ped_54,3.87,2.9,1.33
350.0,bike_flow_2.26,ped_43,4.71,3.85,1.23
350.0,bike_flow_2.26,ped_54,6.49,3.85,1.69
351.0,bike_flow_2.23,ped_41,15.54,7.24,2.15
351.0,bike_flow_2.23,ped_42,8.78,7.24,1.21
351.0,bike_flow_2.23,ped_44,8.28,7.24,1.14
351.0,bike_flow_2.23,ped_48,3.38,7.24,0.47
351.0,bike_flow_2.23,ped_49,6.42,7.24,0.89
351.0,bike_flow_2.23,ped_51,6.55,7.24,0.91
351.0,bike_flow_2.24,ped_41,6.36,5.05,1.26
351.0,bike_flow_2.24,ped_42,13.37,5.05,2.65
351.0,bike_flow_2.24,ped_44,13.92,5.05,2.76
351.0,bike_flow_2.24,ped_48,13.4,5.05,2.65
351.0,bike_flow_2.25,ped_41,6.83,2.96,2.31
351.0,bike_flow_2.25,ped_43,8.24,2.96,2.78
351.0,bike_flow_2.25,ped_54,5.0,2.96,1.69
351.0,bike_flow_2.26,ped_43,3.72,2.34,1.59
351.0,bike_flow_2.26,ped_54,5.78,2.34,2.47
352.0,bike_flow_2.23,ped_42,16.07,7.89,2.04
352.0,bike_flow_2.23,ped_44,15.41,7.89,1.95
352.0,bike_flow_2.23,ped_48,9.09,7.89,1.15
352.0,bike_flow_2.23,ped_49,10.63,7.89,1.35
352.0,bike_flow_2.23,ped_51,9.91,7.89,1.26
352.0,bike_flow_2.23,ped_52,7.37,7.89,0.93
352.0,bike_flow_2.24,ped_41,7.65,5.09,1.5
352.0,bike_flow_2.24,ped_42,8.15,5.09,1.6
352.0,bike_flow_2.24,ped_44,8.6,5.09,1.69
352.0,bike_flow_2.24,ped_48,11.11,5.09,2.18
352.0,bike_flow_2.24,ped_49,12.88,5.09,2.53
352.0,bike_flow_2.24,ped_51,13.68,5.09,2.69
352.0,bike_flow_2.25,ped_41,4.33,4.08,1.06
352.0,bike_flow_2.25,ped_43,11.3,4.08,2.77
352.0,bike_flow_2.25,ped_54,7.02,4.08,1.72
352.0,bike_flow_2.26,ped_43,3.2,2.86,1.12
352.0,bike_flow_2.26,ped_54,4.89,2.86,1.71
353.0,bike_flow_2.24,ped_41,9.45,5.41,1.75
353.0,bike_flow_2.24,ped_42,6.56,5.41,1.21
353.0,bike_flow_2.24,ped_44,6.42,5.41,1.19
353.0,bike_flow_2.24,ped_48,7.27,5.41,1.34
353.0,bike_flow_2.24,ped_49,7.91,5.41,1.46
353.0,bike_flow_2.24,ped_51,8.35,5.41,1.54
353.0,bike_flow_2.25,ped_41,3.67,2.1,1.74
353.0,bike_flow_2.26,ped_41,11.22,3.85,2.92
353.0,bike_flow_2.26,ped_43,4.48,3.85,1.16
353.0,bike_flow_2.26,ped_54,3.33,3.85,0.87
353.0,bike_flow_2.27,ped_43,6.78,3.12,2.18
354.0,bike_flow_2.24,ped_41,13.79,5.92,2.33
354.0,bike_flow_2.24,ped_42,10.42,5.92,1.76
354.0,bike_flow_2.24,ped_44,9.77,5.92,1.65
354.0,bike_flow_2.24,ped_48,3.28,5.92,0.55
354.0,bike_flow_2.24,ped_49,6.78,5.92,1.15
354.0,bike_flow_2.24,ped_51,6.52,5.92,1.1
354.0,bike_flow_2.24,ped_52,11.28,5.92,1.91
354.0,bike_flow_2.25,ped_41,3.19,3.03,1.05
354.0,bike_flow_2.25,ped_54,8.35,3.03,2.76
354.0,bike_flow_2.26,ped_43,5.65,2.36,2.39
354.0,bike_flow_2.26,ped_54,3.06,2.36,1.3
354.0,bike_flow_2.27,ped_43,4.39,3.82,1.15
354.0,bike_flow_2.27,ped_54,9.67,3.82,2.53
355.0,bike_flow_2.24,ped_42,17.5,7.05,2.48
355.0,bike_flow_2.24,ped_44,16.84,7.05,2.39
355.0,bike_flow_2.24,ped_48,4.6,7.05,0.65
355.0,bike_flow_2.24,ped_49,12.12,7.05,1.72
355.0,bike_flow_2.24,ped_51,11.52,7.05,1.63
355.0,bike_flow_2.24,ped_52,6.46,7.05,0.92
355.0,bike_flow_2.25,ped_41,3.63,4.16,0.87
355.0,bike_flow_2.25,ped_42,9.57,4.16,2.3
355.0,bike_flow_2.25,ped_44,9.98,4.16,2.4
355.0,bike_flow_2.25,ped_54,10.08,4.16,2.42
355.0,bike_flow_2.26,ped_43,7.26,2.58,2.81
355.0,bike_flow_2.26,ped_54,2.72,2.58,1.05
356.0,bike_flow_2.25,ped_41,4.38,3.94,1.11
356.0,bike_flow_2.25,ped_42,6.58,3.94,1.67
356.0,bike_flow_2.25,ped_44,6.73,3.94,1.71
356.0,bike_flow_2.25,ped_49,9.28,3.94,2.36
356.0,bike_flow_2.25,ped_51,9.83,3.94,2.5
356.0,bike_flow_2.25,ped_54,9.97,3.94,2.53
356.0,bike_flow_2.26,ped_41,4.63,4.94,0.94
356.0,bike_flow_2.26,ped_43,11.11,4.94,2.25
356.0,bike_flow_2.26,ped_54,3.39,4.94,0.69
357.0,bike_flow_2.25,ped_41,6.09,3.87,1.57
357.0,bike_flow_2.25,ped_42,7.15,3.87,1.85
357.0,bike_flow_2.25,ped_44,7.03,3.87,1.82
357.0,bike_flow_2.25,ped_49,6.63,3.87,1.71
357.0,bike_flow_2.25,ped_51,6.88,3.87,1.78
357.0,bike_flow_2.25,ped_54,10.3,3.87,2.66
357.0,bike_flow_2.26,ped_41,3.19,4.35,0.73
357.0,bike_flow_2.26,ped_42,10.34,4.35,2.37
357.0,bike_flow_2.26,ped_44,11.09,4.35,2.55
357.0,bike_flow_2.26,ped_54,5.51,4.35,1.27
357.0,bike_flow_2.27,ped_43,3.2,3.29,0.97
357.0,bike_flow_2.27,ped_54,9.58,3.29,2.91
358.0,bike_flow_2.25,ped_41,11.05,5.99,1.84
358.0,bike_flow_2.25,ped_42,12.38,5.99,2.07
358.0,bike_flow_2.25,ped_44,11.38,5.99,1.9
358.0,bike_flow_2.25,ped_48,8.65,5.99,1.44
358.0,bike_flow_2.25,ped_49,8.31,5.99,1.39
358.0,bike_flow_2.25,ped_51,7.86,5.99,1.31
358.0,bike_flow_2.25,ped_52,8.39,5.99,1.4
358.0,bike_flow_2.25,ped_54,13.84,5.99,2.31
358.0,bike_flow_2.26,ped_41,2.08,4.28,0.49
358.0,bike_flow_2.26,ped_42,6.41,4.28,1.5
358.0,bike_flow_2.26,ped_44,6.08,4.28,1.42
358.0,bike_flow_2.26,ped_49,9.1,4.28,2.12
358.0,bike_flow_2.26,ped_51,9.61,4.28,2.24
358.0,bike_flow_2.26,ped_54,6.45,4.28,1.51
358.0,bike_flow_2.27,ped_41,10.23,5.74,1.78
358.0,bike_flow_2.27,ped_43,5.69,5.74,0.99
358.0,bike_flow_2.27,ped_54,5.67,5.74,0.99
359.0,bike_flow_2.25,ped_41,18.93,8.05,2.35
359.0,bike_flow_2.25,ped_44,19.88,8.05,2.47
359.0,bike_flow_2.25,ped_48,2.98,8.05,0.37
359.0,bike_flow_2.25,ped_49,15.75,8.05,1.96
359.0,bike_flow_2.25,ped_51,15.01,8.05,1.87
359.0,bike_flow_2.25,ped_52,7.55,8.05,0.94
359.0,bike_flow_2.26,ped_41,4.84,5.14,0.94
359.0,bike_flow_2.26,ped_42,8.2,5.14,1.6
359.0,bike_flow_2.26,ped_44,7.21,5.14,1.4
359.0,bike_flow_2.26,ped_49,6.4,5.14,1.25
359.0,bike_flow_2.26,ped_51,6.45,5.14,1.25
359.0,bike_flow_2.26,ped_52,12.16,5.14,2.37
359.0,bike_flow_2.26,ped_54,7.91,5.14,1.54
359.0,bike_flow_2.27,ped_41,7.53,3.54,2.13
359.0,bike_flow_2.27,ped_43,8.04,3.54,2.28
359.0,bike_flow_2.27,ped_54,3.95,3.54,1.12
359.0,bike_flow_2.28,ped_43,6.14,3.81,1.61
360.0,bike_flow_2.26,ped_41,10.09,5.55,1.82
360.0,bike_flow_2.26,ped_42,13.49,5.55,2.43
360.0,bike_flow_2.26,ped_44,12.77,5.55,2.3
360.0,bike_flow_2.26,ped_48,11.81,5.55,2.13
360.0,bike_flow_2.26,ped_49,9.16,5.55,1.65
360.0,bike_flow_2.26,ped_51,8.64,5.55,1.56
360.0,bike_flow_2.26,ped_52,7.35,5.55,1.32
360.0,bike_flow_2.26,ped_54,11.55,5.55,2.08
360.0,bike_flow_2.27,ped_41,5.18,3.69,1.41
360.0,bike_flow_2.27,ped_42,10.94,3.69,2.97
360.0,bike_flow_2.27,ped_43,10.66,3.69,2.89
360.0,bike_flow_2.27,ped_44,10.35,3.69,2.81
360.0,bike_flow_2.27,ped_54,2.97,3.69,0.8
360.0,bike_flow_2.28,ped_41,14.15,6.31,2.24
360.0,bike_flow_2.28,ped_43,3.21,6.31,0.51
360.0,bike_flow_2.28,ped_54,11.63,6.31,1.84
361.0,bike_flow_2.26,ped_41,15.94,5.9,2.7
361.0,bike_flow_2.26,ped_48,7.23,5.9,1.23
361.0,bike_flow_2.26,ped_49,14.93,5.9,2.53
361.0,bike_flow_2.26,ped_51,14.22,5.9,2.41
361.0,bike_flow_2.26,ped_52,7.37,5.9,1.25
361.0,bike_flow_2.26,ped_54,16.69,5.9,2.83
361.0,bike_flow_2.27,ped_54,3.16,1.41,2.24
361.0,bike_flow_2.28,ped_41,10.31,4.94,2.09
361.0,bike_flow_2.28,ped_43,5.42,4.94,1.1
361.0,bike_flow_2.28,ped_54,8.43,4.94,1.71
362.0,bike_flow_2.26,ped_48,2.56,8.03,0.32
362.0,bike_flow_2.26,ped_52,14.33,8.03,1.78
362.0,bike_flow_2.27,ped_54,2.85,1.31,2.18
362.0,bike_flow_2.29,ped_43,7.6,4.63,1.64
363.0,bike_flow_2.28,ped_54,6.37,2.21,2.88
363.0,bike_flow_2.29,ped_43,4.06,5.25,0.77
363.0,bike_flow_2.29,ped_54,13.67,5.25,2.6
364.0,bike_flow_2.29,ped_43,3.3,2.45,1.35
365.0,bike_flow_2.29,ped_43,3.22,1.19,2.69
365.0,bike_flow_2.30,ped_43,10.37,5.08,2.04
366.0,bike_flow_2.27,ped_41,5.0,2.6,1.92
366.0,bike_flow_2.27,ped_49,6.79,2.6,2.61
366.0,bike_flow_2.27,ped_51,6.27,2.6,2.41
366.0,bike_flow_2.27,ped_54,3.76,2.6,1.44
366.0,bike_flow_2.30,ped_43,8.08,3.3,2.45
367.0,bike_flow_2.27,ped_41,6.88,5.53,1.24
367.0,bike_flow_2.27,ped_42,14.88,5.53,2.69
367.0,bike_flow_2.27,ped_43,10.61,5.53,1.92
367.0,bike_flow_2.27,ped_44,15.17,5.53,2.74
367.0,bike_flow_2.27,ped_49,10.22,5.53,1.85
367.0,bike_flow_2.27,ped_51,10.42,5.53,1.89
367.0,bike_flow_2.27,ped_52,6.4,5.53,1.16
367.0,bike_flow_2.27,ped_54,6.06,5.53,1.1
367.0,bike_flow_2.31,ped_43,14.32,4.9,2.92
368.0,bike_flow_2.27,ped_41,13.03,7.17,1.82
368.0,bike_flow_2.27,ped_43,15.07,7.17,2.1
368.0,bike_flow_2.27,ped_49,17.51,7.17,2.44
368.0,bike_flow_2.27,ped_51,18.13,7.17,2.53
368.0,bike_flow_2.27,ped_52,10.2,7.17,1.42
368.0,bike_flow_2.27,ped_53,12.21,7.17,1.7
368.0,bike_flow_2.27,ped_54,12.95,7.17,1.81
368.0,bike_flow_2.28,ped_41,8.24,3.76,2.19
368.0,bike_flow_2.28,ped_42,10.89,3.76,2.9
368.0,bike_flow_2.28,ped_43,7.12,3.76,1.9
368.0,bike_flow_2.28,ped_44,10.93,3.76,2.91
368.0,bike_flow_2.28,ped_49,8.0,3.76,2.13
368.0,bike_flow_2.28,ped_51,7.73,3.76,2.06
368.0,bike_flow_2.28,ped_52,9.26,3.76,2.47
368.0,bike_flow_2.28,ped_54,6.61,3.76,1.76
369.0,bike_flow_2.27,ped_53,6.42,9.7,0.66
369.0,bike_flow_2.28,ped_41,8.43,5.23,1.61
369.0,bike_flow_2.28,ped_42,14.68,5.23,2.81
369.0,bike_flow_2.28,ped_43,8.17,5.23,1.56
369.0,bike_flow_2.28,ped_44,14.33,5.23,2.74
369.0,bike_flow_2.28,ped_49,10.22,5.23,1.95
369.0,bike_flow_2.28,ped_51,10.91,5.23,2.08
369.0,bike_flow_2.28,ped_52,5.77,5.23,1.1
369.0,bike_flow_2.28,ped_54,6.96,5.23,1.33
369.0,bike_flow_2.29,ped_43,3.42,3.78,0.9
370.0,bike_flow_2.28,ped_41,12.93,5.99,2.16
370.0,bike_flow_2.28,ped_43,11.47,5.99,1.91
370.0,bike_flow_2.28,ped_49,16.18,5.99,2.7
370.0,bike_flow_2.28,ped_51,17.46,5.99,2.91
370.0,bike_flow_2.28,ped_52,9.4,5.99,1.57
370.0,bike_flow_2.28,ped_53,13.12,5.99,2.19
370.0,bike_flow_2.28,ped_54,12.83,5.99,2.14
370.0,bike_flow_2.29,ped_41,8.84,5.36,1.65
370.0,bike_flow_2.29,ped_42,11.45,5.36,2.14
370.0,bike_flow_2.29,ped_43,5.65,5.36,1.05
370.0,bike_flow_2.29,ped_44,10.18,5.36,1.9
370.0,bike_flow_2.29,ped_49,8.79,5.36,1.64
370.0,bike_flow_2.29,ped_51,9.18,5.36,1.71
370.0,bike_flow_2.29,ped_52,7.44,5.36,1.39
370.0,bike_flow_2.29,ped_54,9.6,5.36,1.79
371.0,bike_flow_2.28,ped_43,18.32,8.05,2.28
371.0,bike_flow_2.28,ped_52,17.93,8.05,2.23
371.0,bike_flow_2.28,ped_53,6.77,8.05,0.84
371.0,bike_flow_2.29,ped_41,8.54,3.85,2.22
371.0,bike_flow_2.29,ped_43,6.15,3.85,1.6
371.0,bike_flow_2.29,ped_49,10.73,3.85,2.79
371.0,bike_flow_2.29,ped_52,5.73,3.85,1.49
371.0,bike_flow_2.29,ped_54,9.09,3.85,2.36
371.0,bike_flow_2.30,ped_43,5.6,2.86,1.96
372.0,bike_flow_2.29,ped_41,13.69,6.52,2.1
372.0,bike_flow_2.29,ped_42,19.19,6.52,2.94
372.0,bike_flow_2.29,ped_43,10.19,6.52,1.56
372.0,bike_flow_2.29,ped_44,18.26,6.52,2.8
372.0,bike_flow_2.29,ped_49,17.15,6.52,2.63
372.0,bike_flow_2.29,ped_51,19.37,6.52,2.97
372.0,bike_flow_2.29,ped_52,10.93,6.52,1.68
372.0,bike_flow_2.29,ped_53,11.91,6.52,1.83
372.0,bike_flow_2.29,ped_54,14.45,6.52,2.22
372.0,bike_flow_2.30,ped_43,4.25,2.22,1.91
373.0,bike_flow_2.29,ped_43,17.85,8.61,2.07
373.0,bike_flow_2.29,ped_53,6.41,8.61,0.74
373.0,bike_flow_2.30,ped_43,2.88,3.49,0.82
373.0,bike_flow_2.30,ped_44,9.21,3.49,2.64
374.0,bike_flow_2.30,ped_41,9.59,5.32,1.8
374.0,bike_flow_2.30,ped_42,10.28,5.32,1.93
374.0,bike_flow_2.30,ped_43,3.15,5.32,0.59
374.0,bike_flow_2.30,ped_44,9.26,5.32,1.74
374.0,bike_flow_2.30,ped_49,11.58,5.32,2.18
374.0,bike_flow_2.30,ped_51,10.43,5.32,1.96
374.0,bike_flow_2.30,ped_52,7.08,5.32,1.33
374.0,bike_flow_2.30,ped_54,10.44,5.32,1.96
374.0,bike_flow_2.31,ped_43,7.96,3.64,2.19
375.0,bike_flow_2.30,ped_43,3.59,3.12,1.15
375.0,bike_flow_2.31,ped_43,6.73,2.38,2.83
376.0,bike_flow_2.30,ped_43,7.55,4.95,1.53
376.0,bike_flow_2.30,ped_53,9.21,4.95,1.86
376.0,bike_flow_2.31,ped_42,9.21,3.19,2.89
376.0,bike_flow_2.31,ped_43,4.83,3.19,1.51
376.0,bike_flow_2.31,ped_44,7.4,3.19,2.32
376.0,bike_flow_2.31,ped_51,9.49,3.19,2.98
376.0,bike_flow_2.32,ped_43,12.17,4.81,2.53
376.0,bike_flow_2.32,ped_44,13.53,4.81,2.81
377.0,bike_flow_2.30,ped_43,14.27,6.59,2.16
377.0,bike_flow_2.30,ped_53,6.48,6.59,0.98
377.0,bike_flow_2.31,ped_41,10.98,5.34,2.06
377.0,bike_flow_2.31,ped_42,9.4,5.34,1.76
377.0,bike_flow_2.31,ped_43,1.17,5.34,0.22
377.0,bike_flow_2.31,ped_44,8.87,5.34,1.66
377.0,bike_flow_2.31,ped_49,11.95,5.34,2.24
377.0,bike_flow_2.31,ped_51,9.4,5.34,1.76
377.0,bike_flow_2.31,ped_52,9.49,5.34,1.78
377.0,bike_flow_2.31,ped_53,15.77,5.34,2.95
377.0,bike_flow_2.31,ped_54,11.79,5.34,2.21
377.0,bike_flow_2.33,ped_55,7.22,3.46,2.08
378.0,bike_flow_2.30,ped_53,12.41,8.46,1.47
378.0,bike_flow_2.31,ped_41,15.98,6.22,2.57
378.0,bike_flow_2.31,ped_42,15.5,6.22,2.49
378.0,bike_flow_2.31,ped_43,5.46,6.22,0.88
378.0,bike_flow_2.31,ped_44,14.67,6.22,2.36
378.0,bike_flow_2.31,ped_49,16.76,6.22,2.7
378.0,bike_flow_2.31,ped_51,15.45,6.22,2.49
378.0,bike_flow_2.31,ped_52,15.14,6.22,2.44
378.0,bike_flow_2.31,ped_53,9.33,6.22,1.5
378.0,bike_flow_2.31,ped_54,18.38,6.22,2.96
378.0,bike_flow_2.32,ped_43,7.22,2.88,2.51
378.0,bike_flow_2.32,ped_44,7.26,2.88,2.53
378.0,bike_flow_2.33,ped_43,14.43,4.92,2.93
378.0,bike_flow_2.33,ped_44,13.31,4.92,2.71
378.0,bike_flow_2.33,ped_55,10.83,4.92,2.2
379.0,bike_flow_2.31,ped_43,12.28,7.05,1.74
379.0,bike_flow_2.31,ped_53,6.53,7.05,0.93
379.0,bike_flow_2.32,ped_42,7.52,4.02,1.87
379.0,bike_flow_2.32,ped_43,4.47,4.02,1.11
379.0,bike_flow_2.32,ped_44,5.67,4.02,1.41
379.0,bike_flow_2.32,ped_49,11.12,4.02,2.77
379.0,bike_flow_2.32,ped_51,7.8,4.02,1.94
379.0,bike_flow_2.34,ped_55,3.2,3.62,0.88
380.0,bike_flow_2.31,ped_53,12.99,8.92,1.46
380.0,bike_flow_2.32,ped_43,3.04,2.27,1.34
380.0,bike_flow_2.34,ped_55,3.85,2.95,1.3
380.0,bike_flow_2.34,ped_57,6.47,2.95,2.19
381.0,bike_flow_2.34,ped_55,5.52,3.34,1.65
381.0,bike_flow_2.34,ped_57,8.19,3.34,2.45
381.0,bike_flow_2.35,ped_55,6.01,3.79,1.59
381.0,bike_flow_2.35,ped_57,3.8,3.79,1.01
382.0,bike_flow_2.33,ped_44,5.85,2.1,2.79
382.0,bike_flow_2.35,ped_55,4.41,2.92,1.51
382.0,bike_flow_2.35,ped_57,3.22,2.92,1.1
383.0,bike_flow_2.32,ped_43,2.93,2.59,1.13
383.0,bike_flow_2.33,ped_42,6.07,2.81,2.16
383.0,bike_flow_2.33,ped_44,6.39,2.81,2.27
383.0,bike_flow_2.33,ped_51,5.47,2.81,1.95
383.0,bike_flow_2.34,ped_55,7.09,2.54,2.79
383.0,bike_flow_2.35,ped_55,3.84,1.92,2.0
383.0,bike_flow_2.35,ped_57,3.22,1.92,1.67
384.0,bike_flow_2.32,ped_42,16.28,5.46,2.98
384.0,bike_flow_2.32,ped_43,6.37,5.46,1.17
384.0,bike_flow_2.32,ped_49,16.31,5.46,2.98
384.0,bike_flow_2.32,ped_51,15.72,5.46,2.88
384.0,bike_flow_2.32,ped_52,14.99,5.46,2.74
384.0,bike_flow_2.32,ped_53,6.41,5.46,1.17
384.0,bike_flow_2.34,ped_42,8.17,3.47,2.35
384.0,bike_flow_2.34,ped_44,5.93,3.47,1.71
384.0,bike_flow_2.34,ped_51,7.64,3.47,2.2
384.0,bike_flow_2.34,ped_55,9.38,3.47,2.7
384.0,bike_flow_2.35,ped_55,3.21,2.89,1.11
384.0,bike_flow_2.35,ped_57,3.76,2.89,1.3
384.0,bike_flow_2.36,ped_55,8.65,3.5,2.47
384.0,bike_flow_2.36,ped_57,6.67,3.5,1.91
385.0,bike_flow_2.32,ped_43,12.35,6.21,1.99
385.0,bike_flow_2.32,ped_53,9.54,6.21,1.54
385.0,bike_flow_2.33,ped_42,11.45,4.77,2.4
385.0,bike_flow_2.33,ped_43,4.82,4.77,1.01
385.0,bike_flow_2.33,ped_44,13.76,4.77,2.89
385.0,bike_flow_2.33,ped_49,10.68,4.77,2.24
385.0,bike_flow_2.33,ped_51,11.2,4.77,2.35
385.0,bike_flow_2.33,ped_52,9.25,4.77,1.94
385.0,bike_flow_2.33,ped_53,8.47,4.77,1.78
385.0,bike_flow_2.35,ped_44,7.94,3.77,2.1
385.0,bike_flow_2.35,ped_51,10.71,3.77,2.84
385.0,bike_flow_2.35,ped_55,4.06,3.77,1.08
385.0,bike_flow_2.35,ped_57,5.37,3.77,1.42
386.0,bike_flow_2.32,ped_53,18.06,8.61,2.1
386.0,bike_flow_2.33,ped_43,6.71,4.79,1.4
386.0,bike_flow_2.33,ped_52,14.1,4.79,2.94
386.0,bike_flow_2.33,ped_53,6.49,4.79,1.35
386.0,bike_flow_2.34,ped_42,6.98,4.41,1.58
386.0,bike_flow_2.34,ped_43,11.07,4.41,2.51
386.0,bike_flow_2.34,ped_44,8.89,4.41,2.01
386.0,bike_flow_2.34,ped_49,7.54,4.41,1.71
386.0,bike_flow_2.34,ped_51,6.78,4.41,1.54
386.0,bike_flow_2.34,ped_52,7.32,4.41,1.66
386.0,bike_flow_2.34,ped_55,13.22,4.41,3.0
386.0,bike_flow_2.35,ped_44,6.18,2.23,2.77
386.0,bike_flow_2.35,ped_55,5.0,2.23,2.24
386.0,bike_flow_2.35,ped_57,6.14,2.23,2.75
386.0,bike_flow_2.36,ped_55,6.59,2.52,2.61
386.0,bike_flow_2.36,ped_57,5.41,2.52,2.14
387.0,bike_flow_2.33,ped_43,13.37,7.6,1.76
387.0,bike_flow_2.33,ped_53,11.56,7.6,1.52
387.0,bike_flow_2.34,ped_42,11.31,4.75,2.38
387.0,bike_flow_2.34,ped_43,7.36,4.75,1.55
387.0,bike_flow_2.34,ped_49,8.68,4.75,1.83
387.0,bike_flow_2.34,ped_51,11.7,4.75,2.47
387.0,bike_flow_2.34,ped_52,8.02,4.75,1.69
387.0,bike_flow_2.34,ped_53,8.13,4.75,1.71
387.0,bike_flow_2.35,ped_44,5.86,2.12,2.77
387.0,bike_flow_2.35,ped_51,6.14,2.12,2.9
387.0,bike_flow_2.35,ped_55,5.9,2.12,2.78
387.0,bike_flow_2.36,ped_44,9.29,3.34,2.78
387.0,bike_flow_2.36,ped_55,4.68,3.34,1.4
387.0,bike_flow_2.36,ped_57,3.98,3.34,1.19
388.0,bike_flow_2.34,ped_43,7.7,5.54,1.39
388.0,bike_flow_2.34,ped_49,13.89,5.54,2.51
388.0,bike_flow_2.34,ped_52,13.17,5.54,2.38
388.0,bike_flow_2.34,ped_53,6.65,5.54,1.2
388.0,bike_flow_2.35,ped_42,6.63,4.0,1.66
388.0,bike_flow_2.35,ped_44,8.42,4.0,2.1
388.0,bike_flow_2.35,ped_49,6.97,4.0,1.74
388.0,bike_flow_2.35,ped_51,6.55,4.0,1.64
388.0,bike_flow_2.35,ped_52,6.86,4.0,1.72
388.0,bike_flow_2.35,ped_55,8.66,4.0,2.16
388.0,bike_flow_2.35,ped_57,9.35,4.0,2.34
388.0,bike_flow_2.37,ped_57,9.86,3.37,2.92
388.0,bike_flow_2.37,ped_58,3.42,3.37,1.01
389.0,bike_flow_2.34,ped_43,13.62,7.96,1.71
389.0,bike_flow_2.34,ped_53,13.31,7.96,1.67
389.0,bike_flow_2.34,ped_55,19.4,7.96,2.44
389.0,bike_flow_2.34,ped_57,19.96,7.96,2.51
389.0,bike_flow_2.35,ped_42,9.7,4.48,2.17
389.0,bike_flow_2.35,ped_43,10.57,4.48,2.36
389.0,bike_flow_2.35,ped_44,13.24,4.48,2.96
389.0,bike_flow_2.35,ped_49,6.92,4.48,1.55
389.0,bike_flow_2.35,ped_51,10.64,4.48,2.38
389.0,bike_flow_2.35,ped_52,6.3,4.48,1.41
389.0,bike_flow_2.35,ped_53,10.91,4.48,2.44
389.0,bike_flow_2.35,ped_55,11.92,4.48,2.66
389.0,bike_flow_2.35,ped_57,12.6,4.48,2.82
389.0,bike_flow_2.36,ped_42,7.77,4.11,1.89
389.0,bike_flow_2.36,ped_44,5.77,4.11,1.4
389.0,bike_flow_2.36,ped_49,11.49,4.11,2.8
389.0,bike_flow_2.36,ped_51,6.36,4.11,1.55
389.0,bike_flow_2.36,ped_52,11.17,4.11,2.72
389.0,bike_flow_2.36,ped_55,3.2,4.11,0.78
389.0,bike_flow_2.36,ped_57,3.29,4.11,0.8
389.0,bike_flow_2.36,ped_58,11.6,4.11,2.82
389.0,bike_flow_2.37,ped_58,4.07,2.46,1.66
390.0,bike_flow_2.35,ped_42,15.81,5.95,2.65
390.0,bike_flow_2.35,ped_43,7.3,5.95,1.23
390.0,bike_flow_2.35,ped_49,12.55,5.95,2.11
390.0,bike_flow_2.35,ped_51,16.95,5.95,2.85
390.0,bike_flow_2.35,ped_52,12.08,5.95,2.03
390.0,bike_flow_2.35,ped_53,7.46,5.95,1.25
390.0,bike_flow_2.35,ped_55,14.29,5.95,2.4
390.0,bike_flow_2.35,ped_57,15.2,5.95,2.55
390.0,bike_flow_2.36,ped_42,6.52,4.75,1.37
390.0,bike_flow_2.36,ped_44,8.45,4.75,1.78
390.0,bike_flow_2.36,ped_49,7.44,4.75,1.57
390.0,bike_flow_2.36,ped_51,6.61,4.75,1.39
390.0,bike_flow_2.36,ped_52,6.83,4.75,1.44
390.0,bike_flow_2.36,ped_55,4.97,4.75,1.05
390.0,bike_flow_2.36,ped_57,5.7,4.75,1.2
390.0,bike_flow_2.37,ped_44,7.14,3.0,2.38
390.0,bike_flow_2.37,ped_55,7.32,3.0,2.44
390.0,bike_flow_2.37,ped_57,6.51,3.0,2.17
390.0,bike_flow_2.37,ped_58,5.45,3.0,1.82
391.0,bike_flow_2.35,ped_43,8.77,4.7,1.87
391.0,bike_flow_2.35,ped_53,10.01,4.7,2.13
391.0,bike_flow_2.36,ped_52,5.78,2.09,2.76
391.0,bike_flow_2.36,ped_55,5.79,2.09,2.77
391.0,bike_flow_2.37,ped_42,7.98,3.52,2.27
391.0,bike_flow_2.37,ped_44,5.77,3.52,1.64
391.0,bike_flow_2.37,ped_51,6.24,3.52,1.77
391.0,bike_flow_2.37,ped_55,5.23,3.52,1.49
391.0,bike_flow_2.37,ped_57,4.64,3.52,1.32
391.0,bike_flow_2.37,ped_58,7.59,3.52,2.16
392.0,bike_flow_2.35,ped_43,13.92,5.6,2.48
392.0,bike_flow_2.35,ped_53,15.38,5.6,2.74
392.0,bike_flow_2.35,ped_55,16.78,5.6,2.99
392.0,bike_flow_2.36,ped_49,7.55,3.4,2.22
392.0,bike_flow_2.36,ped_52,7.2,3.4,2.12
392.0,bike_flow_2.36,ped_55,7.87,3.4,2.32
392.0,bike_flow_2.36,ped_57,8.71,3.4,2.56
392.0,bike_flow_2.37,ped_42,6.43,3.17,2.03
392.0,bike_flow_2.37,ped_44,7.32,3.17,2.31
392.0,bike_flow_2.37,ped_49,8.31,3.17,2.62
392.0,bike_flow_2.37,ped_51,6.11,3.17,1.93
392.0,bike_flow_2.37,ped_52,7.61,3.17,2.4
392.0,bike_flow_2.37,ped_55,3.76,3.17,1.19
392.0,bike_flow_2.37,ped_57,3.37,3.17,1.06
392.0,bike_flow_2.37,ped_58,9.4,3.17,2.97
392.0,bike_flow_2.38,ped_58,3.93,2.25,1.75
393.0,bike_flow_2.36,ped_43,7.05,5.25,1.34
393.0,bike_flow_2.36,ped_49,12.75,5.25,2.43
393.0,bike_flow_2.36,ped_52,12.82,5.25,2.44
393.0,bike_flow_2.36,ped_53,8.78,5.25,1.67
393.0,bike_flow_2.36,ped_55,10.63,5.25,2.02
393.0,bike_flow_2.36,ped_57,11.42,5.25,2.17
393.0,bike_flow_2.37,ped_42,7.25,3.09,2.35
393.0,bike_flow_2.37,ped_49,6.52,3.09,2.11
393.0,bike_flow_2.37,ped_51,8.54,3.09,2.77
393.0,bike_flow_2.37,ped_52,5.79,3.09,1.88
393.0,bike_flow_2.37,ped_55,3.2,3.09,1.04
393.0,bike_flow_2.37,ped_57,3.33,3.09,1.08
393.0,bike_flow_2.38,ped_42,8.51,5.21,1.63
393.0,bike_flow_2.38,ped_44,5.76,5.21,1.11
393.0,bike_flow_2.38,ped_49,12.1,5.21,2.32
393.0,bike_flow_2.38,ped_51,6.36,5.21,1.22
393.0,bike_flow_2.38,ped_52,11.21,5.21,2.15
393.0,bike_flow_2.38,ped_55,9.44,5.21,1.81
393.0,bike_flow_2.38,ped_57,8.7,5.21,1.67
393.0,bike_flow_2.38,ped_58,3.62,5.21,0.69
393.0,bike_flow_2.38,ped_59,7.87,5.21,1.51
394.0,bike_flow_2.36,ped_43,9.37,5.31,1.77
394.0,bike_flow_2.36,ped_53,11.54,5.31,2.17
394.0,bike_flow_2.36,ped_55,11.39,5.31,2.15
394.0,bike_flow_2.36,ped_57,12.28,5.31,2.31
394.0,bike_flow_2.37,ped_42,10.87,4.55,2.39
394.0,bike_flow_2.37,ped_43,12.82,4.55,2.82
394.0,bike_flow_2.37,ped_49,7.69,4.55,1.69
394.0,bike_flow_2.37,ped_51,13.5,4.55,2.97
394.0,bike_flow_2.37,ped_52,7.8,4.55,1.71
394.0,bike_flow_2.37,ped_55,4.97,4.55,1.09
394.0,bike_flow_2.37,ped_57,5.22,4.55,1.15
394.0,bike_flow_2.38,ped_42,6.68,2.85,2.34
394.0,bike_flow_2.38,ped_44,6.84,2.85,2.4
394.0,bike_flow_2.38,ped_51,5.95,2.85,2.09
394.0,bike_flow_2.38,ped_52,7.93,2.85,2.78
394.0,bike_flow_2.38,ped_55,7.61,2.85,2.67
394.0,bike_flow_2.38,ped_57,6.71,2.85,2.35
394.0,bike_flow_2.38,ped_58,4.73,2.85,1.66
394.0,bike_flow_2.39,ped_44,8.31,2.89,2.87
394.0,bike_flow_2.39,ped_58,6.96,2.89,2.41
394.0,bike_flow_2.39,ped_59,3.49,2.89,1.21
395.0,bike_flow_2.36,ped_43,15.48,6.37,2.43
395.0,bike_flow_2.36,ped_53,17.91,6.37,2.81
395.0,bike_flow_2.36,ped_55,14.33,6.37,2.25
395.0,bike_flow_2.36,ped_57,15.16,6.37,2.38
395.0,bike_flow_2.37,ped_43,9.11,3.69,2.47
395.0,bike_flow_2.37,ped_55,6.99,3.69,1.89
395.0,bike_flow_2.37,ped_57,7.27,3.69,1.97
395.0,bike_flow_2.38,ped_42,7.08,4.06,1.74
395.0,bike_flow_2.38,ped_44,10.5,4.06,2.59
395.0,bike_flow_2.38,ped_49,6.57,4.06,1.62
395.0,bike_flow_2.38,ped_51,9.04,4.06,2.23
395.0,bike_flow_2.38,ped_52,5.76,4.06,1.42
395.0,bike_flow_2.38,ped_55,5.04,4.06,1.24
395.0,bike_flow_2.38,ped_57,4.22,4.06,1.04
395.0,bike_flow_2.38,ped_58,7.09,4.06,1.75
395.0,bike_flow_2.38,ped_59,11.24,4.06,2.77
395.0,bike_flow_2.39,ped_44,6.17,2.73,2.26
395.0,bike_flow_2.39,ped_51,7.04,2.73,2.58
395.0,bike_flow_2.39,ped_58,5.67,2.73,2.08
395.0,bike_flow_2.39,ped_59,3.21,2.73,1.18
396.0,bike_flow_2.37,ped_43,7.8,4.39,1.78
396.0,bike_flow_2.37,ped_53,10.6,4.39,2.42
396.0,bike_flow_2.37,ped_55,8.19,4.39,1.87
396.0,bike_flow_2.37,ped_57,8.42,4.39,1.92
396.0,bike_flow_2.38,ped_49,6.85,3.02,2.27
396.0,bike_flow_2.38,ped_52,7.03,3.02,2.33
396.0,bike_flow_2.38,ped_55,3.7,3.02,1.23
396.0,bike_flow_2.38,ped_57,3.07,3.02,1.02
396.0,bike_flow_2.38,ped_58,8.71,3.02,2.89
396.0,bike_flow_2.39,ped_42,6.91,4.54,1.52
396.0,bike_flow_2.39,ped_44,6.74,4.54,1.49
396.0,bike_flow_2.39,ped_49,9.51,4.54,2.1
396.0,bike_flow_2.39,ped_51,6.05,4.54,1.33
396.0,bike_flow_2.39,ped_52,7.93,4.54,1.75
396.0,bike_flow_2.39,ped_55,11.79,4.54,2.6
396.0,bike_flow_2.39,ped_57,11.46,4.54,2.53
396.0,bike_flow_2.39,ped_58,3.48,4.54,0.77
396.0,bike_flow_2.39,ped_59,4.04,4.54,0.89
397.0,bike_flow_2.37,ped_43,11.14,4.06,2.75
397.0,bike_flow_2.37,ped_55,8.76,4.06,2.16
397.0,bike_flow_2.37,ped_57,8.84,4.06,2.18
397.0,bike_flow_2.38,ped_55,3.2,2.72,1.18
397.0,bike_flow_2.38,ped_57,2.58,2.72,0.95
397.0,bike_flow_2.39,ped_42,6.61,3.41,1.94
397.0,bike_flow_2.39,ped_44,9.81,3.41,2.88
397.0,bike_flow_2.39,ped_49,6.9,3.41,2.02
397.0,bike_flow_2.39,ped_51,8.82,3.41,2.58
397.0,bike_flow_2.39,ped_52,5.83,3.41,1.71
397.0,bike_flow_2.39,ped_55,9.39,3.41,2.75
397.0,bike_flow_2.39,ped_57,9.5,3.41,2.78
397.0,bike_flow_2.39,ped_58,3.31,3.41,0.97
397.0,bike_flow_2.39,ped_59,5.41,3.41,1.58
397.0,bike_flow_2.40,ped_42,9.32,5.06,1.84
397.0,bike_flow_2.40,ped_44,5.78,5.06,1.14
397.0,bike_flow_2.40,ped_49,12.71,5.06,2.51
397.0,bike_flow_2.40,ped_51,6.01,5.06,1.19
397.0,bike_flow_2.40,ped_52,10.96,5.06,2.17
397.0,bike_flow_2.40,ped_58,8.21,5.06,1.62
397.0,bike_flow_2.40,ped_59,5.16,5.06,1.02
398.0,bike_flow_2.37,ped_55,11.32,4.79,2.36
398.0,bike_flow_2.37,ped_57,11.48,4.79,2.4
398.0,bike_flow_2.38,ped_43,10.2,3.65,2.8
398.0,bike_flow_2.38,ped_55,3.97,3.65,1.09
398.0,bike_flow_2.38,ped_57,3.04,3.65,0.83
398.0,bike_flow_2.39,ped_49,6.51,2.7,2.41
398.0,bike_flow_2.39,ped_52,6.48,2.7,2.4
398.0,bike_flow_2.39,ped_55,7.78,2.7,2.88
398.0,bike_flow_2.39,ped_58,3.99,2.7,1.48
398.0,bike_flow_2.39,ped_59,6.18,2.7,2.29
398.0,bike_flow_2.40,ped_42,6.96,3.08,2.26
398.0,bike_flow_2.40,ped_44,6.81,3.08,2.21
398.0,bike_flow_2.40,ped_51,6.35,3.08,2.06
398.0,bike_flow_2.40,ped_52,7.67,3.08,2.49
398.0,bike_flow_2.40,ped_58,6.49,3.08,2.11
398.0,bike_flow_2.40,ped_59,4.22,3.08,1.37
399.0,bike_flow_2.37,ped_55,16.13,5.6,2.88
399.0,bike_flow_2.37,ped_57,16.45,5.6,2.94
399.0,bike_flow_2.38,ped_43,8.84,4.42,2.0
399.0,bike_flow_2.38,ped_53,12.62,4.42,2.86
399.0,bike_flow_2.38,ped_55,4.95,4.42,1.12
399.0,bike_flow_2.38,ped_57,4.06,4.42,0.92
399.0,bike_flow_2.39,ped_42,12.56,4.57,2.75
399.0,bike_flow_2.39,ped_49,9.32,4.57,2.04
399.0,bike_flow_2.39,ped_52,10.6,4.57,2.32
399.0,bike_flow_2.39,ped_55,4.57,4.57,1.0
399.0,bike_flow_2.39,ped_57,5.01,4.57,1.1
399.0,bike_flow_2.39,ped_58,6.7,4.57,1.47
399.0,bike_flow_2.39,ped_59,8.64,4.57,1.89
399.0,bike_flow_2.40,ped_42,6.54,3.14,2.08
399.0,bike_flow_2.40,ped_49,6.94,3.14,2.21
399.0,bike_flow_2.40,ped_51,8.95,3.14,2.84
399.0,bike_flow_2.40,ped_52,5.79,3.14,1.84
399.0,bike_flow_2.40,ped_58,4.79,3.14,1.52
399.0,bike_flow_2.40,ped_59,3.51,3.14,1.11
400.0,bike_flow_2.38,ped_43,13.67,5.64,2.42
400.0,bike_flow_2.38,ped_55,7.14,5.64,1.26
400.0,bike_flow_2.38,ped_57,6.05,5.64,1.07
400.0,bike_flow_2.38,ped_58,14.78,5.64,2.62
400.0,bike_flow_2.38,ped_59,16.15,5.64,2.86
400.0,bike_flow_2.39,ped_43,10.77,4.97,2.17
400.0,bike_flow_2.39,ped_49,14.26,4.97,2.87
400.0,bike_flow_2.39,ped_53,13.31,4.97,2.68
400.0,bike_flow_2.39,ped_55,2.68,4.97,0.54
400.0,bike_flow_2.39,ped_57,3.14,4.97,0.63
400.0,bike_flow_2.39,ped_58,10.15,4.97,2.04
400.0,bike_flow_2.39,ped_59,11.54,4.97,2.32
400.0,bike_flow_2.40,ped_42,8.85,3.93,2.25
400.0,bike_flow_2.40,ped_49,6.75,3.93,1.72
400.0,bike_flow_2.40,ped_52,7.41,3.93,1.88
400.0,bike_flow_2.40,ped_55,10.42,3.93,2.65
400.0,bike_flow_2.40,ped_57,11.77,3.93,2.99
400.0,bike_flow_2.40,ped_58,3.29,3.93,0.84
400.0,bike_flow_2.40,ped_59,3.27,3.93,0.83
400.0,bike_flow_2.41,ped_42,8.04,4.8,1.68
400.0,bike_flow_2.41,ped_44,6.06,4.8,1.26
400.0,bike_flow_2.41,ped_49,10.9,4.8,2.27
400.0,bike_flow_2.41,ped_51,5.87,4.8,1.22
400.0,bike_flow_2.41,ped_52,8.55,4.8,1.78
400.0,bike_flow_2.41,ped_58,12.19,4.8,2.54
400.0,bike_flow_2.41,ped_59,10.8,4.8,2.25
401.0,bike_flow_2.38,ped_55,12.88,7.38,1.75
401.0,bike_flow_2.38,ped_57,11.8,7.38,1.6
401.0,bike_flow_2.38,ped_58,17.78,7.38,2.41
401.0,bike_flow_2.38,ped_59,18.37,7.38,2.49
401.0,bike_flow_2.39,ped_43,9.83,4.58,2.15
401.0,bike_flow_2.39,ped_53,12.32,4.58,2.69
401.0,bike_flow_2.39,ped_55,3.51,4.58,0.77
401.0,bike_flow_2.39,ped_57,2.33,4.58,0.51
401.0,bike_flow_2.39,ped_58,12.07,4.58,2.64
401.0,bike_flow_2.39,ped_59,12.9,4.58,2.82
401.0,bike_flow_2.40,ped_42,13.16,4.5,2.93
401.0,bike_flow_2.40,ped_49,9.93,4.5,2.21
401.0,bike_flow_2.40,ped_52,11.94,4.5,2.66
401.0,bike_flow_2.40,ped_55,7.0,4.5,1.56
401.0,bike_flow_2.40,ped_57,8.72,4.5,1.94
401.0,bike_flow_2.40,ped_58,4.08,4.5,0.91
401.0,bike_flow_2.40,ped_59,4.63,4.5,1.03
401.0,bike_flow_2.41,ped_42,6.41,4.38,1.46
401.0,bike_flow_2.41,ped_49,7.3,4.38,1.67
401.0,bike_flow_2.41,ped_51,8.72,4.38,1.99
401.0,bike_flow_2.41,ped_52,5.8,4.38,1.32
401.0,bike_flow_2.41,ped_58,9.15,4.38,2.09
401.0,bike_flow_2.41,ped_59,8.38,4.38,1.91
402.0,bike_flow_2.38,ped_55,19.7,7.93,2.48
402.0,bike_flow_2.38,ped_57,18.06,7.93,2.28
402.0,bike_flow_2.39,ped_43,14.68,5.33,2.75
402.0,bike_flow_2.39,ped_55,5.01,5.33,0.94
402.0,bike_flow_2.39,ped_57,3.38,5.33,0.63
402.0,bike_flow_2.39,ped_58,12.38,5.33,2.32
402.0,bike_flow_2.39,ped_59,13.36,5.33,2.51
402.0,bike_flow_2.40,ped_58,4.19,1.42,2.94
402.0,bike_flow_2.41,ped_42,8.07,3.54,2.28
402.0,bike_flow_2.41,ped_49,6.49,3.54,1.83
402.0,bike_flow_2.41,ped_52,7.13,3.54,2.02
402.0,bike_flow_2.41,ped_58,7.04,3.54,1.99
402.0,bike_flow_2.41,ped_59,6.05,3.54,1.71
402.0,bike_flow_2.42,ped_42,7.58,5.76,1.32
402.0,bike_flow_2.42,ped_49,10.17,5.76,1.77
402.0,bike_flow_2.42,ped_52,7.49,5.76,1.3
402.0,bike_flow_2.42,ped_58,15.6,5.76,2.71
402.0,bike_flow_2.42,ped_59,14.7,5.76,2.55
403.0,bike_flow_2.39,ped_55,10.57,6.93,1.53
403.0,bike_flow_2.39,ped_57,8.16,6.93,1.18
403.0,bike_flow_2.39,ped_58,15.48,6.93,2.24
403.0,bike_flow_2.39,ped_59,16.29,6.93,2.35
403.0,bike_flow_2.40,ped_55,5.34,3.25,1.65
403.0,bike_flow_2.40,ped_57,7.66,3.25,2.36
403.0,bike_flow_2.40,ped_58,5.7,3.25,1.75
403.0,bike_flow_2.40,ped_59,5.8,3.25,1.79
403.0,bike_flow_2.41,ped_58,6.23,2.16,2.89
403.0,bike_flow_2.41,ped_59,5.49,2.16,2.54
403.0,bike_flow_2.42,ped_42,6.45,2.36,2.74
403.0,bike_flow_2.42,ped_52,5.86,2.36,2.49
404.0,bike_flow_2.39,ped_55,18.7,9.17,2.04
404.0,bike_flow_2.39,ped_57,15.77,9.17,1.72
404.0,bike_flow_2.40,ped_55,4.79,3.12,1.53
404.0,bike_flow_2.40,ped_57,7.7,3.12,2.47
404.0,bike_flow_2.40,ped_58,7.0,3.12,2.24
404.0,bike_flow_2.40,ped_59,6.77,3.12,2.17
404.0,bike_flow_2.41,ped_58,4.5,3.34,1.35
404.0,bike_flow_2.41,ped_59,4.1,3.34,1.23
405.0,bike_flow_2.40,ped_43,14.76,5.7,2.59
405.0,bike_flow_2.40,ped_53,13.83,5.7,2.43
405.0,bike_flow_2.40,ped_55,3.33,5.7,0.58
405.0,bike_flow_2.40,ped_57,4.88,5.7,0.86
405.0,bike_flow_2.40,ped_58,8.24,5.7,1.45
405.0,bike_flow_2.40,ped_59,7.81,5.7,1.37
405.0,bike_flow_2.41,ped_53,11.7,4.84,2.42
405.0,bike_flow_2.41,ped_55,7.69,4.84,1.59
405.0,bike_flow_2.41,ped_57,10.79,4.84,2.23
405.0,bike_flow_2.41,ped_58,3.24,4.84,0.67
405.0,bike_flow_2.41,ped_59,2.56,4.84,0.53
405.0,bike_flow_2.42,ped_42,9.25,3.7,2.5
405.0,bike_flow_2.42,ped_49,7.1,3.7,1.92
405.0,bike_flow_2.42,ped_52,9.22,3.7,2.49
406.0,bike_flow_2.40,ped_55,4.39,4.94,0.89
406.0,bike_flow_2.40,ped_57,2.59,4.94,0.53
406.0,bike_flow_2.40,ped_58,9.9,4.94,2.0
406.0,bike_flow_2.40,ped_59,9.66,4.94,1.95
406.0,bike_flow_2.41,ped_53,9.19,3.99,2.3
406.0,bike_flow_2.41,ped_55,7.11,3.99,1.78
406.0,bike_flow_2.41,ped_57,10.58,3.99,2.65
406.0,bike_flow_2.41,ped_58,4.42,3.99,1.11
406.0,bike_flow_2.41,ped_59,3.13,3.99,0.78
406.0,bike_flow_2.42,ped_49,10.72,4.52,2.37
406.0,bike_flow_2.42,ped_55,13.18,4.52,2.91
406.0,bike_flow_2.42,ped_58,7.99,4.52,1.77
406.0,bike_flow_2.42,ped_59,8.87,4.52,1.96
406.0,bike_flow_2.43,ped_42,6.42,3.13,2.05
406.0,bike_flow_2.43,ped_49,7.1,3.13,2.27
406.0,bike_flow_2.43,ped_52,5.9,3.13,1.89
407.0,bike_flow_2.40,ped_55,10.15,7.51,1.35
407.0,bike_flow_2.40,ped_57,6.3,7.51,0.84
407.0,bike_flow_2.40,ped_58,16.59,7.51,2.21
407.0,bike_flow_2.40,ped_59,15.8,7.51,2.1
407.0,bike_flow_2.41,ped_43,15.73,5.8,2.71
407.0,bike_flow_2.41,ped_53,12.95,5.8,2.23
407.0,bike_flow_2.41,ped_55,4.82,5.8,0.83
407.0,bike_flow_2.41,ped_57,7.99,5.8,1.38
407.0,bike_flow_2.41,ped_58,5.89,5.8,1.02
407.0,bike_flow_2.41,ped_59,4.26,5.8,0.73
407.0,bike_flow_2.42,ped_58,6.01,2.96,2.03
407.0,bike_flow_2.42,ped_59,7.66,2.96,2.59
407.0,bike_flow_2.43,ped_42,8.47,4.25,1.99
407.0,bike_flow_2.43,ped_49,6.77,4.25,1.59
408.0,bike_flow_2.40,ped_55,16.92,7.99,2.12
408.0,bike_flow_2.40,ped_57,12.64,7.99,1.58
408.0,bike_flow_2.41,ped_55,3.3,3.95,0.83
408.0,bike_flow_2.41,ped_57,5.64,3.95,1.43
408.0,bike_flow_2.41,ped_58,7.3,3.95,1.85
408.0,bike_flow_2.41,ped_59,5.53,3.95,1.4
408.0,bike_flow_2.42,ped_58,4.75,2.98,1.59
408.0,bike_flow_2.42,ped_59,6.52,2.98,2.19
408.0,bike_flow_2.43,ped_42,12.54,4.37,2.87
408.0,bike_flow_2.43,ped_49,9.91,4.37,2.27
408.0,bike_flow_2.44,ped_42,6.41,5.16,1.24
408.0,bike_flow_2.44,ped_49,6.99,5.16,1.36
409.0,bike_flow_2.41,ped_55,6.15,6.94,0.88
409.0,bike_flow_2.41,ped_57,2.63,6.94,0.38
409.0,bike_flow_2.41,ped_58,12.58,6.94,1.81
409.0,bike_flow_2.41,ped_59,10.18,6.94,1.47
409.0,bike_flow_2.42,ped_53,7.89,3.54,2.23
409.0,bike_flow_2.42,ped_55,10.17,3.54,2.88
409.0,bike_flow_2.42,ped_58,3.45,3.54,0.98
409.0,bike_flow_2.42,ped_59,5.9,3.54,1.67
409.0,bike_flow_2.44,ped_49,6.94,4.42,1.57
410.0,bike_flow_2.41,ped_55,13.48,8.79,1.53
410.0,bike_flow_2.41,ped_57,8.36,8.79,0.95
410.0,bike_flow_2.41,ped_59,17.18,8.79,1.95
410.0,bike_flow_2.42,ped_53,10.22,4.85,2.11
410.0,bike_flow_2.42,ped_55,8.98,4.85,1.85
410.0,bike_flow_2.42,ped_57,13.88,4.85,2.86
410.0,bike_flow_2.42,ped_58,2.35,4.85,0.48
410.0,bike_flow_2.42,ped_59,5.07,4.85,1.05
410.0,bike_flow_2.44,ped_49,10.05,4.18,2.4
410.0,bike_flow_2.45,ped_49,6.62,4.63,1.43
411.0,bike_flow_2.42,ped_55,6.3,4.28,1.47
411.0,bike_flow_2.42,ped_57,11.29,4.28,2.64
411.0,bike_flow_2.42,ped_58,2.75,4.28,0.64
411.0,bike_flow_2.42,ped_59,3.34,4.28,0.78
411.0,bike_flow_2.43,ped_53,6.86,3.73,1.84
411.0,bike_flow_2.43,ped_58,7.83,3.73,2.1
411.0,bike_flow_2.43,ped_59,10.35,3.73,2.77
411.0,bike_flow_2.45,ped_49,6.61,2.42,2.73
412.0,bike_flow_2.42,ped_55,3.53,4.85,0.73
412.0,bike_flow_2.42,ped_57,7.93,4.85,1.63
412.0,bike_flow_2.42,ped_58,5.24,4.85,1.08
412.0,bike_flow_2.42,ped_59,2.73,4.85,0.56
412.0,bike_flow_2.43,ped_53,6.67,4.61,1.45
412.0,bike_flow_2.43,ped_55,12.71,4.61,2.76
412.0,bike_flow_2.43,ped_58,6.69,4.61,1.45
412.0,bike_flow_2.43,ped_59,10.31,4.61,2.24
413.0,bike_flow_2.42,ped_55,4.68,5.83,0.8
413.0,bike_flow_2.42,ped_57,3.96,5.83,0.68
413.0,bike_flow_2.42,ped_58,9.66,5.83,1.66
413.0,bike_flow_2.42,ped_59,5.65,5.83,0.97
413.0,bike_flow_2.43,ped_53,12.08,5.1,2.37
413.0,bike_flow_2.43,ped_55,10.45,5.1,2.05
413.0,bike_flow_2.43,ped_58,4.73,5.1,0.93
413.0,bike_flow_2.43,ped_59,8.72,5.1,1.71
413.0,bike_flow_2.44,ped_53,8.12,3.46,2.35
414.0,bike_flow_2.42,ped_55,9.26,6.35,1.46
414.0,bike_flow_2.42,ped_57,3.3,6.35,0.52
414.0,bike_flow_2.42,ped_58,14.66,6.35,2.31
414.0,bike_flow_2.42,ped_59,10.18,6.35,1.6
414.0,bike_flow_2.43,ped_55,6.65,5.28,1.26
414.0,bike_flow_2.43,ped_57,12.7,5.28,2.41
414.0,bike_flow_2.43,ped_58,2.56,5.28,0.49
414.0,bike_flow_2.43,ped_59,5.32,5.28,1.01
414.0,bike_flow_2.44,ped_53,6.43,4.49,1.43
414.0,bike_flow_2.44,ped_58,10.3,4.49,2.3
415.0,bike_flow_2.43,ped_55,3.25,7.36,0.44
415.0,bike_flow_2.43,ped_57,6.9,7.36,0.94
415.0,bike_flow_2.43,ped_58,6.66,7.36,0.91
415.0,bike_flow_2.43,ped_59,2.73,7.36,0.37
415.0,bike_flow_2.44,ped_53,10.68,5.98,1.78
415.0,bike_flow_2.44,ped_55,14.68,5.98,2.45
415.0,bike_flow_2.44,ped_58,9.04,5.98,1.51
415.0,bike_flow_2.44,ped_59,14.21,5.98,2.37
415.0,bike_flow_2.45,ped_53,7.52,4.98,1.51
415.0,bike_flow_2.45,ped_58,14.44,4.98,2.9
416.0,bike_flow_2.43,ped_55,8.75,8.61,1.02
416.0,bike_flow_2.43,ped_57,2.76,8.61,0.32
416.0,bike_flow_2.43,ped_58,13.94,8.61,1.62
416.0,bike_flow_2.43,ped_59,8.24,8.61,0.96
416.0,bike_flow_2.44,ped_53,17.13,6.54,2.62
416.0,bike_flow_2.44,ped_55,9.88,6.54,1.51
416.0,bike_flow_2.44,ped_57,16.65,6.54,2.54
416.0,bike_flow_2.44,ped_58,4.57,6.54,0.7
416.0,bike_flow_2.44,ped_59,9.98,6.54,1.53
416.0,bike_flow_2.45,ped_53,6.4,2.91,2.2
416.0,bike_flow_2.46,ped_53,10.51,5.69,1.85
417.0,bike_flow_2.44,ped_55,3.4,9.11,0.37
417.0,bike_flow_2.44,ped_57,8.93,9.11,0.98
417.0,bike_flow_2.44,ped_58,4.95,9.11,0.54
417.0,bike_flow_2.44,ped_59,3.47,9.11,0.38
417.0,bike_flow_2.45,ped_53,8.46,4.36,1.94
417.0,bike_flow_2.45,ped_58,12.8,4.36,2.94
418.0,bike_flow_2.44,ped_55,6.76,8.13,0.83
418.0,bike_flow_2.44,ped_57,3.08,8.13,0.38
418.0,bike_flow_2.44,ped_58,11.49,8.13,1.41
418.0,bike_flow_2.44,ped_59,4.88,8.13,0.6
418.0,bike_flow_2.45,ped_53,14.42,5.57,2.59
418.0,bike_flow_2.45,ped_55,16.58,5.57,2.98
418.0,bike_flow_2.45,ped_58,11.3,5.57,2.03
418.0,bike_flow_2.46,ped_53,6.4,4.34,1.48
419.0,bike_flow_2.45,ped_58,8.34,4.44,1.88
419.0,bike_flow_2.46,ped_53,8.2,3.93,2.09
419.0,bike_flow_2.47,ped_53,8.94,3.73,2.39
420.0,bike_flow_2.45,ped_55,8.27,6.49,1.27
420.0,bike_flow_2.45,ped_58,3.7,6.49,0.57
420.0,bike_flow_2.45,ped_59,10.99,6.49,1.69
420.0,bike_flow_2.46,ped_53,13.81,5.66,2.44
420.0,bike_flow_2.46,ped_58,15.23,5.66,2.69
420.0,bike_flow_2.47,ped_53,6.4,5.27,1.22
421.0,bike_flow_2.45,ped_55,3.27,9.28,0.35
421.0,bike_flow_2.45,ped_58,5.92,9.28,0.64
421.0,bike_flow_2.45,ped_59,3.95,9.28,0.43
421.0,bike_flow_2.46,ped_58,13.14,4.41,2.98
421.0,bike_flow_2.47,ped_53,8.59,4.45,1.93
421.0,bike_flow_2.48,ped_53,7.97,4.09,1.95
422.0,bike_flow_2.47,ped_53,14.12,5.6,2.52
422.0,bike_flow_2.48,ped_53,6.48,4.61,1.41
422.0,bike_flow_2.49,ped_53,10.93,5.23,2.09
423.0,bike_flow_2.46,ped_55,10.93,5.81,1.88
423.0,bike_flow_2.46,ped_58,6.79,5.81,1.17
423.0,bike_flow_2.46,ped_62,13.67,5.81,2.35
423.0,bike_flow_2.48,ped_53,8.76,3.99,2.19
423.0,bike_flow_2.49,ped_53,7.99,3.1,2.58
424.0,bike_flow_2.46,ped_55,4.84,7.82,0.62
424.0,bike_flow_2.46,ped_58,2.6,7.82,0.33
424.0,bike_flow_2.46,ped_62,7.05,7.82,0.9
424.0,bike_flow_2.47,ped_58,13.6,5.1,2.67
424.0,bike_flow_2.49,ped_53,6.4,3.85,1.66
425.0,bike_flow_2.47,ped_55,13.23,5.57,2.38
425.0,bike_flow_2.47,ped_58,9.38,5.57,1.68
425.0,bike_flow_2.47,ped_62,11.91,5.57,2.14
425.0,bike_flow_2.49,ped_53,8.45,4.29,1.97
425.0,bike_flow_2.50,ped_53,7.71,5.33,1.45
426.0,bike_flow_2.47,ped_55,7.89,6.58,1.2
426.0,bike_flow_2.47,ped_58,4.36,6.58,0.66
426.0,bike_flow_2.47,ped_62,6.73,6.58,1.02
426.0,bike_flow_2.50,ped_53,6.41,3.63,1.77
427.0,bike_flow_2.48,ped_58,16.13,5.97,2.7
427.0,bike_flow_2.48,ped_62,13.88,5.97,2.32
427.0,bike_flow_2.51,ped_53,7.97,4.63,1.72
428.0,bike_flow_2.48,ped_58,9.59,7.87,1.22
428.0,bike_flow_2.48,ped_62,7.18,7.87,0.91
429.0,bike_flow_2.48,ped_58,3.08,8.69,0.35
429.0,bike_flow_2.48,ped_62,9.27,8.69,1.07
429.0,bike_flow_2.49,ped_62,17.02,5.88,2.89
429.0,bike_flow_2.51,ped_53,6.76,2.79,2.43
430.0,bike_flow_2.49,ped_62,11.51,4.9,2.35
430.0,bike_flow_2.52,ped_53,7.01,3.15,2.22
430.0,bike_flow_2.52,ped_63,3.21,3.15,1.02
431.0,bike_flow_2.49,ped_62,6.57,6.97,0.94
431.0,bike_flow_2.51,ped_63,11.62,4.02,2.89
431.0,bike_flow_2.52,ped_63,3.21,1.65,1.94
432.0,bike_flow_2.49,ped_62,10.18,8.15,1.25
432.0,bike_flow_2.52,ped_53,8.22,4.23,1.94
432.0,bike_flow_2.52,ped_63,4.6,4.23,1.09
433.0,bike_flow_2.50,ped_62,9.69,3.69,2.63
433.0,bike_flow_2.52,ped_63,6.46,3.51,1.84
434.0,bike_flow_2.50,ped_62,6.4,6.26,1.02
434.0,bike_flow_2.51,ped_62,13.5,5.75,2.35
434.0,bike_flow_2.52,ped_63,8.55,3.36,2.54
434.0,bike_flow_2.53,ped_63,6.02,2.58,2.33
435.0,bike_flow_2.50,ped_62,10.61,7.07,1.5
435.0,bike_flow_2.51,ped_62,7.69,5.88,1.31
435.0,bike_flow_2.52,ped_63,12.17,4.98,2.44
435.0,bike_flow_2.53,ped_63,3.4,5.11,0.66
436.0,bike_flow_2.50,ped_62,18.83,8.01,2.35
436.0,bike_flow_2.51,ped_62,6.9,5.59,1.23
436.0,bike_flow_2.52,ped_62,14.33,5.66,2.53
436.0,bike_flow_2.52,ped_63,16.66,5.66,2.94
436.0,bike_flow_2.53,ped_63,4.51,5.33,0.85
437.0,bike_flow_2.51,ped_62,11.8,6.1,1.93
437.0,bike_flow_2.52,ped_62,9.32,4.48,2.08
437.0,bike_flow_2.53,ped_63,7.62,4.98,1.53
437.0,bike_flow_2.54,ped_63,7.24,5.17,1.4
438.0,bike_flow_2.51,ped_62,19.12,6.76,2.83
438.0,bike_flow_2.52,ped_62,6.52,6.07,1.08
438.0,bike_flow_2.53,ped_63,10.3,4.07,2.53
438.0,bike_flow_2.54,ped_63,4.42,4.63,0.96
439.0,bike_flow_2.52,ped_62,11.52,6.95,1.66
439.0,bike_flow_2.53,ped_62,10.75,5.56,1.93
439.0,bike_flow_2.53,ped_63,14.46,5.56,2.6
439.0,bike_flow_2.54,ped_63,3.28,4.85,0.68
439.0,bike_flow_2.55,ped_63,10.72,6.45,1.66
440.0,bike_flow_2.52,ped_62,19.36,7.48,2.59
440.0,bike_flow_2.53,ped_62,6.34,4.46,1.42
440.0,bike_flow_2.54,ped_62,16.25,6.83,2.38
440.0,bike_flow_2.54,ped_63,7.24,6.83,1.06
440.0,bike_flow_2.55,ped_63,7.85,4.12,1.91
441.0,bike_flow_2.53,ped_62,8.92,6.0,1.49
441.0,bike_flow_2.53,ped_63,16.43,6.0,2.74
441.0,bike_flow_2.54,ped_62,10.88,5.22,2.08
441.0,bike_flow_2.54,ped_63,11.12,5.22,2.13
441.0,bike_flow_2.55,ped_63,3.91,5.92,0.66
442.0,bike_flow_2.53,ped_62,17.44,8.46,2.06
442.0,bike_flow_2.54,ped_62,7.2,4.04,1.78
442.0,bike_flow_2.55,ped_63,3.52,4.75,0.74
443.0,bike_flow_2.54,ped_62,9.13,5.42,1.68
443.0,bike_flow_2.54,ped_63,13.64,5.42,2.51
443.0,bike_flow_2.55,ped_63,6.03,4.66,1.29
444.0,bike_flow_2.54,ped_62,17.15,8.13,2.11
444.0,bike_flow_2.54,ped_63,16.99,8.13,2.09
444.0,bike_flow_2.55,ped_62,9.62,4.77,2.02
444.0,bike_flow_2.55,ped_63,9.1,4.77,1.91
445.0,bike_flow_2.55,ped_62,9.46,5.95,1.59
445.0,bike_flow_2.55,ped_63,10.82,5.95,1.82
446.0,bike_flow_2.55,ped_62,16.56,7.13,2.32
446.0,bike_flow_2.55,ped_63,13.13,7.13,1.84
